{
  "run_id": 58,
  "parameters": {
    "shock_interval_years": 10,
    "homophily_bias": 0.0,
    "num_groups": 1,
    "out_group_trust_bias": 1.1085493022438806,
    "out_group_penalty": 1.311518907885669,
    "intervention_interval": 0,
    "intervention_scale": 0.08771514571283222,
    "event_bonus": 1.9313555904278163,
    "base_trust_delta": 0.1953834324051087,
    "group_trust_bias": 1.4236935080731972,
    "resilience_profile": {
      "threshold": 0.14737661841302596,
      "noise": 0.12262170199580869
    },
    "turnover_rate": 0.02830164921033216,
    "social_diffusion": 0.0917682954852364,
    "max_rounds": 300,
    "initial_population": 200,
    "max_population": 800,
    "maslow_variation": 0.5,
    "constraint_threshold_range": [
      0.2,
      0.8
    ],
    "recovery_threshold": 0.15,
    "cooperation_bonus": 0.2,
    "trust_threshold": 0.6,
    "max_relationships_per_person": 150
  },
  "outcomes": {
    "final_cooperation_rate": 0.9383259911894273,
    "behavioral_cooperation_rate": 0.6946399297158746,
    "final_constrained_rate": 0.06167400881057269,
    "final_population": 454,
    "extinction_occurred": false,
    "rounds_completed": 300,
    "first_cascade_round": null,
    "total_cascade_events": 0,
    "total_shock_events": 9,
    "total_defections": 78341,
    "total_redemptions": 256,
    "net_strategy_change": 78085,
    "total_births": 496,
    "total_deaths": 242,
    "max_population_reached": 572,
    "population_stability": 0.005737149423094844,
    "population_growth": 2.86,
    "avg_system_stress": 1.3044411515340597,
    "max_system_stress": 3.6117793219234273,
    "avg_maslow_pressure": 0.03868244345990784,
    "avg_basic_needs_crisis_rate": 0.1828193832599119,
    "avg_trust_level": 0.750709343711685,
    "cooperation_benefit_total": 0,
    "cooperation_resilience": 0.9383259911894273
  },
  "maslow_hierarchy": {
    "initial_needs_avg": {
      "physiological": 5.555993318022891,
      "safety": 6.060461803976735,
      "love": 9.728264572942928,
      "esteem": 4.590744711858777,
      "self_actualization": 5.536161231828411
    },
    "final_needs_avg": {
      "physiological": 5.555993318022891,
      "safety": 6.060461803976735,
      "love": 9.728264572942928,
      "esteem": 4.590744711858777,
      "self_actualization": 5.536161231828411
    },
    "needs_improvement": {
      "physiological": 0.0,
      "safety": 0.0,
      "love": 0.0,
      "esteem": 0.0,
      "self_actualization": 0.0
    }
  },
  "inter_group_metrics": {
    "final_group_populations": {
      "A": 454
    },
    "final_group_cooperation_rates": {
      "A": 0.9383259911894273
    },
    "in_group_interaction_rate": 1.0,
    "out_group_interaction_rate": 0.0,
    "avg_in_group_trust": 0.750709343711685,
    "avg_out_group_trust": 0.750709343711685,
    "trust_asymmetry": 0.0,
    "group_segregation_index": 1.0,
    "total_mixing_events": 0,
    "mixing_event_success_rate": 0,
    "reputational_spillover_events": 0,
    "out_group_constraint_amplifications": 0,
    "group_extinction_events": 0
  },
  "interaction_metrics": {
    "total_interactions": 220818,
    "avg_interaction_processing_time": 0.0
  }
}