{
  "run_id": 46,
  "parameters": {
    "shock_interval_years": 20,
    "homophily_bias": 0.2511172814779227,
    "num_groups": 2,
    "out_group_trust_bias": 1.031954727909512,
    "out_group_penalty": 1.2552690555154171,
    "intervention_interval": 10,
    "intervention_scale": 0.21661997477976463,
    "event_bonus": 2.365632568720804,
    "base_trust_delta": 0.061195752551156266,
    "group_trust_bias": 1.7670780503460768,
    "resilience_profile": {
      "threshold": 0.39609090356490395,
      "noise": 0.0971329836712018
    },
    "turnover_rate": 0.034880211150623563,
    "social_diffusion": 0.002497824392871284,
    "max_rounds": 300,
    "initial_population": 200,
    "max_population": 800,
    "maslow_variation": 0.5,
    "constraint_threshold_range": [
      0.2,
      0.8
    ],
    "recovery_threshold": 0.15,
    "cooperation_bonus": 0.2,
    "trust_threshold": 0.6,
    "max_relationships_per_person": 150
  },
  "outcomes": {
    "final_cooperation_rate": 0.9981132075471698,
    "behavioral_cooperation_rate": 0.6907749965616834,
    "final_constrained_rate": 0.0018867924528301887,
    "final_population": 530,
    "extinction_occurred": false,
    "rounds_completed": 300,
    "first_cascade_round": null,
    "total_cascade_events": 0,
    "total_shock_events": 6,
    "total_defections": 82173,
    "total_redemptions": 193,
    "net_strategy_change": 81980,
    "total_births": 581,
    "total_deaths": 249,
    "max_population_reached": 610,
    "population_stability": 0.008781179458074636,
    "population_growth": 3.05,
    "avg_system_stress": 0.23187245175366342,
    "max_system_stress": 0.7182921773982119,
    "avg_maslow_pressure": 0.02305937297486832,
    "avg_basic_needs_crisis_rate": 0.2339622641509434,
    "avg_trust_level": 0.7545906061900147,
    "cooperation_benefit_total": 0,
    "cooperation_resilience": 0.9981132075471698
  },
  "maslow_hierarchy": {
    "initial_needs_avg": {
      "physiological": 5.837507998302437,
      "safety": 5.678341268269094,
      "love": 9.980778335659107,
      "esteem": 6.611761308311,
      "self_actualization": 6.018744450157453
    },
    "final_needs_avg": {
      "physiological": 5.837507998302437,
      "safety": 5.678341268269094,
      "love": 9.980778335659107,
      "esteem": 6.611761308311,
      "self_actualization": 6.018744450157453
    },
    "needs_improvement": {
      "physiological": 0.0,
      "safety": 0.0,
      "love": 0.0,
      "esteem": 0.0,
      "self_actualization": 0.0
    }
  },
  "inter_group_metrics": {
    "final_group_populations": {
      "B": 275,
      "A": 255
    },
    "final_group_cooperation_rates": {
      "B": 1.0,
      "A": 0.996078431372549
    },
    "in_group_interaction_rate": 0.6249699147297483,
    "out_group_interaction_rate": 0.37503008527025167,
    "avg_in_group_trust": 0.7341729899252256,
    "avg_out_group_trust": 0.7750082224548037,
    "trust_asymmetry": -0.0408352325295781,
    "group_segregation_index": 0.6249699147297483,
    "total_mixing_events": 30,
    "mixing_event_success_rate": 1.0,
    "reputational_spillover_events": 0,
    "out_group_constraint_amplifications": 0,
    "group_extinction_events": 0
  },
  "interaction_metrics": {
    "total_interactions": 232672,
    "avg_interaction_processing_time": 0.0
  }
}