{
  "run_id": 67,
  "parameters": {
    "shock_interval_years": 10,
    "homophily_bias": 0.4003504650931362,
    "num_groups": 3,
    "out_group_trust_bias": 0.82365355241359,
    "out_group_penalty": 1.1723137872148843,
    "intervention_interval": 10,
    "intervention_scale": 0.10572757244317978,
    "event_bonus": 2.2302482371864887,
    "base_trust_delta": 0.05700262922355229,
    "group_trust_bias": 1.5345041089299418,
    "resilience_profile": {
      "threshold": 0.3927538870696936,
      "noise": 0.11355405988965211
    },
    "turnover_rate": 0.024338209002678742,
    "social_diffusion": 0.06323543681492895,
    "max_rounds": 300,
    "initial_population": 200,
    "max_population": 800,
    "maslow_variation": 0.5,
    "constraint_threshold_range": [
      0.2,
      0.8
    ],
    "recovery_threshold": 0.15,
    "cooperation_bonus": 0.2,
    "trust_threshold": 0.6,
    "max_relationships_per_person": 150
  },
  "outcomes": {
    "final_cooperation_rate": 0.9057142857142857,
    "behavioral_cooperation_rate": 0.6983237016341995,
    "final_constrained_rate": 0.09428571428571429,
    "final_population": 350,
    "extinction_occurred": false,
    "rounds_completed": 300,
    "first_cascade_round": null,
    "total_cascade_events": 0,
    "total_shock_events": 10,
    "total_defections": 73478,
    "total_redemptions": 308,
    "net_strategy_change": 73170,
    "total_births": 405,
    "total_deaths": 254,
    "max_population_reached": 526,
    "population_stability": 0.019904525621887343,
    "population_growth": 2.63,
    "avg_system_stress": 0.3593623540538882,
    "max_system_stress": 2.43072097224779,
    "avg_maslow_pressure": 0.04011805298532639,
    "avg_basic_needs_crisis_rate": 0.24,
    "avg_trust_level": 0.6646714681683138,
    "cooperation_benefit_total": 0,
    "cooperation_resilience": 0.9057142857142857
  },
  "maslow_hierarchy": {
    "initial_needs_avg": {
      "physiological": 5.7191023295594645,
      "safety": 5.684027146764548,
      "love": 9.279078747956648,
      "esteem": 5.216090423023552,
      "self_actualization": 5.656203687085958
    },
    "final_needs_avg": {
      "physiological": 5.7191023295594645,
      "safety": 5.684027146764548,
      "love": 9.279078747956648,
      "esteem": 5.216090423023552,
      "self_actualization": 5.656203687085958
    },
    "needs_improvement": {
      "physiological": 0.0,
      "safety": 0.0,
      "love": 0.0,
      "esteem": 0.0,
      "self_actualization": 0.0
    }
  },
  "inter_group_metrics": {
    "final_group_populations": {
      "B": 114,
      "C": 136,
      "A": 100
    },
    "final_group_cooperation_rates": {
      "B": 0.9210526315789473,
      "C": 0.9191176470588235,
      "A": 0.87
    },
    "in_group_interaction_rate": 0.6004391672088484,
    "out_group_interaction_rate": 0.3995608327911516,
    "avg_in_group_trust": 0.6724629408997338,
    "avg_out_group_trust": 0.6568799954368938,
    "trust_asymmetry": 0.015582945462840003,
    "group_segregation_index": 0.6004391672088484,
    "total_mixing_events": 30,
    "mixing_event_success_rate": 1.0,
    "reputational_spillover_events": 0,
    "out_group_constraint_amplifications": 0,
    "group_extinction_events": 0
  },
  "interaction_metrics": {
    "total_interactions": 209032,
    "avg_interaction_processing_time": 0.0
  }
}