{
  "run_id": 24,
  "parameters": {
    "shock_interval_years": 5,
    "homophily_bias": 0.487832802615059,
    "num_groups": 2,
    "out_group_trust_bias": 0.8846226011647224,
    "out_group_penalty": 1.2772181553042072,
    "intervention_interval": 25,
    "intervention_scale": 0.09379953777533144,
    "event_bonus": 2.2751617918283022,
    "base_trust_delta": 0.10346432708845746,
    "group_trust_bias": 1.2862294096703586,
    "resilience_profile": {
      "threshold": 0.3678359468059843,
      "noise": 0.11689772686246838
    },
    "turnover_rate": 0.031212606377174674,
    "social_diffusion": 0.023898671170837205,
    "max_rounds": 300,
    "initial_population": 200,
    "max_population": 800,
    "maslow_variation": 0.5,
    "constraint_threshold_range": [
      0.2,
      0.8
    ],
    "recovery_threshold": 0.15,
    "cooperation_bonus": 0.2,
    "trust_threshold": 0.6,
    "max_relationships_per_person": 150
  },
  "outcomes": {
    "final_cooperation_rate": 0.9777327935222672,
    "behavioral_cooperation_rate": 0.5379240926046539,
    "final_constrained_rate": 0.022267206477732792,
    "final_population": 494,
    "extinction_occurred": false,
    "rounds_completed": 300,
    "first_cascade_round": null,
    "total_cascade_events": 0,
    "total_shock_events": 19,
    "total_defections": 140269,
    "total_redemptions": 1710,
    "net_strategy_change": 138559,
    "total_births": 551,
    "total_deaths": 253,
    "max_population_reached": 618,
    "population_stability": 0.0053396056881563625,
    "population_growth": 3.09,
    "avg_system_stress": 3.018345109619905,
    "max_system_stress": 6.01106959425568,
    "avg_maslow_pressure": 0.05352790931113996,
    "avg_basic_needs_crisis_rate": 0.21052631578947367,
    "avg_trust_level": 0.5796942781816592,
    "cooperation_benefit_total": 0,
    "cooperation_resilience": 0.9777327935222672
  },
  "maslow_hierarchy": {
    "initial_needs_avg": {
      "physiological": 6.013305579555017,
      "safety": 5.354475007391513,
      "love": 9.583648242761711,
      "esteem": 3.4325630849486846,
      "self_actualization": 5.663803222011791
    },
    "final_needs_avg": {
      "physiological": 6.013305579555017,
      "safety": 5.354475007391513,
      "love": 9.583648242761711,
      "esteem": 3.4325630849486846,
      "self_actualization": 5.663803222011791
    },
    "needs_improvement": {
      "physiological": 0.0,
      "safety": 0.0,
      "love": 0.0,
      "esteem": 0.0,
      "self_actualization": 0.0
    }
  },
  "inter_group_metrics": {
    "final_group_populations": {
      "B": 281,
      "A": 213
    },
    "final_group_cooperation_rates": {
      "B": 0.9893238434163701,
      "A": 0.9624413145539906
    },
    "in_group_interaction_rate": 0.7418607208411223,
    "out_group_interaction_rate": 0.2581392791588777,
    "avg_in_group_trust": 0.6388526261837613,
    "avg_out_group_trust": 0.5205359301795571,
    "trust_asymmetry": 0.11831669600420414,
    "group_segregation_index": 0.7418607208411223,
    "total_mixing_events": 12,
    "mixing_event_success_rate": 1.0,
    "reputational_spillover_events": 0,
    "out_group_constraint_amplifications": 0,
    "group_extinction_events": 0
  },
  "interaction_metrics": {
    "total_interactions": 236446,
    "avg_interaction_processing_time": 0.0
  }
}