{
  "run_id": 96,
  "parameters": {
    "shock_interval_years": 2,
    "homophily_bias": 0.1437851359817043,
    "num_groups": 3,
    "out_group_trust_bias": 1.1700445738959184,
    "out_group_penalty": 1.2437863270539817,
    "intervention_interval": 25,
    "intervention_scale": 0.14330036410401592,
    "event_bonus": 2.193457523801704,
    "base_trust_delta": 0.1327982148442934,
    "group_trust_bias": 1.698793738524276,
    "resilience_profile": {
      "threshold": 0.1971132532337253,
      "noise": 0.11733782243128699
    },
    "turnover_rate": 0.021100353508089895,
    "social_diffusion": 0.04547061793601921,
    "max_rounds": 300,
    "initial_population": 200,
    "max_population": 800,
    "maslow_variation": 0.5,
    "constraint_threshold_range": [
      0.2,
      0.8
    ],
    "recovery_threshold": 0.15,
    "cooperation_bonus": 0.2,
    "trust_threshold": 0.6,
    "max_relationships_per_person": 150
  },
  "outcomes": {
    "final_cooperation_rate": 0.35377358490566035,
    "behavioral_cooperation_rate": 0.2467554806871026,
    "final_constrained_rate": 0.6462264150943396,
    "final_population": 212,
    "extinction_occurred": false,
    "rounds_completed": 300,
    "first_cascade_round": null,
    "total_cascade_events": 0,
    "total_shock_events": 41,
    "total_defections": 185936,
    "total_redemptions": 2193,
    "net_strategy_change": 183743,
    "total_births": 247,
    "total_deaths": 234,
    "max_population_reached": 402,
    "population_stability": 0.025833719507254483,
    "population_growth": 2.01,
    "avg_system_stress": 7.764760568354612,
    "max_system_stress": 16.973201063814404,
    "avg_maslow_pressure": 0.12394703114369653,
    "avg_basic_needs_crisis_rate": 0.27358490566037735,
    "avg_trust_level": 0.4202896925013614,
    "cooperation_benefit_total": 0,
    "cooperation_resilience": 0.35377358490566035
  },
  "maslow_hierarchy": {
    "initial_needs_avg": {
      "physiological": 5.69161592186991,
      "safety": 5.280674489033066,
      "love": 6.547356872643971,
      "esteem": 0.7941325167626869,
      "self_actualization": 5.108155828017876
    },
    "final_needs_avg": {
      "physiological": 5.69161592186991,
      "safety": 5.280674489033066,
      "love": 6.547356872643971,
      "esteem": 0.7941325167626869,
      "self_actualization": 5.108155828017876
    },
    "needs_improvement": {
      "physiological": 0.0,
      "safety": 0.0,
      "love": 0.0,
      "esteem": 0.0,
      "self_actualization": 0.0
    }
  },
  "inter_group_metrics": {
    "final_group_populations": {
      "C": 67,
      "A": 65,
      "B": 80
    },
    "final_group_cooperation_rates": {
      "C": 0.4626865671641791,
      "A": 0.3076923076923077,
      "B": 0.3
    },
    "in_group_interaction_rate": 0.4287451361867704,
    "out_group_interaction_rate": 0.5712548638132295,
    "avg_in_group_trust": 0.44425645755688326,
    "avg_out_group_trust": 0.39632292744583947,
    "trust_asymmetry": 0.04793353011104379,
    "group_segregation_index": 0.4287451361867704,
    "total_mixing_events": 12,
    "mixing_event_success_rate": 1.0,
    "reputational_spillover_events": 0,
    "out_group_constraint_amplifications": 0,
    "group_extinction_events": 0
  },
  "interaction_metrics": {
    "total_interactions": 168592,
    "avg_interaction_processing_time": 0.0
  }
}