{
  "run_id": 403,
  "parameters": {
    "shock_interval_years": 10,
    "homophily_bias": 0.12042402733268416,
    "num_groups": 2,
    "out_group_trust_bias": 1.120233028842793,
    "out_group_penalty": 1.495867484016633,
    "intervention_interval": 10,
    "intervention_scale": 0.20454118237313518,
    "event_bonus": 2.1081058983500145,
    "base_trust_delta": 0.06134782133253235,
    "group_trust_bias": 1.9468775368318527,
    "resilience_profile": {
      "threshold": 0.16936025367284824,
      "noise": 0.054300639337281395
    },
    "turnover_rate": 0.03585884983316612,
    "social_diffusion": 0.040857797022355195,
    "max_rounds": 300,
    "initial_population": 200,
    "max_population": 800,
    "maslow_variation": 0.5,
    "constraint_threshold_range": [
      0.2,
      0.8
    ],
    "recovery_threshold": 0.15,
    "cooperation_bonus": 0.2,
    "trust_threshold": 0.6,
    "max_relationships_per_person": 150
  },
  "outcomes": {
    "final_cooperation_rate": 0.4534005037783375,
    "behavioral_cooperation_rate": 0.09873930875658093,
    "final_constrained_rate": 0.5465994962216625,
    "final_population": 794,
    "extinction_occurred": false,
    "rounds_completed": 300,
    "first_cascade_round": null,
    "total_cascade_events": 0,
    "total_shock_events": 8,
    "total_defections": 482360,
    "total_redemptions": 2430,
    "net_strategy_change": 479930,
    "total_births": 895,
    "total_deaths": 297,
    "max_population_reached": 800,
    "population_stability": 0.0023616530910851715,
    "population_growth": 4.0,
    "avg_system_stress": 0.6394854488122292,
    "max_system_stress": 1.521893292970101,
    "avg_maslow_pressure": 0.11654981114719962,
    "avg_basic_needs_crisis_rate": 0.23551637279596976,
    "avg_trust_level": 0.450311021048984,
    "cooperation_benefit_total": 0,
    "cooperation_resilience": 0.4534005037783375
  },
  "maslow_hierarchy": {
    "initial_needs_avg": {
      "physiological": 5.637406941309433,
      "safety": 5.184234714995894,
      "love": 5.804299378237212,
      "esteem": 2.7844672160603037,
      "self_actualization": 4.957116101603714
    },
    "final_needs_avg": {
      "physiological": 5.637406941309433,
      "safety": 5.184234714995894,
      "love": 5.804299378237212,
      "esteem": 2.7844672160603037,
      "self_actualization": 4.957116101603714
    },
    "needs_improvement": {
      "physiological": 0.0,
      "safety": 0.0,
      "love": 0.0,
      "esteem": 0.0,
      "self_actualization": 0.0
    }
  },
  "inter_group_metrics": {
    "final_group_populations": {
      "A": 425,
      "B": 369
    },
    "final_group_cooperation_rates": {
      "A": 0.4611764705882353,
      "B": 0.4444444444444444
    },
    "in_group_interaction_rate": 0.5927830768226308,
    "out_group_interaction_rate": 0.4072169231773693,
    "avg_in_group_trust": 0.40510040959558735,
    "avg_out_group_trust": 0.4955216325023807,
    "trust_asymmetry": -0.09042122290679333,
    "group_segregation_index": 0.5927830768226308,
    "total_mixing_events": 30,
    "mixing_event_success_rate": 1.0,
    "reputational_spillover_events": 0,
    "out_group_constraint_amplifications": 0,
    "group_extinction_events": 0
  },
  "interaction_metrics": {
    "total_interactions": 336958,
    "avg_interaction_processing_time": 0.0
  }
}