{
  "run_id": 205,
  "parameters": {
    "shock_interval_years": 2,
    "homophily_bias": 0.7256851135924066,
    "num_groups": 3,
    "out_group_trust_bias": 1.0322316741505948,
    "out_group_penalty": 1.1731070099706125,
    "intervention_interval": 25,
    "intervention_scale": 0.12052477928495188,
    "event_bonus": 2.2567925673584295,
    "base_trust_delta": 0.05282821679435348,
    "group_trust_bias": 1.6847495252313278,
    "resilience_profile": {
      "threshold": 0.25928640809467973,
      "noise": 0.14723596429921365
    },
    "turnover_rate": 0.03385458835502625,
    "social_diffusion": 0.003109965714009533,
    "max_rounds": 300,
    "initial_population": 200,
    "max_population": 800,
    "maslow_variation": 0.5,
    "constraint_threshold_range": [
      0.2,
      0.8
    ],
    "recovery_threshold": 0.15,
    "cooperation_bonus": 0.2,
    "trust_threshold": 0.6,
    "max_relationships_per_person": 150
  },
  "outcomes": {
    "final_cooperation_rate": 0.4734848484848485,
    "behavioral_cooperation_rate": 0.07303096159395964,
    "final_constrained_rate": 0.5265151515151515,
    "final_population": 792,
    "extinction_occurred": false,
    "rounds_completed": 300,
    "first_cascade_round": null,
    "total_cascade_events": 0,
    "total_shock_events": 59,
    "total_defections": 537069,
    "total_redemptions": 4858,
    "net_strategy_change": 532211,
    "total_births": 892,
    "total_deaths": 295,
    "max_population_reached": 800,
    "population_stability": 0.016619993817329697,
    "population_growth": 4.0,
    "avg_system_stress": 15.687538699170855,
    "max_system_stress": 28.28737133076687,
    "avg_maslow_pressure": 0.177772813110072,
    "avg_basic_needs_crisis_rate": 0.2828282828282828,
    "avg_trust_level": 0.398935021573446,
    "cooperation_benefit_total": 0,
    "cooperation_resilience": 0.4734848484848485
  },
  "maslow_hierarchy": {
    "initial_needs_avg": {
      "physiological": 5.007572586748054,
      "safety": 5.230412654036689,
      "love": 3.445784867515527,
      "esteem": 0.41832473809657045,
      "self_actualization": 5.277643845696092
    },
    "final_needs_avg": {
      "physiological": 5.007572586748054,
      "safety": 5.230412654036689,
      "love": 3.445784867515527,
      "esteem": 0.41832473809657045,
      "self_actualization": 5.277643845696092
    },
    "needs_improvement": {
      "physiological": 0.0,
      "safety": 0.0,
      "love": 0.0,
      "esteem": 0.0,
      "self_actualization": 0.0
    }
  },
  "inter_group_metrics": {
    "final_group_populations": {
      "C": 254,
      "A": 296,
      "B": 242
    },
    "final_group_cooperation_rates": {
      "C": 0.4921259842519685,
      "A": 0.46283783783783783,
      "B": 0.4669421487603306
    },
    "in_group_interaction_rate": 0.7985965098267871,
    "out_group_interaction_rate": 0.20140349017321296,
    "avg_in_group_trust": 0.36966586746732394,
    "avg_out_group_trust": 0.4282041756795681,
    "trust_asymmetry": -0.05853830821224415,
    "group_segregation_index": 0.7985965098267871,
    "total_mixing_events": 12,
    "mixing_event_success_rate": 1.0,
    "reputational_spillover_events": 0,
    "out_group_constraint_amplifications": 0,
    "group_extinction_events": 0
  },
  "interaction_metrics": {
    "total_interactions": 339582,
    "avg_interaction_processing_time": 0.0
  }
}