{
  "run_id": 413,
  "parameters": {
    "shock_interval_years": 5,
    "homophily_bias": 0.5402211291942925,
    "num_groups": 3,
    "out_group_trust_bias": 1.1026755281261864,
    "out_group_penalty": 1.173265097159274,
    "intervention_interval": 10,
    "intervention_scale": 0.11138187636185691,
    "event_bonus": 1.6314877587072583,
    "base_trust_delta": 0.1922255363811083,
    "group_trust_bias": 1.755812520834017,
    "resilience_profile": {
      "threshold": 0.31178411904197223,
      "noise": 0.054428363021564265
    },
    "turnover_rate": 0.024254553870112154,
    "social_diffusion": 0.07868803382559361,
    "max_rounds": 300,
    "initial_population": 200,
    "max_population": 800,
    "maslow_variation": 0.5,
    "constraint_threshold_range": [
      0.2,
      0.8
    ],
    "recovery_threshold": 0.15,
    "cooperation_bonus": 0.2,
    "trust_threshold": 0.6,
    "max_relationships_per_person": 150
  },
  "outcomes": {
    "final_cooperation_rate": 0.8803418803418803,
    "behavioral_cooperation_rate": 0.36252272160245214,
    "final_constrained_rate": 0.11965811965811966,
    "final_population": 702,
    "extinction_occurred": false,
    "rounds_completed": 300,
    "first_cascade_round": null,
    "total_cascade_events": 0,
    "total_shock_events": 14,
    "total_defections": 259799,
    "total_redemptions": 1383,
    "net_strategy_change": 258416,
    "total_births": 770,
    "total_deaths": 265,
    "max_population_reached": 758,
    "population_stability": 0.011475172449839284,
    "population_growth": 3.79,
    "avg_system_stress": 2.242881371925298,
    "max_system_stress": 4.9045508505560385,
    "avg_maslow_pressure": 0.06843168097290077,
    "avg_basic_needs_crisis_rate": 0.2948717948717949,
    "avg_trust_level": 0.49137072244951807,
    "cooperation_benefit_total": 0,
    "cooperation_resilience": 0.8803418803418803
  },
  "maslow_hierarchy": {
    "initial_needs_avg": {
      "physiological": 5.038729897324108,
      "safety": 5.5305123478150575,
      "love": 8.86334828610077,
      "esteem": 3.7815453590183488,
      "self_actualization": 5.815038679359246
    },
    "final_needs_avg": {
      "physiological": 5.038729897324108,
      "safety": 5.5305123478150575,
      "love": 8.86334828610077,
      "esteem": 3.7815453590183488,
      "self_actualization": 5.815038679359246
    },
    "needs_improvement": {
      "physiological": 0.0,
      "safety": 0.0,
      "love": 0.0,
      "esteem": 0.0,
      "self_actualization": 0.0
    }
  },
  "inter_group_metrics": {
    "final_group_populations": {
      "A": 267,
      "C": 195,
      "B": 240
    },
    "final_group_cooperation_rates": {
      "A": 0.8651685393258427,
      "C": 0.8769230769230769,
      "B": 0.9
    },
    "in_group_interaction_rate": 0.7003172113910967,
    "out_group_interaction_rate": 0.2996827886089033,
    "avg_in_group_trust": 0.6326721395000863,
    "avg_out_group_trust": 0.35006930539894987,
    "trust_asymmetry": 0.2826028341011364,
    "group_segregation_index": 0.7003172113910967,
    "total_mixing_events": 30,
    "mixing_event_success_rate": 1.0,
    "reputational_spillover_events": 0,
    "out_group_constraint_amplifications": 0,
    "group_extinction_events": 0
  },
  "interaction_metrics": {
    "total_interactions": 280570,
    "avg_interaction_processing_time": 0.0
  }
}