{
  "run_id": 378,
  "parameters": {
    "shock_interval_years": 2,
    "homophily_bias": 0.0,
    "num_groups": 1,
    "out_group_trust_bias": 1.0520832339242112,
    "out_group_penalty": 1.167700776968631,
    "intervention_interval": 0,
    "intervention_scale": 0.21252949651416153,
    "event_bonus": 1.9124305949152505,
    "base_trust_delta": 0.15804164371558715,
    "group_trust_bias": 1.7691733546150732,
    "resilience_profile": {
      "threshold": 0.3521239112552429,
      "noise": 0.1134655627406383
    },
    "turnover_rate": 0.03415806107092367,
    "social_diffusion": 0.00026864776917914226,
    "max_rounds": 300,
    "initial_population": 200,
    "max_population": 800,
    "maslow_variation": 0.5,
    "constraint_threshold_range": [
      0.2,
      0.8
    ],
    "recovery_threshold": 0.15,
    "cooperation_bonus": 0.2,
    "trust_threshold": 0.6,
    "max_relationships_per_person": 150
  },
  "outcomes": {
    "final_cooperation_rate": 0.801007556675063,
    "behavioral_cooperation_rate": 0.2421382563678256,
    "final_constrained_rate": 0.19899244332493704,
    "final_population": 794,
    "extinction_occurred": false,
    "rounds_completed": 300,
    "first_cascade_round": null,
    "total_cascade_events": 0,
    "total_shock_events": 47,
    "total_defections": 384211,
    "total_redemptions": 6451,
    "net_strategy_change": 377760,
    "total_births": 905,
    "total_deaths": 307,
    "max_population_reached": 800,
    "population_stability": 0.0035578226276549076,
    "population_growth": 4.0,
    "avg_system_stress": 12.167717671970555,
    "max_system_stress": 20.928404378785405,
    "avg_maslow_pressure": 0.12691354470573463,
    "avg_basic_needs_crisis_rate": 0.3236775818639798,
    "avg_trust_level": 0.649375523706225,
    "cooperation_benefit_total": 0,
    "cooperation_resilience": 0.801007556675063
  },
  "maslow_hierarchy": {
    "initial_needs_avg": {
      "physiological": 5.339097741876042,
      "safety": 4.939170631327463,
      "love": 8.04998947321522,
      "esteem": 0.5133782460285204,
      "self_actualization": 5.150171924594164
    },
    "final_needs_avg": {
      "physiological": 5.339097741876042,
      "safety": 4.939170631327463,
      "love": 8.04998947321522,
      "esteem": 0.5133782460285204,
      "self_actualization": 5.150171924594164
    },
    "needs_improvement": {
      "physiological": 0.0,
      "safety": 0.0,
      "love": 0.0,
      "esteem": 0.0,
      "self_actualization": 0.0
    }
  },
  "inter_group_metrics": {
    "final_group_populations": {
      "A": 794
    },
    "final_group_cooperation_rates": {
      "A": 0.801007556675063
    },
    "in_group_interaction_rate": 1.0,
    "out_group_interaction_rate": 0.0,
    "avg_in_group_trust": 0.649375523706225,
    "avg_out_group_trust": 0.649375523706225,
    "trust_asymmetry": 0.0,
    "group_segregation_index": 1.0,
    "total_mixing_events": 0,
    "mixing_event_success_rate": 0,
    "reputational_spillover_events": 0,
    "out_group_constraint_amplifications": 0,
    "group_extinction_events": 0
  },
  "interaction_metrics": {
    "total_interactions": 348078,
    "avg_interaction_processing_time": 0.0
  }
}