{
  "run_id": 94,
  "parameters": {
    "shock_interval_years": 10,
    "homophily_bias": 0.0,
    "num_groups": 1,
    "out_group_trust_bias": 0.8459933841283512,
    "out_group_penalty": 1.1399508120250055,
    "intervention_interval": 0,
    "intervention_scale": 0.21483901610286205,
    "event_bonus": 1.9815933446535348,
    "base_trust_delta": 0.15214358103037484,
    "group_trust_bias": 1.7991679867689077,
    "resilience_profile": {
      "threshold": 0.10606198293911767,
      "noise": 0.12024847936105967
    },
    "turnover_rate": 0.022517170823658304,
    "social_diffusion": 0.06590719296264835,
    "max_rounds": 300,
    "initial_population": 200,
    "max_population": 800,
    "maslow_variation": 0.5,
    "constraint_threshold_range": [
      0.2,
      0.8
    ],
    "recovery_threshold": 0.15,
    "cooperation_bonus": 0.2,
    "trust_threshold": 0.6,
    "max_relationships_per_person": 150
  },
  "outcomes": {
    "final_cooperation_rate": 0.99581589958159,
    "behavioral_cooperation_rate": 0.7199874977172799,
    "final_constrained_rate": 0.0041841004184100415,
    "final_population": 717,
    "extinction_occurred": false,
    "rounds_completed": 300,
    "first_cascade_round": null,
    "total_cascade_events": 0,
    "total_shock_events": 6,
    "total_defections": 94255,
    "total_redemptions": 71,
    "net_strategy_change": 94184,
    "total_births": 800,
    "total_deaths": 280,
    "max_population_reached": 766,
    "population_stability": 0.00797595518561395,
    "population_growth": 3.83,
    "avg_system_stress": 0.24854612241376794,
    "max_system_stress": 0.9671379534827066,
    "avg_maslow_pressure": 0.03191843713672493,
    "avg_basic_needs_crisis_rate": 0.21338912133891214,
    "avg_trust_level": 0.773979095520892,
    "cooperation_benefit_total": 0,
    "cooperation_resilience": 0.99581589958159
  },
  "maslow_hierarchy": {
    "initial_needs_avg": {
      "physiological": 5.7970308807794755,
      "safety": 5.943377068550508,
      "love": 9.961835614322558,
      "esteem": 5.200869358221453,
      "self_actualization": 5.7660495979661945
    },
    "final_needs_avg": {
      "physiological": 5.7970308807794755,
      "safety": 5.943377068550508,
      "love": 9.961835614322558,
      "esteem": 5.200869358221453,
      "self_actualization": 5.7660495979661945
    },
    "needs_improvement": {
      "physiological": 0.0,
      "safety": 0.0,
      "love": 0.0,
      "esteem": 0.0,
      "self_actualization": 0.0
    }
  },
  "inter_group_metrics": {
    "final_group_populations": {
      "A": 717
    },
    "final_group_cooperation_rates": {
      "A": 0.99581589958159
    },
    "in_group_interaction_rate": 1.0,
    "out_group_interaction_rate": 0.0,
    "avg_in_group_trust": 0.773979095520892,
    "avg_out_group_trust": 0.773979095520892,
    "trust_asymmetry": 0.0,
    "group_segregation_index": 1.0,
    "total_mixing_events": 0,
    "mixing_event_success_rate": 0,
    "reputational_spillover_events": 0,
    "out_group_constraint_amplifications": 0,
    "group_extinction_events": 0
  },
  "interaction_metrics": {
    "total_interactions": 284748,
    "avg_interaction_processing_time": 0.0
  }
}