{
  "run_id": 64,
  "parameters": {
    "shock_interval_years": 5,
    "homophily_bias": 0.0,
    "num_groups": 1,
    "out_group_trust_bias": 1.133723338404861,
    "out_group_penalty": 1.1141964057863578,
    "intervention_interval": 0,
    "intervention_scale": 0.27360496851814003,
    "event_bonus": 2.002292704904554,
    "base_trust_delta": 0.15887142563427611,
    "group_trust_bias": 1.203796469614658,
    "resilience_profile": {
      "threshold": 0.10595609210541751,
      "noise": 0.05178476541545024
    },
    "turnover_rate": 0.03760193444878993,
    "social_diffusion": 0.07287039268569298,
    "max_rounds": 300,
    "initial_population": 200,
    "max_population": 800,
    "maslow_variation": 0.5,
    "constraint_threshold_range": [
      0.2,
      0.8
    ],
    "recovery_threshold": 0.15,
    "cooperation_bonus": 0.2,
    "trust_threshold": 0.6,
    "max_relationships_per_person": 150
  },
  "outcomes": {
    "final_cooperation_rate": 0.8790931989924433,
    "behavioral_cooperation_rate": 0.5894194195906682,
    "final_constrained_rate": 0.12090680100755667,
    "final_population": 794,
    "extinction_occurred": false,
    "rounds_completed": 300,
    "first_cascade_round": null,
    "total_cascade_events": 0,
    "total_shock_events": 14,
    "total_defections": 175460,
    "total_redemptions": 656,
    "net_strategy_change": 174804,
    "total_births": 888,
    "total_deaths": 291,
    "max_population_reached": 800,
    "population_stability": 0.003800249675633561,
    "population_growth": 4.0,
    "avg_system_stress": 1.882896303530544,
    "max_system_stress": 4.117675135313966,
    "avg_maslow_pressure": 0.05505947607278919,
    "avg_basic_needs_crisis_rate": 0.27329974811083124,
    "avg_trust_level": 0.7186770514980383,
    "cooperation_benefit_total": 0,
    "cooperation_resilience": 0.8790931989924433
  },
  "maslow_hierarchy": {
    "initial_needs_avg": {
      "physiological": 5.222381193195599,
      "safety": 5.395226913010835,
      "love": 9.540836620226846,
      "esteem": 4.5519982285422405,
      "self_actualization": 5.687507212695417
    },
    "final_needs_avg": {
      "physiological": 5.222381193195599,
      "safety": 5.395226913010835,
      "love": 9.540836620226846,
      "esteem": 4.5519982285422405,
      "self_actualization": 5.687507212695417
    },
    "needs_improvement": {
      "physiological": 0.0,
      "safety": 0.0,
      "love": 0.0,
      "esteem": 0.0,
      "self_actualization": 0.0
    }
  },
  "inter_group_metrics": {
    "final_group_populations": {
      "A": 794
    },
    "final_group_cooperation_rates": {
      "A": 0.8790931989924433
    },
    "in_group_interaction_rate": 1.0,
    "out_group_interaction_rate": 0.0,
    "avg_in_group_trust": 0.7186770514980383,
    "avg_out_group_trust": 0.7186770514980383,
    "trust_asymmetry": 0.0,
    "group_segregation_index": 1.0,
    "total_mixing_events": 0,
    "mixing_event_success_rate": 0,
    "reputational_spillover_events": 0,
    "out_group_constraint_amplifications": 0,
    "group_extinction_events": 0
  },
  "interaction_metrics": {
    "total_interactions": 350718,
    "avg_interaction_processing_time": 0.0
  }
}