{
  "run_id": 288,
  "parameters": {
    "shock_interval_years": 5,
    "homophily_bias": 0.3113364668831364,
    "num_groups": 2,
    "out_group_trust_bias": 0.8179274825339455,
    "out_group_penalty": 1.1586501101967488,
    "intervention_interval": 25,
    "intervention_scale": 0.1978383325379251,
    "event_bonus": 1.6890392579564137,
    "base_trust_delta": 0.0983516635335264,
    "group_trust_bias": 1.4595271594220993,
    "resilience_profile": {
      "threshold": 0.398192095548753,
      "noise": 0.07749802373957905
    },
    "turnover_rate": 0.02142277587853959,
    "social_diffusion": 0.022841120845966636,
    "max_rounds": 300,
    "initial_population": 200,
    "max_population": 800,
    "maslow_variation": 0.5,
    "constraint_threshold_range": [
      0.2,
      0.8
    ],
    "recovery_threshold": 0.15,
    "cooperation_bonus": 0.2,
    "trust_threshold": 0.6,
    "max_relationships_per_person": 150
  },
  "outcomes": {
    "final_cooperation_rate": 0.9453471196454948,
    "behavioral_cooperation_rate": 0.42296932136930376,
    "final_constrained_rate": 0.05465288035450517,
    "final_population": 677,
    "extinction_occurred": false,
    "rounds_completed": 300,
    "first_cascade_round": null,
    "total_cascade_events": 0,
    "total_shock_events": 16,
    "total_defections": 212787,
    "total_redemptions": 1883,
    "net_strategy_change": 210904,
    "total_births": 739,
    "total_deaths": 262,
    "max_population_reached": 730,
    "population_stability": 0.017233009545420272,
    "population_growth": 3.65,
    "avg_system_stress": 4.517919903238468,
    "max_system_stress": 7.575733737890284,
    "avg_maslow_pressure": 0.07735644877417218,
    "avg_basic_needs_crisis_rate": 0.29542097488921715,
    "avg_trust_level": 0.5241907206742261,
    "cooperation_benefit_total": 0,
    "cooperation_resilience": 0.9453471196454948
  },
  "maslow_hierarchy": {
    "initial_needs_avg": {
      "physiological": 5.32427254701783,
      "safety": 5.217038541959784,
      "love": 9.446904983197873,
      "esteem": 3.0181713978042333,
      "self_actualization": 5.550918523153771
    },
    "final_needs_avg": {
      "physiological": 5.32427254701783,
      "safety": 5.217038541959784,
      "love": 9.446904983197873,
      "esteem": 3.0181713978042333,
      "self_actualization": 5.550918523153771
    },
    "needs_improvement": {
      "physiological": 0.0,
      "safety": 0.0,
      "love": 0.0,
      "esteem": 0.0,
      "self_actualization": 0.0
    }
  },
  "inter_group_metrics": {
    "final_group_populations": {
      "A": 343,
      "B": 334
    },
    "final_group_cooperation_rates": {
      "A": 0.9387755102040817,
      "B": 0.9520958083832335
    },
    "in_group_interaction_rate": 0.6706966942270131,
    "out_group_interaction_rate": 0.32930330577298694,
    "avg_in_group_trust": 0.5976026275895867,
    "avg_out_group_trust": 0.4507788137588656,
    "trust_asymmetry": 0.14682381383072113,
    "group_segregation_index": 0.6706966942270131,
    "total_mixing_events": 12,
    "mixing_event_success_rate": 1.0,
    "reputational_spillover_events": 0,
    "out_group_constraint_amplifications": 0,
    "group_extinction_events": 0
  },
  "interaction_metrics": {
    "total_interactions": 272372,
    "avg_interaction_processing_time": 0.0
  }
}