{
  "run_id": 341,
  "parameters": {
    "shock_interval_years": 5,
    "homophily_bias": 0.0,
    "num_groups": 1,
    "out_group_trust_bias": 0.8802790973948968,
    "out_group_penalty": 1.136530529282017,
    "intervention_interval": 0,
    "intervention_scale": 0.18125252789855179,
    "event_bonus": 2.055167845807313,
    "base_trust_delta": 0.0774040913381133,
    "group_trust_bias": 1.6604316130572419,
    "resilience_profile": {
      "threshold": 0.380412560974418,
      "noise": 0.02004327214131363
    },
    "turnover_rate": 0.03391318151951218,
    "social_diffusion": 0.08799334282439458,
    "max_rounds": 300,
    "initial_population": 200,
    "max_population": 800,
    "maslow_variation": 0.5,
    "constraint_threshold_range": [
      0.2,
      0.8
    ],
    "recovery_threshold": 0.15,
    "cooperation_bonus": 0.2,
    "trust_threshold": 0.6,
    "max_relationships_per_person": 150
  },
  "outcomes": {
    "final_cooperation_rate": 0.8305941845764855,
    "behavioral_cooperation_rate": 0.4839773344805724,
    "final_constrained_rate": 0.16940581542351454,
    "final_population": 791,
    "extinction_occurred": false,
    "rounds_completed": 300,
    "first_cascade_round": null,
    "total_cascade_events": 0,
    "total_shock_events": 22,
    "total_defections": 233696,
    "total_redemptions": 3812,
    "net_strategy_change": 229884,
    "total_births": 906,
    "total_deaths": 313,
    "max_population_reached": 800,
    "population_stability": 0.0033401918037196765,
    "population_growth": 4.0,
    "avg_system_stress": 4.0265636679502235,
    "max_system_stress": 9.793193078531308,
    "avg_maslow_pressure": 0.09511897881213573,
    "avg_basic_needs_crisis_rate": 0.2604298356510746,
    "avg_trust_level": 0.608703177972945,
    "cooperation_benefit_total": 0,
    "cooperation_resilience": 0.8305941845764855
  },
  "maslow_hierarchy": {
    "initial_needs_avg": {
      "physiological": 5.5613619072274885,
      "safety": 5.089330092253829,
      "love": 8.12512509894861,
      "esteem": 1.5173982085520206,
      "self_actualization": 5.558463113841485
    },
    "final_needs_avg": {
      "physiological": 5.5613619072274885,
      "safety": 5.089330092253829,
      "love": 8.12512509894861,
      "esteem": 1.5173982085520206,
      "self_actualization": 5.558463113841485
    },
    "needs_improvement": {
      "physiological": 0.0,
      "safety": 0.0,
      "love": 0.0,
      "esteem": 0.0,
      "self_actualization": 0.0
    }
  },
  "inter_group_metrics": {
    "final_group_populations": {
      "A": 791
    },
    "final_group_cooperation_rates": {
      "A": 0.8305941845764855
    },
    "in_group_interaction_rate": 1.0,
    "out_group_interaction_rate": 0.0,
    "avg_in_group_trust": 0.608703177972945,
    "avg_out_group_trust": 0.608703177972945,
    "trust_asymmetry": 0.0,
    "group_segregation_index": 1.0,
    "total_mixing_events": 0,
    "mixing_event_success_rate": 0,
    "reputational_spillover_events": 0,
    "out_group_constraint_amplifications": 0,
    "group_extinction_events": 0
  },
  "interaction_metrics": {
    "total_interactions": 353312,
    "avg_interaction_processing_time": 0.0
  }
}