{
  "run_id": 458,
  "parameters": {
    "shock_interval_years": 2,
    "homophily_bias": 0.0,
    "num_groups": 1,
    "out_group_trust_bias": 1.1894484834092793,
    "out_group_penalty": 1.2445684521589073,
    "intervention_interval": 0,
    "intervention_scale": 0.25542747144121625,
    "event_bonus": 1.5853292077144878,
    "base_trust_delta": 0.13472178002128135,
    "group_trust_bias": 1.3350697130288547,
    "resilience_profile": {
      "threshold": 0.2074698585842884,
      "noise": 0.10890374762515663
    },
    "turnover_rate": 0.024517002981232657,
    "social_diffusion": 0.014541648225429539,
    "max_rounds": 300,
    "initial_population": 200,
    "max_population": 800,
    "maslow_variation": 0.5,
    "constraint_threshold_range": [
      0.2,
      0.8
    ],
    "recovery_threshold": 0.15,
    "cooperation_bonus": 0.2,
    "trust_threshold": 0.6,
    "max_relationships_per_person": 150
  },
  "outcomes": {
    "final_cooperation_rate": 0.705045278137128,
    "behavioral_cooperation_rate": 0.21720625410874883,
    "final_constrained_rate": 0.2949547218628719,
    "final_population": 773,
    "extinction_occurred": false,
    "rounds_completed": 300,
    "first_cascade_round": null,
    "total_cascade_events": 0,
    "total_shock_events": 47,
    "total_defections": 345260,
    "total_redemptions": 4894,
    "net_strategy_change": 340366,
    "total_births": 839,
    "total_deaths": 264,
    "max_population_reached": 800,
    "population_stability": 0.011450934259557165,
    "population_growth": 4.0,
    "avg_system_stress": 12.44900942518769,
    "max_system_stress": 22.145753235739953,
    "avg_maslow_pressure": 0.11469964000787743,
    "avg_basic_needs_crisis_rate": 0.2755498059508409,
    "avg_trust_level": 0.4929263970648152,
    "cooperation_benefit_total": 0,
    "cooperation_resilience": 0.705045278137128
  },
  "maslow_hierarchy": {
    "initial_needs_avg": {
      "physiological": 5.435863397318898,
      "safety": 5.214009565231833,
      "love": 7.726950111512898,
      "esteem": 0.6226180752686092,
      "self_actualization": 5.428074803775484
    },
    "final_needs_avg": {
      "physiological": 5.435863397318898,
      "safety": 5.214009565231833,
      "love": 7.726950111512898,
      "esteem": 0.6226180752686092,
      "self_actualization": 5.428074803775484
    },
    "needs_improvement": {
      "physiological": 0.0,
      "safety": 0.0,
      "love": 0.0,
      "esteem": 0.0,
      "self_actualization": 0.0
    }
  },
  "inter_group_metrics": {
    "final_group_populations": {
      "A": 773
    },
    "final_group_cooperation_rates": {
      "A": 0.705045278137128
    },
    "in_group_interaction_rate": 1.0,
    "out_group_interaction_rate": 0.0,
    "avg_in_group_trust": 0.4929263970648152,
    "avg_out_group_trust": 0.4929263970648152,
    "trust_asymmetry": 0.0,
    "group_segregation_index": 1.0,
    "total_mixing_events": 0,
    "mixing_event_success_rate": 0,
    "reputational_spillover_events": 0,
    "out_group_constraint_amplifications": 0,
    "group_extinction_events": 0
  },
  "interaction_metrics": {
    "total_interactions": 295102,
    "avg_interaction_processing_time": 0.0
  }
}