{
  "run_id": 450,
  "parameters": {
    "shock_interval_years": 2,
    "homophily_bias": 0.34137850747453324,
    "num_groups": 3,
    "out_group_trust_bias": 0.822867936325596,
    "out_group_penalty": 1.1617116168274029,
    "intervention_interval": 15,
    "intervention_scale": 0.15871481619921418,
    "event_bonus": 1.7350033025115716,
    "base_trust_delta": 0.1287031693132898,
    "group_trust_bias": 1.4040524405273667,
    "resilience_profile": {
      "threshold": 0.12695030816480954,
      "noise": 0.12757119441046386
    },
    "turnover_rate": 0.032454532841137154,
    "social_diffusion": 0.08690731389779469,
    "max_rounds": 300,
    "initial_population": 200,
    "max_population": 800,
    "maslow_variation": 0.5,
    "constraint_threshold_range": [
      0.2,
      0.8
    ],
    "recovery_threshold": 0.15,
    "cooperation_bonus": 0.2,
    "trust_threshold": 0.6,
    "max_relationships_per_person": 150
  },
  "outcomes": {
    "final_cooperation_rate": 0.32702020202020204,
    "behavioral_cooperation_rate": 0.040870249606476276,
    "final_constrained_rate": 0.672979797979798,
    "final_population": 792,
    "extinction_occurred": false,
    "rounds_completed": 300,
    "first_cascade_round": null,
    "total_cascade_events": 0,
    "total_shock_events": 37,
    "total_defections": 572309,
    "total_redemptions": 3172,
    "net_strategy_change": 569137,
    "total_births": 878,
    "total_deaths": 283,
    "max_population_reached": 800,
    "population_stability": 0.003650220838271621,
    "population_growth": 4.0,
    "avg_system_stress": 7.6166138758526785,
    "max_system_stress": 12.779577310929021,
    "avg_maslow_pressure": 0.1784572858832024,
    "avg_basic_needs_crisis_rate": 0.25126262626262624,
    "avg_trust_level": 0.29184955355259673,
    "cooperation_benefit_total": 0,
    "cooperation_resilience": 0.32702020202020204
  },
  "maslow_hierarchy": {
    "initial_needs_avg": {
      "physiological": 5.201178341863857,
      "safety": 5.579141044863381,
      "love": 2.847705909550022,
      "esteem": 1.0574017336739796,
      "self_actualization": 4.870425361524228
    },
    "final_needs_avg": {
      "physiological": 5.201178341863857,
      "safety": 5.579141044863381,
      "love": 2.847705909550022,
      "esteem": 1.0574017336739796,
      "self_actualization": 4.870425361524228
    },
    "needs_improvement": {
      "physiological": 0.0,
      "safety": 0.0,
      "love": 0.0,
      "esteem": 0.0,
      "self_actualization": 0.0
    }
  },
  "inter_group_metrics": {
    "final_group_populations": {
      "A": 249,
      "B": 275,
      "C": 268
    },
    "final_group_cooperation_rates": {
      "A": 0.30522088353413657,
      "B": 0.36,
      "C": 0.31343283582089554
    },
    "in_group_interaction_rate": 0.599126554862533,
    "out_group_interaction_rate": 0.40087344513746703,
    "avg_in_group_trust": 0.242193096131749,
    "avg_out_group_trust": 0.34150601097344446,
    "trust_asymmetry": -0.09931291484169547,
    "group_segregation_index": 0.599126554862533,
    "total_mixing_events": 20,
    "mixing_event_success_rate": 1.0,
    "reputational_spillover_events": 0,
    "out_group_constraint_amplifications": 0,
    "group_extinction_events": 0
  },
  "interaction_metrics": {
    "total_interactions": 337972,
    "avg_interaction_processing_time": 0.0
  }
}