{
  "run_id": 420,
  "parameters": {
    "shock_interval_years": 5,
    "homophily_bias": 0.2789573498155389,
    "num_groups": 3,
    "out_group_trust_bias": 1.1369843212950923,
    "out_group_penalty": 1.1789915476140262,
    "intervention_interval": 25,
    "intervention_scale": 0.08423975482808328,
    "event_bonus": 2.1369680827162423,
    "base_trust_delta": 0.14650100664630444,
    "group_trust_bias": 1.8338062388517156,
    "resilience_profile": {
      "threshold": 0.34677165830462053,
      "noise": 0.1191243775927013
    },
    "turnover_rate": 0.024014503131925654,
    "social_diffusion": 0.007205694883379421,
    "max_rounds": 300,
    "initial_population": 200,
    "max_population": 800,
    "maslow_variation": 0.5,
    "constraint_threshold_range": [
      0.2,
      0.8
    ],
    "recovery_threshold": 0.15,
    "cooperation_bonus": 0.2,
    "trust_threshold": 0.6,
    "max_relationships_per_person": 150
  },
  "outcomes": {
    "final_cooperation_rate": 0.6462686567164179,
    "behavioral_cooperation_rate": 0.2314222025413361,
    "final_constrained_rate": 0.3537313432835821,
    "final_population": 670,
    "extinction_occurred": false,
    "rounds_completed": 300,
    "first_cascade_round": null,
    "total_cascade_events": 0,
    "total_shock_events": 16,
    "total_defections": 315776,
    "total_redemptions": 1249,
    "net_strategy_change": 314527,
    "total_births": 727,
    "total_deaths": 256,
    "max_population_reached": 708,
    "population_stability": 0.012144198253226548,
    "population_growth": 3.54,
    "avg_system_stress": 3.555032952229786,
    "max_system_stress": 8.364986285646438,
    "avg_maslow_pressure": 0.07658890208155884,
    "avg_basic_needs_crisis_rate": 0.24925373134328357,
    "avg_trust_level": 0.43430490625264045,
    "cooperation_benefit_total": 0,
    "cooperation_resilience": 0.6462686567164179
  },
  "maslow_hierarchy": {
    "initial_needs_avg": {
      "physiological": 5.700380192003858,
      "safety": 5.063952000408592,
      "love": 8.090539046925665,
      "esteem": 2.839428219505043,
      "self_actualization": 5.619251651005776
    },
    "final_needs_avg": {
      "physiological": 5.700380192003858,
      "safety": 5.063952000408592,
      "love": 8.090539046925665,
      "esteem": 2.839428219505043,
      "self_actualization": 5.619251651005776
    },
    "needs_improvement": {
      "physiological": 0.0,
      "safety": 0.0,
      "love": 0.0,
      "esteem": 0.0,
      "self_actualization": 0.0
    }
  },
  "inter_group_metrics": {
    "final_group_populations": {
      "C": 192,
      "B": 259,
      "A": 219
    },
    "final_group_cooperation_rates": {
      "C": 0.65625,
      "B": 0.6563706563706564,
      "A": 0.6255707762557078
    },
    "in_group_interaction_rate": 0.5700593678933029,
    "out_group_interaction_rate": 0.4299406321066971,
    "avg_in_group_trust": 0.5209259026158684,
    "avg_out_group_trust": 0.34768390988941256,
    "trust_asymmetry": 0.1732419927264558,
    "group_segregation_index": 0.5700593678933029,
    "total_mixing_events": 12,
    "mixing_event_success_rate": 1.0,
    "reputational_spillover_events": 0,
    "out_group_constraint_amplifications": 0,
    "group_extinction_events": 0
  },
  "interaction_metrics": {
    "total_interactions": 266474,
    "avg_interaction_processing_time": 0.0
  }
}