{
  "run_id": 326,
  "parameters": {
    "shock_interval_years": 10,
    "homophily_bias": 0.4643287444678638,
    "num_groups": 3,
    "out_group_trust_bias": 1.0818812877726336,
    "out_group_penalty": 1.2910401682569312,
    "intervention_interval": 10,
    "intervention_scale": 0.06495690903473637,
    "event_bonus": 1.565997432669818,
    "base_trust_delta": 0.19292183402927726,
    "group_trust_bias": 1.9319925897582153,
    "resilience_profile": {
      "threshold": 0.15669562316109753,
      "noise": 0.06171196141702912
    },
    "turnover_rate": 0.02355079576562403,
    "social_diffusion": 0.041887020293976666,
    "max_rounds": 300,
    "initial_population": 200,
    "max_population": 800,
    "maslow_variation": 0.5,
    "constraint_threshold_range": [
      0.2,
      0.8
    ],
    "recovery_threshold": 0.15,
    "cooperation_bonus": 0.2,
    "trust_threshold": 0.6,
    "max_relationships_per_person": 150
  },
  "outcomes": {
    "final_cooperation_rate": 0.732605729877217,
    "behavioral_cooperation_rate": 0.12184042054140566,
    "final_constrained_rate": 0.2673942701227831,
    "final_population": 733,
    "extinction_occurred": false,
    "rounds_completed": 300,
    "first_cascade_round": null,
    "total_cascade_events": 0,
    "total_shock_events": 6,
    "total_defections": 421748,
    "total_redemptions": 732,
    "net_strategy_change": 421016,
    "total_births": 804,
    "total_deaths": 270,
    "max_population_reached": 773,
    "population_stability": 0.010718620065365428,
    "population_growth": 3.865,
    "avg_system_stress": 0.7753480331665614,
    "max_system_stress": 1.6974892774106678,
    "avg_maslow_pressure": 0.10476817414580149,
    "avg_basic_needs_crisis_rate": 0.296043656207367,
    "avg_trust_level": 0.36360062899406365,
    "cooperation_benefit_total": 0,
    "cooperation_resilience": 0.732605729877217
  },
  "maslow_hierarchy": {
    "initial_needs_avg": {
      "physiological": 4.925152196258651,
      "safety": 5.17219589228235,
      "love": 8.147770235639179,
      "esteem": 2.974415486466188,
      "self_actualization": 5.06999579574902
    },
    "final_needs_avg": {
      "physiological": 4.925152196258651,
      "safety": 5.17219589228235,
      "love": 8.147770235639179,
      "esteem": 2.974415486466188,
      "self_actualization": 5.06999579574902
    },
    "needs_improvement": {
      "physiological": 0.0,
      "safety": 0.0,
      "love": 0.0,
      "esteem": 0.0,
      "self_actualization": 0.0
    }
  },
  "inter_group_metrics": {
    "final_group_populations": {
      "B": 225,
      "A": 285,
      "C": 223
    },
    "final_group_cooperation_rates": {
      "B": 0.7288888888888889,
      "A": 0.7263157894736842,
      "C": 0.7443946188340808
    },
    "in_group_interaction_rate": 0.6611557990010762,
    "out_group_interaction_rate": 0.3388442009989238,
    "avg_in_group_trust": 0.4563466865921927,
    "avg_out_group_trust": 0.27085457139593455,
    "trust_asymmetry": 0.18549211519625813,
    "group_segregation_index": 0.6611557990010762,
    "total_mixing_events": 30,
    "mixing_event_success_rate": 1.0,
    "reputational_spillover_events": 0,
    "out_group_constraint_amplifications": 0,
    "group_extinction_events": 0
  },
  "interaction_metrics": {
    "total_interactions": 289912,
    "avg_interaction_processing_time": 0.0
  }
}