{
  "run_id": 256,
  "parameters": {
    "shock_interval_years": 2,
    "homophily_bias": 0.05741890147597424,
    "num_groups": 3,
    "out_group_trust_bias": 0.911323654571264,
    "out_group_penalty": 1.3557008414736644,
    "intervention_interval": 20,
    "intervention_scale": 0.12019725851599218,
    "event_bonus": 2.045207745144381,
    "base_trust_delta": 0.14337026888391796,
    "group_trust_bias": 1.803077614101822,
    "resilience_profile": {
      "threshold": 0.2854448202515466,
      "noise": 0.09181198353616908
    },
    "turnover_rate": 0.022061166133370586,
    "social_diffusion": 0.06589502369150801,
    "max_rounds": 300,
    "initial_population": 200,
    "max_population": 800,
    "maslow_variation": 0.5,
    "constraint_threshold_range": [
      0.2,
      0.8
    ],
    "recovery_threshold": 0.15,
    "cooperation_bonus": 0.2,
    "trust_threshold": 0.6,
    "max_relationships_per_person": 150
  },
  "outcomes": {
    "final_cooperation_rate": 0.20032310177705978,
    "behavioral_cooperation_rate": 0.02939220901126408,
    "final_constrained_rate": 0.7996768982229402,
    "final_population": 619,
    "extinction_occurred": false,
    "rounds_completed": 300,
    "first_cascade_round": null,
    "total_cascade_events": 0,
    "total_shock_events": 40,
    "total_defections": 453431,
    "total_redemptions": 2528,
    "net_strategy_change": 450903,
    "total_births": 673,
    "total_deaths": 251,
    "max_population_reached": 686,
    "population_stability": 0.009582849117684856,
    "population_growth": 3.43,
    "avg_system_stress": 10.028423917060914,
    "max_system_stress": 19.037670596566823,
    "avg_maslow_pressure": 0.2218954836637606,
    "avg_basic_needs_crisis_rate": 0.3360258481421648,
    "avg_trust_level": 0.166902572946025,
    "cooperation_benefit_total": 0,
    "cooperation_resilience": 0.20032310177705978
  },
  "maslow_hierarchy": {
    "initial_needs_avg": {
      "physiological": 4.854859729243053,
      "safety": 5.179429437846818,
      "love": 1.6382122295446542,
      "esteem": 0.6190534262072771,
      "self_actualization": 4.841983142782525
    },
    "final_needs_avg": {
      "physiological": 4.854859729243053,
      "safety": 5.179429437846818,
      "love": 1.6382122295446542,
      "esteem": 0.6190534262072771,
      "self_actualization": 4.841983142782525
    },
    "needs_improvement": {
      "physiological": 0.0,
      "safety": 0.0,
      "love": 0.0,
      "esteem": 0.0,
      "self_actualization": 0.0
    }
  },
  "inter_group_metrics": {
    "final_group_populations": {
      "B": 257,
      "C": 185,
      "A": 177
    },
    "final_group_cooperation_rates": {
      "B": 0.27626459143968873,
      "C": 0.15675675675675677,
      "A": 0.13559322033898305
    },
    "in_group_interaction_rate": 0.45845979349186483,
    "out_group_interaction_rate": 0.5415402065081352,
    "avg_in_group_trust": 0.11987542155260784,
    "avg_out_group_trust": 0.21392972433944216,
    "trust_asymmetry": -0.09405430278683431,
    "group_segregation_index": 0.45845979349186483,
    "total_mixing_events": 15,
    "mixing_event_success_rate": 1.0,
    "reputational_spillover_events": 0,
    "out_group_constraint_amplifications": 0,
    "group_extinction_events": 0
  },
  "interaction_metrics": {
    "total_interactions": 255680,
    "avg_interaction_processing_time": 0.0
  }
}