{
  "run_id": 43,
  "parameters": {
    "shock_interval_years": 10,
    "homophily_bias": 0.6963173307508044,
    "num_groups": 2,
    "out_group_trust_bias": 0.9367390970369404,
    "out_group_penalty": 1.453414619855994,
    "intervention_interval": 25,
    "intervention_scale": 0.24735980844911437,
    "event_bonus": 1.691845011173737,
    "base_trust_delta": 0.08464712068941066,
    "group_trust_bias": 1.4252846853585184,
    "resilience_profile": {
      "threshold": 0.39864126620326046,
      "noise": 0.005850883147781543
    },
    "turnover_rate": 0.041842887431491005,
    "social_diffusion": 0.04602720296827182,
    "max_rounds": 300,
    "initial_population": 200,
    "max_population": 800,
    "maslow_variation": 0.5,
    "constraint_threshold_range": [
      0.2,
      0.8
    ],
    "recovery_threshold": 0.15,
    "cooperation_bonus": 0.2,
    "trust_threshold": 0.6,
    "max_relationships_per_person": 150
  },
  "outcomes": {
    "final_cooperation_rate": 0.8095838587641866,
    "behavioral_cooperation_rate": 0.5309847821713813,
    "final_constrained_rate": 0.19041614123581338,
    "final_population": 793,
    "extinction_occurred": false,
    "rounds_completed": 300,
    "first_cascade_round": null,
    "total_cascade_events": 0,
    "total_shock_events": 14,
    "total_defections": 224892,
    "total_redemptions": 1836,
    "net_strategy_change": 223056,
    "total_births": 923,
    "total_deaths": 325,
    "max_population_reached": 800,
    "population_stability": 0.003251933466960483,
    "population_growth": 4.0,
    "avg_system_stress": 3.1719509818848604,
    "max_system_stress": 4.639296104604708,
    "avg_maslow_pressure": 0.047770070756225136,
    "avg_basic_needs_crisis_rate": 0.19041614123581338,
    "avg_trust_level": 0.6274463839389602,
    "cooperation_benefit_total": 0,
    "cooperation_resilience": 0.8095838587641866
  },
  "maslow_hierarchy": {
    "initial_needs_avg": {
      "physiological": 5.782456698248522,
      "safety": 5.722329854514454,
      "love": 9.272809777342784,
      "esteem": 4.845028718713502,
      "self_actualization": 5.46393294618825
    },
    "final_needs_avg": {
      "physiological": 5.782456698248522,
      "safety": 5.722329854514454,
      "love": 9.272809777342784,
      "esteem": 4.845028718713502,
      "self_actualization": 5.46393294618825
    },
    "needs_improvement": {
      "physiological": 0.0,
      "safety": 0.0,
      "love": 0.0,
      "esteem": 0.0,
      "self_actualization": 0.0
    }
  },
  "inter_group_metrics": {
    "final_group_populations": {
      "A": 447,
      "B": 346
    },
    "final_group_cooperation_rates": {
      "A": 0.8053691275167785,
      "B": 0.815028901734104
    },
    "in_group_interaction_rate": 0.8259790462624165,
    "out_group_interaction_rate": 0.17402095373758353,
    "avg_in_group_trust": 0.6692183043851604,
    "avg_out_group_trust": 0.5856744634927601,
    "trust_asymmetry": 0.0835438408924003,
    "group_segregation_index": 0.8259790462624165,
    "total_mixing_events": 12,
    "mixing_event_success_rate": 1.0,
    "reputational_spillover_events": 0,
    "out_group_constraint_amplifications": 0,
    "group_extinction_events": 0
  },
  "interaction_metrics": {
    "total_interactions": 367858,
    "avg_interaction_processing_time": 0.0
  }
}