{
  "run_id": 227,
  "parameters": {
    "shock_interval_years": 20,
    "homophily_bias": 0.6394554093520068,
    "num_groups": 2,
    "out_group_trust_bias": 1.072831488946675,
    "out_group_penalty": 1.3551871763480992,
    "intervention_interval": 10,
    "intervention_scale": 0.11460564890437251,
    "event_bonus": 2.1975126388070234,
    "base_trust_delta": 0.17467646557539518,
    "group_trust_bias": 1.787887454152265,
    "resilience_profile": {
      "threshold": 0.21169922520230394,
      "noise": 0.08268085683337519
    },
    "turnover_rate": 0.03520870325540512,
    "social_diffusion": 0.02804537896377254,
    "max_rounds": 300,
    "initial_population": 200,
    "max_population": 800,
    "maslow_variation": 0.5,
    "constraint_threshold_range": [
      0.2,
      0.8
    ],
    "recovery_threshold": 0.15,
    "cooperation_bonus": 0.2,
    "trust_threshold": 0.6,
    "max_relationships_per_person": 150
  },
  "outcomes": {
    "final_cooperation_rate": 0.964735516372796,
    "behavioral_cooperation_rate": 0.4025165757401195,
    "final_constrained_rate": 0.03526448362720403,
    "final_population": 794,
    "extinction_occurred": false,
    "rounds_completed": 300,
    "first_cascade_round": null,
    "total_cascade_events": 0,
    "total_shock_events": 7,
    "total_defections": 299813,
    "total_redemptions": 640,
    "net_strategy_change": 299173,
    "total_births": 892,
    "total_deaths": 297,
    "max_population_reached": 800,
    "population_stability": 0.0026070228787885962,
    "population_growth": 4.0,
    "avg_system_stress": 0.9751328407147196,
    "max_system_stress": 1.5325845915979819,
    "avg_maslow_pressure": 0.04254854684064399,
    "avg_basic_needs_crisis_rate": 0.24685138539042822,
    "avg_trust_level": 0.6286232843438372,
    "cooperation_benefit_total": 0,
    "cooperation_resilience": 0.964735516372796
  },
  "maslow_hierarchy": {
    "initial_needs_avg": {
      "physiological": 5.702933199429309,
      "safety": 5.266858506784023,
      "love": 9.693212247368196,
      "esteem": 5.326820040771757,
      "self_actualization": 5.773771926732291
    },
    "final_needs_avg": {
      "physiological": 5.702933199429309,
      "safety": 5.266858506784023,
      "love": 9.693212247368196,
      "esteem": 5.326820040771757,
      "self_actualization": 5.773771926732291
    },
    "needs_improvement": {
      "physiological": 0.0,
      "safety": 0.0,
      "love": 0.0,
      "esteem": 0.0,
      "self_actualization": 0.0
    }
  },
  "inter_group_metrics": {
    "final_group_populations": {
      "B": 408,
      "A": 386
    },
    "final_group_cooperation_rates": {
      "B": 0.9681372549019608,
      "A": 0.961139896373057
    },
    "in_group_interaction_rate": 0.8018535461353393,
    "out_group_interaction_rate": 0.19814645386466065,
    "avg_in_group_trust": 0.7772391747229012,
    "avg_out_group_trust": 0.4800073939647732,
    "trust_asymmetry": 0.29723178075812795,
    "group_segregation_index": 0.8018535461353393,
    "total_mixing_events": 30,
    "mixing_event_success_rate": 1.0,
    "reputational_spillover_events": 0,
    "out_group_constraint_amplifications": 0,
    "group_extinction_events": 0
  },
  "interaction_metrics": {
    "total_interactions": 354132,
    "avg_interaction_processing_time": 0.0
  }
}