{
  "run_id": 388,
  "parameters": {
    "shock_interval_years": 20,
    "homophily_bias": 0.12087218098155637,
    "num_groups": 3,
    "out_group_trust_bias": 1.1460263895250942,
    "out_group_penalty": 1.2900752474858803,
    "intervention_interval": 10,
    "intervention_scale": 0.20849592631031094,
    "event_bonus": 1.9668249307054344,
    "base_trust_delta": 0.1968162905831929,
    "group_trust_bias": 1.7811808011242283,
    "resilience_profile": {
      "threshold": 0.2980296523107322,
      "noise": 0.01994065176042548
    },
    "turnover_rate": 0.03793233254900426,
    "social_diffusion": 0.04589038728570686,
    "max_rounds": 300,
    "initial_population": 200,
    "max_population": 800,
    "maslow_variation": 0.5,
    "constraint_threshold_range": [
      0.2,
      0.8
    ],
    "recovery_threshold": 0.15,
    "cooperation_bonus": 0.2,
    "trust_threshold": 0.6,
    "max_relationships_per_person": 150
  },
  "outcomes": {
    "final_cooperation_rate": 0.7088607594936709,
    "behavioral_cooperation_rate": 0.11030348280556898,
    "final_constrained_rate": 0.2911392405063291,
    "final_population": 790,
    "extinction_occurred": false,
    "rounds_completed": 300,
    "first_cascade_round": null,
    "total_cascade_events": 0,
    "total_shock_events": 5,
    "total_defections": 520555,
    "total_redemptions": 1638,
    "net_strategy_change": 518917,
    "total_births": 911,
    "total_deaths": 318,
    "max_population_reached": 800,
    "population_stability": 0.0026906653315537784,
    "population_growth": 4.0,
    "avg_system_stress": 0.37881342397224443,
    "max_system_stress": 2.120034637327477,
    "avg_maslow_pressure": 0.09717474078173498,
    "avg_basic_needs_crisis_rate": 0.3430379746835443,
    "avg_trust_level": 0.46386329848945884,
    "cooperation_benefit_total": 0,
    "cooperation_resilience": 0.7088607594936709
  },
  "maslow_hierarchy": {
    "initial_needs_avg": {
      "physiological": 5.042850776061802,
      "safety": 4.9532518348412715,
      "love": 7.844290247776965,
      "esteem": 4.432510199776994,
      "self_actualization": 5.32699616988619
    },
    "final_needs_avg": {
      "physiological": 5.042850776061802,
      "safety": 4.9532518348412715,
      "love": 7.844290247776965,
      "esteem": 4.432510199776994,
      "self_actualization": 5.32699616988619
    },
    "needs_improvement": {
      "physiological": 0.0,
      "safety": 0.0,
      "love": 0.0,
      "esteem": 0.0,
      "self_actualization": 0.0
    }
  },
  "inter_group_metrics": {
    "final_group_populations": {
      "B": 278,
      "A": 215,
      "C": 297
    },
    "final_group_cooperation_rates": {
      "B": 0.7158273381294964,
      "A": 0.627906976744186,
      "C": 0.7609427609427609
    },
    "in_group_interaction_rate": 0.4746502920637709,
    "out_group_interaction_rate": 0.525349707936229,
    "avg_in_group_trust": 0.4910856440795219,
    "avg_out_group_trust": 0.43664095289939575,
    "trust_asymmetry": 0.054444691180126126,
    "group_segregation_index": 0.4746502920637709,
    "total_mixing_events": 30,
    "mixing_event_success_rate": 1.0,
    "reputational_spillover_events": 0,
    "out_group_constraint_amplifications": 0,
    "group_extinction_events": 0
  },
  "interaction_metrics": {
    "total_interactions": 364304,
    "avg_interaction_processing_time": 0.0
  }
}