{
  "run_id": 270,
  "parameters": {
    "shock_interval_years": 5,
    "homophily_bias": 0.0,
    "num_groups": 1,
    "out_group_trust_bias": 1.1890355993853303,
    "out_group_penalty": 1.3510228733893634,
    "intervention_interval": 0,
    "intervention_scale": 0.13311180676952516,
    "event_bonus": 2.372998081198914,
    "base_trust_delta": 0.13127168915584142,
    "group_trust_bias": 1.4806608440083355,
    "resilience_profile": {
      "threshold": 0.3217665026492149,
      "noise": 0.05171280600407694
    },
    "turnover_rate": 0.023334434176576137,
    "social_diffusion": 0.04302898209368551,
    "max_rounds": 300,
    "initial_population": 200,
    "max_population": 800,
    "maslow_variation": 0.5,
    "constraint_threshold_range": [
      0.2,
      0.8
    ],
    "recovery_threshold": 0.15,
    "cooperation_bonus": 0.2,
    "trust_threshold": 0.6,
    "max_relationships_per_person": 150
  },
  "outcomes": {
    "final_cooperation_rate": 0.547486033519553,
    "behavioral_cooperation_rate": 0.5743652146282281,
    "final_constrained_rate": 0.45251396648044695,
    "final_population": 716,
    "extinction_occurred": false,
    "rounds_completed": 300,
    "first_cascade_round": null,
    "total_cascade_events": 0,
    "total_shock_events": 17,
    "total_defections": 147802,
    "total_redemptions": 1671,
    "net_strategy_change": 146131,
    "total_births": 777,
    "total_deaths": 260,
    "max_population_reached": 746,
    "population_stability": 0.00764996037363904,
    "population_growth": 3.73,
    "avg_system_stress": 2.3489170493267024,
    "max_system_stress": 7.293155677899869,
    "avg_maslow_pressure": 0.08285696634440881,
    "avg_basic_needs_crisis_rate": 0.30027932960893855,
    "avg_trust_level": 0.6018160303356732,
    "cooperation_benefit_total": 0,
    "cooperation_resilience": 0.547486033519553
  },
  "maslow_hierarchy": {
    "initial_needs_avg": {
      "physiological": 5.258639349538205,
      "safety": 5.236713152946355,
      "love": 8.292375193367707,
      "esteem": 2.64604821363237,
      "self_actualization": 5.687039918760849
    },
    "final_needs_avg": {
      "physiological": 5.258639349538205,
      "safety": 5.236713152946355,
      "love": 8.292375193367707,
      "esteem": 2.64604821363237,
      "self_actualization": 5.687039918760849
    },
    "needs_improvement": {
      "physiological": 0.0,
      "safety": 0.0,
      "love": 0.0,
      "esteem": 0.0,
      "self_actualization": 0.0
    }
  },
  "inter_group_metrics": {
    "final_group_populations": {
      "A": 716
    },
    "final_group_cooperation_rates": {
      "A": 0.547486033519553
    },
    "in_group_interaction_rate": 1.0,
    "out_group_interaction_rate": 0.0,
    "avg_in_group_trust": 0.6018160303356732,
    "avg_out_group_trust": 0.6018160303356732,
    "trust_asymmetry": 0.0,
    "group_segregation_index": 1.0,
    "total_mixing_events": 0,
    "mixing_event_success_rate": 0,
    "reputational_spillover_events": 0,
    "out_group_constraint_amplifications": 0,
    "group_extinction_events": 0
  },
  "interaction_metrics": {
    "total_interactions": 276944,
    "avg_interaction_processing_time": 0.0
  }
}