{
  "run_id": 119,
  "parameters": {
    "shock_interval_years": 20,
    "homophily_bias": 0.0,
    "num_groups": 1,
    "out_group_trust_bias": 0.8095918446608521,
    "out_group_penalty": 1.225687228042682,
    "intervention_interval": 0,
    "intervention_scale": 0.0839429994169111,
    "event_bonus": 2.3598402434923806,
    "base_trust_delta": 0.12276855175647494,
    "group_trust_bias": 1.6706587948212834,
    "resilience_profile": {
      "threshold": 0.3291304215575911,
      "noise": 0.012750413254658238
    },
    "turnover_rate": 0.0274302932433295,
    "social_diffusion": 0.023163339942007245,
    "max_rounds": 300,
    "initial_population": 200,
    "max_population": 800,
    "maslow_variation": 0.5,
    "constraint_threshold_range": [
      0.2,
      0.8
    ],
    "recovery_threshold": 0.15,
    "cooperation_bonus": 0.2,
    "trust_threshold": 0.6,
    "max_relationships_per_person": 150
  },
  "outcomes": {
    "final_cooperation_rate": 1.0,
    "behavioral_cooperation_rate": 0.7833399681528662,
    "final_constrained_rate": 0.0,
    "final_population": 795,
    "extinction_occurred": false,
    "rounds_completed": 300,
    "first_cascade_round": null,
    "total_cascade_events": 0,
    "total_shock_events": 1,
    "total_defections": 74237,
    "total_redemptions": 0,
    "net_strategy_change": 74237,
    "total_births": 862,
    "total_deaths": 266,
    "max_population_reached": 800,
    "population_stability": 0.013747454157653443,
    "population_growth": 4.0,
    "avg_system_stress": 0.021535360064830613,
    "max_system_stress": 0.3657360006946138,
    "avg_maslow_pressure": 0.03363587521605313,
    "avg_basic_needs_crisis_rate": 0.1949685534591195,
    "avg_trust_level": 0.754427759835116,
    "cooperation_benefit_total": 0,
    "cooperation_resilience": 1.0
  },
  "maslow_hierarchy": {
    "initial_needs_avg": {
      "physiological": 5.692739752241859,
      "safety": 6.0554947107843065,
      "love": 9.984998635218549,
      "esteem": 5.372075806615412,
      "self_actualization": 5.590695236721021
    },
    "final_needs_avg": {
      "physiological": 5.692739752241859,
      "safety": 6.0554947107843065,
      "love": 9.984998635218549,
      "esteem": 5.372075806615412,
      "self_actualization": 5.590695236721021
    },
    "needs_improvement": {
      "physiological": 0.0,
      "safety": 0.0,
      "love": 0.0,
      "esteem": 0.0,
      "self_actualization": 0.0
    }
  },
  "inter_group_metrics": {
    "final_group_populations": {
      "A": 795
    },
    "final_group_cooperation_rates": {
      "A": 1.0
    },
    "in_group_interaction_rate": 1.0,
    "out_group_interaction_rate": 0.0,
    "avg_in_group_trust": 0.754427759835116,
    "avg_out_group_trust": 0.754427759835116,
    "trust_asymmetry": 0.0,
    "group_segregation_index": 1.0,
    "total_mixing_events": 0,
    "mixing_event_success_rate": 0,
    "reputational_spillover_events": 0,
    "out_group_constraint_amplifications": 0,
    "group_extinction_events": 0
  },
  "interaction_metrics": {
    "total_interactions": 311488,
    "avg_interaction_processing_time": 0.0
  }
}