{
  "run_id": 200,
  "parameters": {
    "shock_interval_years": 20,
    "homophily_bias": 0.10815766274365268,
    "num_groups": 2,
    "out_group_trust_bias": 0.9694965545459808,
    "out_group_penalty": 1.4654436482004867,
    "intervention_interval": 15,
    "intervention_scale": 0.14654223122920085,
    "event_bonus": 1.8907927579290837,
    "base_trust_delta": 0.17245819708792023,
    "group_trust_bias": 1.8280560525036442,
    "resilience_profile": {
      "threshold": 0.11807801222445838,
      "noise": 0.005183825931835522
    },
    "turnover_rate": 0.04103181100680599,
    "social_diffusion": 0.07151077643647753,
    "max_rounds": 300,
    "initial_population": 200,
    "max_population": 800,
    "maslow_variation": 0.5,
    "constraint_threshold_range": [
      0.2,
      0.8
    ],
    "recovery_threshold": 0.15,
    "cooperation_bonus": 0.2,
    "trust_threshold": 0.6,
    "max_relationships_per_person": 150
  },
  "outcomes": {
    "final_cooperation_rate": 0.2904040404040404,
    "behavioral_cooperation_rate": 0.032783983530398506,
    "final_constrained_rate": 0.7095959595959596,
    "final_population": 792,
    "extinction_occurred": false,
    "rounds_completed": 300,
    "first_cascade_round": null,
    "total_cascade_events": 0,
    "total_shock_events": 3,
    "total_defections": 634519,
    "total_redemptions": 5041,
    "net_strategy_change": 629478,
    "total_births": 926,
    "total_deaths": 330,
    "max_population_reached": 800,
    "population_stability": 0.004847102272678964,
    "population_growth": 4.0,
    "avg_system_stress": 0.07443557846802185,
    "max_system_stress": 0.4137681918163224,
    "avg_maslow_pressure": 0.2081354406221366,
    "avg_basic_needs_crisis_rate": 0.33207070707070707,
    "avg_trust_level": 0.18810104706156588,
    "cooperation_benefit_total": 0,
    "cooperation_resilience": 0.2904040404040404
  },
  "maslow_hierarchy": {
    "initial_needs_avg": {
      "physiological": 4.723767667566753,
      "safety": 5.536595978884735,
      "love": 2.138113445963941,
      "esteem": 0.8410818103812188,
      "self_actualization": 4.923358503830232
    },
    "final_needs_avg": {
      "physiological": 4.723767667566753,
      "safety": 5.536595978884735,
      "love": 2.138113445963941,
      "esteem": 0.8410818103812188,
      "self_actualization": 4.923358503830232
    },
    "needs_improvement": {
      "physiological": 0.0,
      "safety": 0.0,
      "love": 0.0,
      "esteem": 0.0,
      "self_actualization": 0.0
    }
  },
  "inter_group_metrics": {
    "final_group_populations": {
      "A": 413,
      "B": 379
    },
    "final_group_cooperation_rates": {
      "A": 0.30024213075060535,
      "B": 0.2796833773087071
    },
    "in_group_interaction_rate": 0.5902832618960737,
    "out_group_interaction_rate": 0.4097167381039262,
    "avg_in_group_trust": 0.150526525841936,
    "avg_out_group_trust": 0.2256755682811958,
    "trust_asymmetry": -0.07514904243925982,
    "group_segregation_index": 0.5902832618960737,
    "total_mixing_events": 20,
    "mixing_event_success_rate": 1.0,
    "reputational_spillover_events": 0,
    "out_group_constraint_amplifications": 0,
    "group_extinction_events": 0
  },
  "interaction_metrics": {
    "total_interactions": 367222,
    "avg_interaction_processing_time": 0.0
  }
}