{
  "run_id": 301,
  "parameters": {
    "shock_interval_years": 10,
    "homophily_bias": 0.27968974755244086,
    "num_groups": 2,
    "out_group_trust_bias": 1.1913380270635827,
    "out_group_penalty": 1.4587455200479762,
    "intervention_interval": 10,
    "intervention_scale": 0.16677111422112817,
    "event_bonus": 1.6814151717159729,
    "base_trust_delta": 0.1507960553736361,
    "group_trust_bias": 1.959562245037205,
    "resilience_profile": {
      "threshold": 0.2039150646909029,
      "noise": 0.06579950637169603
    },
    "turnover_rate": 0.049751426345104946,
    "social_diffusion": 0.07604450547698843,
    "max_rounds": 300,
    "initial_population": 200,
    "max_population": 800,
    "maslow_variation": 0.5,
    "constraint_threshold_range": [
      0.2,
      0.8
    ],
    "recovery_threshold": 0.15,
    "cooperation_bonus": 0.2,
    "trust_threshold": 0.6,
    "max_relationships_per_person": 150
  },
  "outcomes": {
    "final_cooperation_rate": 0.7773584905660378,
    "behavioral_cooperation_rate": 0.11723475581189552,
    "final_constrained_rate": 0.22264150943396227,
    "final_population": 795,
    "extinction_occurred": false,
    "rounds_completed": 300,
    "first_cascade_round": null,
    "total_cascade_events": 0,
    "total_shock_events": 10,
    "total_defections": 543845,
    "total_redemptions": 1783,
    "net_strategy_change": 542062,
    "total_births": 958,
    "total_deaths": 360,
    "max_population_reached": 800,
    "population_stability": 0.0035874106429202362,
    "population_growth": 4.0,
    "avg_system_stress": 1.1855172562498018,
    "max_system_stress": 3.2800906400286487,
    "avg_maslow_pressure": 0.08530522026772214,
    "avg_basic_needs_crisis_rate": 0.2792452830188679,
    "avg_trust_level": 0.461560568371623,
    "cooperation_benefit_total": 0,
    "cooperation_resilience": 0.7773584905660378
  },
  "maslow_hierarchy": {
    "initial_needs_avg": {
      "physiological": 5.277556568529697,
      "safety": 5.09209221530905,
      "love": 7.874741825587869,
      "esteem": 3.7248637104681657,
      "self_actualization": 5.504173537204813
    },
    "final_needs_avg": {
      "physiological": 5.277556568529697,
      "safety": 5.09209221530905,
      "love": 7.874741825587869,
      "esteem": 3.7248637104681657,
      "self_actualization": 5.504173537204813
    },
    "needs_improvement": {
      "physiological": 0.0,
      "safety": 0.0,
      "love": 0.0,
      "esteem": 0.0,
      "self_actualization": 0.0
    }
  },
  "inter_group_metrics": {
    "final_group_populations": {
      "B": 423,
      "A": 372
    },
    "final_group_cooperation_rates": {
      "B": 0.7990543735224587,
      "A": 0.7526881720430108
    },
    "in_group_interaction_rate": 0.6560232371711451,
    "out_group_interaction_rate": 0.3439767628288549,
    "avg_in_group_trust": 0.5250170813062577,
    "avg_out_group_trust": 0.39810405543698835,
    "trust_asymmetry": 0.12691302586926934,
    "group_segregation_index": 0.6560232371711451,
    "total_mixing_events": 30,
    "mixing_event_success_rate": 1.0,
    "reputational_spillover_events": 0,
    "out_group_constraint_amplifications": 0,
    "group_extinction_events": 0
  },
  "interaction_metrics": {
    "total_interactions": 384212,
    "avg_interaction_processing_time": 0.0
  }
}