{
  "run_id": 495,
  "parameters": {
    "shock_interval_years": 5,
    "homophily_bias": 0.1570139303697193,
    "num_groups": 2,
    "out_group_trust_bias": 1.1810973207363589,
    "out_group_penalty": 1.3284689577202096,
    "intervention_interval": 10,
    "intervention_scale": 0.05670651922823293,
    "event_bonus": 1.6422452766230715,
    "base_trust_delta": 0.07896595744375853,
    "group_trust_bias": 1.494921979854296,
    "resilience_profile": {
      "threshold": 0.15719374689624332,
      "noise": 0.00861629790151528
    },
    "turnover_rate": 0.026030792103803754,
    "social_diffusion": 0.037764614775721655,
    "max_rounds": 300,
    "initial_population": 200,
    "max_population": 800,
    "maslow_variation": 0.5,
    "constraint_threshold_range": [
      0.2,
      0.8
    ],
    "recovery_threshold": 0.15,
    "cooperation_bonus": 0.2,
    "trust_threshold": 0.6,
    "max_relationships_per_person": 150
  },
  "outcomes": {
    "final_cooperation_rate": 0.4924812030075188,
    "behavioral_cooperation_rate": 0.09060993725750748,
    "final_constrained_rate": 0.5075187969924813,
    "final_population": 798,
    "extinction_occurred": false,
    "rounds_completed": 300,
    "first_cascade_round": null,
    "total_cascade_events": 0,
    "total_shock_events": 15,
    "total_defections": 471368,
    "total_redemptions": 1905,
    "net_strategy_change": 469463,
    "total_births": 867,
    "total_deaths": 268,
    "max_population_reached": 800,
    "population_stability": 0.011984178845845862,
    "population_growth": 4.0,
    "avg_system_stress": 4.253368612782004,
    "max_system_stress": 7.382909058049759,
    "avg_maslow_pressure": 0.1365425697895652,
    "avg_basic_needs_crisis_rate": 0.3157894736842105,
    "avg_trust_level": 0.3613142006724963,
    "cooperation_benefit_total": 0,
    "cooperation_resilience": 0.4924812030075188
  },
  "maslow_hierarchy": {
    "initial_needs_avg": {
      "physiological": 5.16570634267307,
      "safety": 5.046387160573864,
      "love": 5.50445254597037,
      "esteem": 1.7913860959818888,
      "self_actualization": 5.27273202661247
    },
    "final_needs_avg": {
      "physiological": 5.16570634267307,
      "safety": 5.046387160573864,
      "love": 5.50445254597037,
      "esteem": 1.7913860959818888,
      "self_actualization": 5.27273202661247
    },
    "needs_improvement": {
      "physiological": 0.0,
      "safety": 0.0,
      "love": 0.0,
      "esteem": 0.0,
      "self_actualization": 0.0
    }
  },
  "inter_group_metrics": {
    "final_group_populations": {
      "A": 343,
      "B": 455
    },
    "final_group_cooperation_rates": {
      "A": 0.46355685131195334,
      "B": 0.5142857142857142
    },
    "in_group_interaction_rate": 0.614487811910418,
    "out_group_interaction_rate": 0.385512188089582,
    "avg_in_group_trust": 0.3657202453551317,
    "avg_out_group_trust": 0.3569081559898609,
    "trust_asymmetry": 0.008812089365270781,
    "group_segregation_index": 0.614487811910418,
    "total_mixing_events": 30,
    "mixing_event_success_rate": 1.0,
    "reputational_spillover_events": 0,
    "out_group_constraint_amplifications": 0,
    "group_extinction_events": 0
  },
  "interaction_metrics": {
    "total_interactions": 319082,
    "avg_interaction_processing_time": 0.0
  }
}