{
  "run_id": 252,
  "parameters": {
    "shock_interval_years": 10,
    "homophily_bias": 0.7435121315794135,
    "num_groups": 2,
    "out_group_trust_bias": 0.8820956139936024,
    "out_group_penalty": 1.4657407733863186,
    "intervention_interval": 20,
    "intervention_scale": 0.11357535068056542,
    "event_bonus": 2.197251637809549,
    "base_trust_delta": 0.09661378157919594,
    "group_trust_bias": 1.353045463694708,
    "resilience_profile": {
      "threshold": 0.3998646627465664,
      "noise": 0.032746009484700786
    },
    "turnover_rate": 0.0317195871208137,
    "social_diffusion": 0.08074699561221851,
    "max_rounds": 300,
    "initial_population": 200,
    "max_population": 800,
    "maslow_variation": 0.5,
    "constraint_threshold_range": [
      0.2,
      0.8
    ],
    "recovery_threshold": 0.15,
    "cooperation_bonus": 0.2,
    "trust_threshold": 0.6,
    "max_relationships_per_person": 150
  },
  "outcomes": {
    "final_cooperation_rate": 0.9786432160804021,
    "behavioral_cooperation_rate": 0.6415235816980766,
    "final_constrained_rate": 0.02135678391959799,
    "final_population": 796,
    "extinction_occurred": false,
    "rounds_completed": 300,
    "first_cascade_round": null,
    "total_cascade_events": 0,
    "total_shock_events": 8,
    "total_defections": 147295,
    "total_redemptions": 893,
    "net_strategy_change": 146402,
    "total_births": 878,
    "total_deaths": 281,
    "max_population_reached": 800,
    "population_stability": 0.011255853828450936,
    "population_growth": 4.0,
    "avg_system_stress": 0.5380089451698893,
    "max_system_stress": 0.9872962599503559,
    "avg_maslow_pressure": 0.031431673837172026,
    "avg_basic_needs_crisis_rate": 0.17336683417085427,
    "avg_trust_level": 0.6065076700331632,
    "cooperation_benefit_total": 0,
    "cooperation_resilience": 0.9786432160804021
  },
  "maslow_hierarchy": {
    "initial_needs_avg": {
      "physiological": 5.805641490323082,
      "safety": 5.844161070257937,
      "love": 9.773034626965758,
      "esteem": 5.420834971863479,
      "self_actualization": 5.734227466097194
    },
    "final_needs_avg": {
      "physiological": 5.805641490323082,
      "safety": 5.844161070257937,
      "love": 9.773034626965758,
      "esteem": 5.420834971863479,
      "self_actualization": 5.734227466097194
    },
    "needs_improvement": {
      "physiological": 0.0,
      "safety": 0.0,
      "love": 0.0,
      "esteem": 0.0,
      "self_actualization": 0.0
    }
  },
  "inter_group_metrics": {
    "final_group_populations": {
      "A": 391,
      "B": 405
    },
    "final_group_cooperation_rates": {
      "A": 0.9769820971867008,
      "B": 0.980246913580247
    },
    "in_group_interaction_rate": 0.8439746454245192,
    "out_group_interaction_rate": 0.15602535457548086,
    "avg_in_group_trust": 0.684185635592308,
    "avg_out_group_trust": 0.5288297044740183,
    "trust_asymmetry": 0.15535593111828971,
    "group_segregation_index": 0.8439746454245192,
    "total_mixing_events": 15,
    "mixing_event_success_rate": 1.0,
    "reputational_spillover_events": 0,
    "out_group_constraint_amplifications": 0,
    "group_extinction_events": 0
  },
  "interaction_metrics": {
    "total_interactions": 329408,
    "avg_interaction_processing_time": 0.0
  }
}