{
  "run_id": 340,
  "parameters": {
    "shock_interval_years": 5,
    "homophily_bias": 0.024911482391495633,
    "num_groups": 3,
    "out_group_trust_bias": 0.870906227951364,
    "out_group_penalty": 1.3691773095667812,
    "intervention_interval": 10,
    "intervention_scale": 0.16346258719171264,
    "event_bonus": 1.8043069715345017,
    "base_trust_delta": 0.13377073292592118,
    "group_trust_bias": 1.56240281721244,
    "resilience_profile": {
      "threshold": 0.3707537661164755,
      "noise": 0.052631407455253805
    },
    "turnover_rate": 0.02226396647251168,
    "social_diffusion": 0.022848722647943878,
    "max_rounds": 300,
    "initial_population": 200,
    "max_population": 800,
    "maslow_variation": 0.5,
    "constraint_threshold_range": [
      0.2,
      0.8
    ],
    "recovery_threshold": 0.15,
    "cooperation_bonus": 0.2,
    "trust_threshold": 0.6,
    "max_relationships_per_person": 150
  },
  "outcomes": {
    "final_cooperation_rate": 0.6479514415781487,
    "behavioral_cooperation_rate": 0.12435979393073365,
    "final_constrained_rate": 0.3520485584218513,
    "final_population": 659,
    "extinction_occurred": false,
    "rounds_completed": 300,
    "first_cascade_round": null,
    "total_cascade_events": 0,
    "total_shock_events": 12,
    "total_defections": 373615,
    "total_redemptions": 1386,
    "net_strategy_change": 372229,
    "total_births": 715,
    "total_deaths": 255,
    "max_population_reached": 719,
    "population_stability": 0.012317022410427602,
    "population_growth": 3.595,
    "avg_system_stress": 2.3036321376303732,
    "max_system_stress": 3.1381698176617485,
    "avg_maslow_pressure": 0.1076509101752304,
    "avg_basic_needs_crisis_rate": 0.3125948406676783,
    "avg_trust_level": 0.3797329037313675,
    "cooperation_benefit_total": 0,
    "cooperation_resilience": 0.6479514415781487
  },
  "maslow_hierarchy": {
    "initial_needs_avg": {
      "physiological": 5.2394402324686595,
      "safety": 4.976996882111591,
      "love": 7.477608892533559,
      "esteem": 3.462399888426191,
      "self_actualization": 4.965669988448672
    },
    "final_needs_avg": {
      "physiological": 5.2394402324686595,
      "safety": 4.976996882111591,
      "love": 7.477608892533559,
      "esteem": 3.462399888426191,
      "self_actualization": 4.965669988448672
    },
    "needs_improvement": {
      "physiological": 0.0,
      "safety": 0.0,
      "love": 0.0,
      "esteem": 0.0,
      "self_actualization": 0.0
    }
  },
  "inter_group_metrics": {
    "final_group_populations": {
      "C": 249,
      "B": 200,
      "A": 210
    },
    "final_group_cooperation_rates": {
      "C": 0.6465863453815262,
      "B": 0.61,
      "A": 0.6857142857142857
    },
    "in_group_interaction_rate": 0.43512578498101007,
    "out_group_interaction_rate": 0.5648742150189899,
    "avg_in_group_trust": 0.38988211420864083,
    "avg_out_group_trust": 0.36958369325409407,
    "trust_asymmetry": 0.02029842095454676,
    "group_segregation_index": 0.43512578498101007,
    "total_mixing_events": 30,
    "mixing_event_success_rate": 1.0,
    "reputational_spillover_events": 0,
    "out_group_constraint_amplifications": 0,
    "group_extinction_events": 0
  },
  "interaction_metrics": {
    "total_interactions": 265930,
    "avg_interaction_processing_time": 0.0
  }
}