{
  "run_id": 322,
  "parameters": {
    "shock_interval_years": 10,
    "homophily_bias": 0.08290685282451965,
    "num_groups": 3,
    "out_group_trust_bias": 0.8772388259203485,
    "out_group_penalty": 1.3666155892992682,
    "intervention_interval": 10,
    "intervention_scale": 0.18617347347189822,
    "event_bonus": 2.1059852191091597,
    "base_trust_delta": 0.09523368857947578,
    "group_trust_bias": 1.8065721817635514,
    "resilience_profile": {
      "threshold": 0.3527102710839509,
      "noise": 0.13112666357765168
    },
    "turnover_rate": 0.042911409991415336,
    "social_diffusion": 0.049758449452791176,
    "max_rounds": 300,
    "initial_population": 200,
    "max_population": 800,
    "maslow_variation": 0.5,
    "constraint_threshold_range": [
      0.2,
      0.8
    ],
    "recovery_threshold": 0.15,
    "cooperation_bonus": 0.2,
    "trust_threshold": 0.6,
    "max_relationships_per_person": 150
  },
  "outcomes": {
    "final_cooperation_rate": 0.797724399494311,
    "behavioral_cooperation_rate": 0.19957458664180625,
    "final_constrained_rate": 0.202275600505689,
    "final_population": 791,
    "extinction_occurred": false,
    "rounds_completed": 300,
    "first_cascade_round": null,
    "total_cascade_events": 0,
    "total_shock_events": 6,
    "total_defections": 435251,
    "total_redemptions": 1780,
    "net_strategy_change": 433471,
    "total_births": 927,
    "total_deaths": 332,
    "max_population_reached": 800,
    "population_stability": 0.0020556048354136735,
    "population_growth": 4.0,
    "avg_system_stress": 0.3047994802635992,
    "max_system_stress": 0.8904874656188477,
    "avg_maslow_pressure": 0.06414699787325044,
    "avg_basic_needs_crisis_rate": 0.22756005056890014,
    "avg_trust_level": 0.6058020862518458,
    "cooperation_benefit_total": 0,
    "cooperation_resilience": 0.797724399494311
  },
  "maslow_hierarchy": {
    "initial_needs_avg": {
      "physiological": 5.271926324623255,
      "safety": 5.68546557749404,
      "love": 8.388886506005672,
      "esteem": 4.869399164150645,
      "self_actualization": 5.49350144852306
    },
    "final_needs_avg": {
      "physiological": 5.271926324623255,
      "safety": 5.68546557749404,
      "love": 8.388886506005672,
      "esteem": 4.869399164150645,
      "self_actualization": 5.49350144852306
    },
    "needs_improvement": {
      "physiological": 0.0,
      "safety": 0.0,
      "love": 0.0,
      "esteem": 0.0,
      "self_actualization": 0.0
    }
  },
  "inter_group_metrics": {
    "final_group_populations": {
      "C": 255,
      "B": 290,
      "A": 246
    },
    "final_group_cooperation_rates": {
      "C": 0.8156862745098039,
      "B": 0.803448275862069,
      "A": 0.7723577235772358
    },
    "in_group_interaction_rate": 0.45305986862549696,
    "out_group_interaction_rate": 0.546940131374503,
    "avg_in_group_trust": 0.6172121604558646,
    "avg_out_group_trust": 0.5943920120478271,
    "trust_asymmetry": 0.022820148408037477,
    "group_segregation_index": 0.45305986862549696,
    "total_mixing_events": 30,
    "mixing_event_success_rate": 1.0,
    "reputational_spillover_events": 0,
    "out_group_constraint_amplifications": 0,
    "group_extinction_events": 0
  },
  "interaction_metrics": {
    "total_interactions": 373284,
    "avg_interaction_processing_time": 0.0
  }
}