{
  "run_id": 157,
  "parameters": {
    "shock_interval_years": 5,
    "homophily_bias": 0.4535752584565817,
    "num_groups": 2,
    "out_group_trust_bias": 1.0684646147492851,
    "out_group_penalty": 1.4099804898670154,
    "intervention_interval": 10,
    "intervention_scale": 0.15512711947917923,
    "event_bonus": 1.8024825935525428,
    "base_trust_delta": 0.056193607112742516,
    "group_trust_bias": 1.368660943919664,
    "resilience_profile": {
      "threshold": 0.2667748284427569,
      "noise": 0.10762173662680413
    },
    "turnover_rate": 0.03016560331935443,
    "social_diffusion": 0.028773713722482885,
    "max_rounds": 300,
    "initial_population": 200,
    "max_population": 800,
    "maslow_variation": 0.5,
    "constraint_threshold_range": [
      0.2,
      0.8
    ],
    "recovery_threshold": 0.15,
    "cooperation_bonus": 0.2,
    "trust_threshold": 0.6,
    "max_relationships_per_person": 150
  },
  "outcomes": {
    "final_cooperation_rate": 0.8479899497487438,
    "behavioral_cooperation_rate": 0.5207352364135767,
    "final_constrained_rate": 0.15201005025125627,
    "final_population": 796,
    "extinction_occurred": false,
    "rounds_completed": 300,
    "first_cascade_round": null,
    "total_cascade_events": 0,
    "total_shock_events": 11,
    "total_defections": 196221,
    "total_redemptions": 1301,
    "net_strategy_change": 194920,
    "total_births": 883,
    "total_deaths": 286,
    "max_population_reached": 800,
    "population_stability": 0.0043920690305294195,
    "population_growth": 4.0,
    "avg_system_stress": 1.2782231302845555,
    "max_system_stress": 2.954101397145372,
    "avg_maslow_pressure": 0.05216851572301754,
    "avg_basic_needs_crisis_rate": 0.2399497487437186,
    "avg_trust_level": 0.5628801254249011,
    "cooperation_benefit_total": 0,
    "cooperation_resilience": 0.8479899497487438
  },
  "maslow_hierarchy": {
    "initial_needs_avg": {
      "physiological": 5.638972858660517,
      "safety": 5.682522056296368,
      "love": 9.137309011790471,
      "esteem": 5.094778975034109,
      "self_actualization": 5.441115159149652
    },
    "final_needs_avg": {
      "physiological": 5.638972858660517,
      "safety": 5.682522056296368,
      "love": 9.137309011790471,
      "esteem": 5.094778975034109,
      "self_actualization": 5.441115159149652
    },
    "needs_improvement": {
      "physiological": 0.0,
      "safety": 0.0,
      "love": 0.0,
      "esteem": 0.0,
      "self_actualization": 0.0
    }
  },
  "inter_group_metrics": {
    "final_group_populations": {
      "B": 437,
      "A": 359
    },
    "final_group_cooperation_rates": {
      "B": 0.8581235697940504,
      "A": 0.8356545961002786
    },
    "in_group_interaction_rate": 0.7279772415146164,
    "out_group_interaction_rate": 0.27202275848538354,
    "avg_in_group_trust": 0.5820870868451162,
    "avg_out_group_trust": 0.5436731640046859,
    "trust_asymmetry": 0.038413922840430326,
    "group_segregation_index": 0.7279772415146164,
    "total_mixing_events": 30,
    "mixing_event_success_rate": 1.0,
    "reputational_spillover_events": 0,
    "out_group_constraint_amplifications": 0,
    "group_extinction_events": 0
  },
  "interaction_metrics": {
    "total_interactions": 326208,
    "avg_interaction_processing_time": 0.0
  }
}