{
  "run_id": 116,
  "parameters": {
    "shock_interval_years": 5,
    "homophily_bias": 0.0,
    "num_groups": 1,
    "out_group_trust_bias": 1.039897253712897,
    "out_group_penalty": 1.2275650053950926,
    "intervention_interval": 0,
    "intervention_scale": 0.2612969780051004,
    "event_bonus": 2.1012173604583593,
    "base_trust_delta": 0.1762326893992342,
    "group_trust_bias": 1.4143117551421378,
    "resilience_profile": {
      "threshold": 0.3965473668315116,
      "noise": 0.024443355321979963
    },
    "turnover_rate": 0.045524898500297006,
    "social_diffusion": 0.029154740072450093,
    "max_rounds": 300,
    "initial_population": 200,
    "max_population": 800,
    "maslow_variation": 0.5,
    "constraint_threshold_range": [
      0.2,
      0.8
    ],
    "recovery_threshold": 0.15,
    "cooperation_bonus": 0.2,
    "trust_threshold": 0.6,
    "max_relationships_per_person": 150
  },
  "outcomes": {
    "final_cooperation_rate": 0.9710691823899371,
    "behavioral_cooperation_rate": 0.5891017284158291,
    "final_constrained_rate": 0.028930817610062894,
    "final_population": 795,
    "extinction_occurred": false,
    "rounds_completed": 300,
    "first_cascade_round": null,
    "total_cascade_events": 0,
    "total_shock_events": 15,
    "total_defections": 193196,
    "total_redemptions": 2052,
    "net_strategy_change": 191144,
    "total_births": 945,
    "total_deaths": 347,
    "max_population_reached": 800,
    "population_stability": 0.0040889116829332375,
    "population_growth": 4.0,
    "avg_system_stress": 3.98400953537215,
    "max_system_stress": 5.041903712026486,
    "avg_maslow_pressure": 0.04966026411253667,
    "avg_basic_needs_crisis_rate": 0.17484276729559747,
    "avg_trust_level": 0.7828818175681254,
    "cooperation_benefit_total": 0,
    "cooperation_resilience": 0.9710691823899371
  },
  "maslow_hierarchy": {
    "initial_needs_avg": {
      "physiological": 5.988381448923967,
      "safety": 5.898127279278054,
      "love": 9.635766591660715,
      "esteem": 3.5957336738490913,
      "self_actualization": 5.403348723259375
    },
    "final_needs_avg": {
      "physiological": 5.988381448923967,
      "safety": 5.898127279278054,
      "love": 9.635766591660715,
      "esteem": 3.5957336738490913,
      "self_actualization": 5.403348723259375
    },
    "needs_improvement": {
      "physiological": 0.0,
      "safety": 0.0,
      "love": 0.0,
      "esteem": 0.0,
      "self_actualization": 0.0
    }
  },
  "inter_group_metrics": {
    "final_group_populations": {
      "A": 795
    },
    "final_group_cooperation_rates": {
      "A": 0.9710691823899371
    },
    "in_group_interaction_rate": 1.0,
    "out_group_interaction_rate": 0.0,
    "avg_in_group_trust": 0.7828818175681254,
    "avg_out_group_trust": 0.7828818175681254,
    "trust_asymmetry": 0.0,
    "group_segregation_index": 1.0,
    "total_mixing_events": 0,
    "mixing_event_success_rate": 0,
    "reputational_spillover_events": 0,
    "out_group_constraint_amplifications": 0,
    "group_extinction_events": 0
  },
  "interaction_metrics": {
    "total_interactions": 380464,
    "avg_interaction_processing_time": 0.0
  }
}