{
  "run_id": 204,
  "parameters": {
    "shock_interval_years": 2,
    "homophily_bias": 0.0,
    "num_groups": 1,
    "out_group_trust_bias": 1.1928741249553605,
    "out_group_penalty": 1.2340442343135312,
    "intervention_interval": 0,
    "intervention_scale": 0.17174601470153472,
    "event_bonus": 2.308410608513449,
    "base_trust_delta": 0.05112934621336338,
    "group_trust_bias": 1.590914714974942,
    "resilience_profile": {
      "threshold": 0.2886718842712801,
      "noise": 0.10328330096515782
    },
    "turnover_rate": 0.021393575368200978,
    "social_diffusion": 0.0010598703428293611,
    "max_rounds": 300,
    "initial_population": 200,
    "max_population": 800,
    "maslow_variation": 0.5,
    "constraint_threshold_range": [
      0.2,
      0.8
    ],
    "recovery_threshold": 0.15,
    "cooperation_bonus": 0.2,
    "trust_threshold": 0.6,
    "max_relationships_per_person": 150
  },
  "outcomes": {
    "final_cooperation_rate": 0.7137404580152672,
    "behavioral_cooperation_rate": 0.29310660998582977,
    "final_constrained_rate": 0.2862595419847328,
    "final_population": 524,
    "extinction_occurred": false,
    "rounds_completed": 300,
    "first_cascade_round": null,
    "total_cascade_events": 0,
    "total_shock_events": 40,
    "total_defections": 237188,
    "total_redemptions": 3426,
    "net_strategy_change": 233762,
    "total_births": 587,
    "total_deaths": 263,
    "max_population_reached": 628,
    "population_stability": 0.007608344335659997,
    "population_growth": 3.14,
    "avg_system_stress": 9.262215986842781,
    "max_system_stress": 18.991825911721147,
    "avg_maslow_pressure": 0.12614363992395447,
    "avg_basic_needs_crisis_rate": 0.33587786259541985,
    "avg_trust_level": 0.4928136023445124,
    "cooperation_benefit_total": 0,
    "cooperation_resilience": 0.7137404580152672
  },
  "maslow_hierarchy": {
    "initial_needs_avg": {
      "physiological": 5.233625656149394,
      "safety": 4.97815464563271,
      "love": 7.736002670481875,
      "esteem": 0.6119083243261082,
      "self_actualization": 5.29472793483084
    },
    "final_needs_avg": {
      "physiological": 5.233625656149394,
      "safety": 4.97815464563271,
      "love": 7.736002670481875,
      "esteem": 0.6119083243261082,
      "self_actualization": 5.29472793483084
    },
    "needs_improvement": {
      "physiological": 0.0,
      "safety": 0.0,
      "love": 0.0,
      "esteem": 0.0,
      "self_actualization": 0.0
    }
  },
  "inter_group_metrics": {
    "final_group_populations": {
      "A": 524
    },
    "final_group_cooperation_rates": {
      "A": 0.7137404580152672
    },
    "in_group_interaction_rate": 1.0,
    "out_group_interaction_rate": 0.0,
    "avg_in_group_trust": 0.4928136023445124,
    "avg_out_group_trust": 0.4928136023445124,
    "trust_asymmetry": 0.0,
    "group_segregation_index": 1.0,
    "total_mixing_events": 0,
    "mixing_event_success_rate": 0,
    "reputational_spillover_events": 0,
    "out_group_constraint_amplifications": 0,
    "group_extinction_events": 0
  },
  "interaction_metrics": {
    "total_interactions": 239940,
    "avg_interaction_processing_time": 0.0
  }
}