{
  "run_id": 164,
  "parameters": {
    "shock_interval_years": 5,
    "homophily_bias": 0.3607530101755919,
    "num_groups": 2,
    "out_group_trust_bias": 0.9307534294164085,
    "out_group_penalty": 1.429108677042254,
    "intervention_interval": 10,
    "intervention_scale": 0.24392325475208482,
    "event_bonus": 1.9233055144025553,
    "base_trust_delta": 0.1046531339833216,
    "group_trust_bias": 1.6448077857788432,
    "resilience_profile": {
      "threshold": 0.16174210364109828,
      "noise": 0.08580028158960004
    },
    "turnover_rate": 0.04787370685582199,
    "social_diffusion": 0.01392197323159642,
    "max_rounds": 300,
    "initial_population": 200,
    "max_population": 800,
    "maslow_variation": 0.5,
    "constraint_threshold_range": [
      0.2,
      0.8
    ],
    "recovery_threshold": 0.15,
    "cooperation_bonus": 0.2,
    "trust_threshold": 0.6,
    "max_relationships_per_person": 150
  },
  "outcomes": {
    "final_cooperation_rate": 0.4256926952141058,
    "behavioral_cooperation_rate": 0.1523740938623571,
    "final_constrained_rate": 0.5743073047858942,
    "final_population": 794,
    "extinction_occurred": false,
    "rounds_completed": 300,
    "first_cascade_round": null,
    "total_cascade_events": 0,
    "total_shock_events": 18,
    "total_defections": 500034,
    "total_redemptions": 2021,
    "net_strategy_change": 498013,
    "total_births": 952,
    "total_deaths": 356,
    "max_population_reached": 800,
    "population_stability": 0.004679526616927796,
    "population_growth": 4.0,
    "avg_system_stress": 2.4036270346963087,
    "max_system_stress": 5.73441044661323,
    "avg_maslow_pressure": 0.10183069377768142,
    "avg_basic_needs_crisis_rate": 0.27581863979848864,
    "avg_trust_level": 0.5175642866553332,
    "cooperation_benefit_total": 0,
    "cooperation_resilience": 0.4256926952141058
  },
  "maslow_hierarchy": {
    "initial_needs_avg": {
      "physiological": 5.1270634920938365,
      "safety": 5.228196021296873,
      "love": 6.937818568329087,
      "esteem": 3.364676771913697,
      "self_actualization": 5.374641133577234
    },
    "final_needs_avg": {
      "physiological": 5.1270634920938365,
      "safety": 5.228196021296873,
      "love": 6.937818568329087,
      "esteem": 3.364676771913697,
      "self_actualization": 5.374641133577234
    },
    "needs_improvement": {
      "physiological": 0.0,
      "safety": 0.0,
      "love": 0.0,
      "esteem": 0.0,
      "self_actualization": 0.0
    }
  },
  "inter_group_metrics": {
    "final_group_populations": {
      "B": 430,
      "A": 364
    },
    "final_group_cooperation_rates": {
      "B": 0.4418604651162791,
      "A": 0.4065934065934066
    },
    "in_group_interaction_rate": 0.6928557434167677,
    "out_group_interaction_rate": 0.3071442565832323,
    "avg_in_group_trust": 0.47615549264396084,
    "avg_out_group_trust": 0.5589730806667056,
    "trust_asymmetry": -0.08281758802274475,
    "group_segregation_index": 0.6928557434167677,
    "total_mixing_events": 30,
    "mixing_event_success_rate": 1.0,
    "reputational_spillover_events": 0,
    "out_group_constraint_amplifications": 0,
    "group_extinction_events": 0
  },
  "interaction_metrics": {
    "total_interactions": 377702,
    "avg_interaction_processing_time": 0.0
  }
}