{
  "run_id": 31,
  "parameters": {
    "shock_interval_years": 10,
    "homophily_bias": 0.5307700485470506,
    "num_groups": 3,
    "out_group_trust_bias": 1.1538033983655447,
    "out_group_penalty": 1.235530679182512,
    "intervention_interval": 25,
    "intervention_scale": 0.05738054641171221,
    "event_bonus": 2.0164694059855566,
    "base_trust_delta": 0.19082539198118464,
    "group_trust_bias": 1.48958763279299,
    "resilience_profile": {
      "threshold": 0.3007823124398548,
      "noise": 0.05831607417261153
    },
    "turnover_rate": 0.03970551928389143,
    "social_diffusion": 0.08285857412110015,
    "max_rounds": 300,
    "initial_population": 200,
    "max_population": 800,
    "maslow_variation": 0.5,
    "constraint_threshold_range": [
      0.2,
      0.8
    ],
    "recovery_threshold": 0.15,
    "cooperation_bonus": 0.2,
    "trust_threshold": 0.6,
    "max_relationships_per_person": 150
  },
  "outcomes": {
    "final_cooperation_rate": 0.9696202531645569,
    "behavioral_cooperation_rate": 0.4801479407151734,
    "final_constrained_rate": 0.030379746835443037,
    "final_population": 790,
    "extinction_occurred": false,
    "rounds_completed": 300,
    "first_cascade_round": null,
    "total_cascade_events": 0,
    "total_shock_events": 4,
    "total_defections": 262442,
    "total_redemptions": 557,
    "net_strategy_change": 261885,
    "total_births": 929,
    "total_deaths": 338,
    "max_population_reached": 800,
    "population_stability": 0.003048430701391627,
    "population_growth": 4.0,
    "avg_system_stress": 0.15028331958478863,
    "max_system_stress": 0.7410478692504084,
    "avg_maslow_pressure": 0.04381042134808064,
    "avg_basic_needs_crisis_rate": 0.22278481012658227,
    "avg_trust_level": 0.6538383607082885,
    "cooperation_benefit_total": 0,
    "cooperation_resilience": 0.9696202531645569
  },
  "maslow_hierarchy": {
    "initial_needs_avg": {
      "physiological": 5.686482361927438,
      "safety": 5.787294930983224,
      "love": 9.679633244968041,
      "esteem": 4.939417646088628,
      "self_actualization": 5.675665951906468
    },
    "final_needs_avg": {
      "physiological": 5.686482361927438,
      "safety": 5.787294930983224,
      "love": 9.679633244968041,
      "esteem": 4.939417646088628,
      "self_actualization": 5.675665951906468
    },
    "needs_improvement": {
      "physiological": 0.0,
      "safety": 0.0,
      "love": 0.0,
      "esteem": 0.0,
      "self_actualization": 0.0
    }
  },
  "inter_group_metrics": {
    "final_group_populations": {
      "C": 255,
      "A": 289,
      "B": 246
    },
    "final_group_cooperation_rates": {
      "C": 0.9607843137254902,
      "A": 0.9757785467128027,
      "B": 0.9715447154471545
    },
    "in_group_interaction_rate": 0.6941871129852439,
    "out_group_interaction_rate": 0.30581288701475606,
    "avg_in_group_trust": 0.7860950612619968,
    "avg_out_group_trust": 0.5215816601545801,
    "trust_asymmetry": 0.2645134011074167,
    "group_segregation_index": 0.6941871129852439,
    "total_mixing_events": 12,
    "mixing_event_success_rate": 1.0,
    "reputational_spillover_events": 0,
    "out_group_constraint_amplifications": 0,
    "group_extinction_events": 0
  },
  "interaction_metrics": {
    "total_interactions": 368526,
    "avg_interaction_processing_time": 0.0
  }
}