{
  "run_id": 477,
  "parameters": {
    "shock_interval_years": 10,
    "homophily_bias": 0.5116545378480472,
    "num_groups": 2,
    "out_group_trust_bias": 0.8880790824493935,
    "out_group_penalty": 1.1107725682785574,
    "intervention_interval": 25,
    "intervention_scale": 0.29270249647960916,
    "event_bonus": 2.3954038672781213,
    "base_trust_delta": 0.06621647165554774,
    "group_trust_bias": 1.4168298665611023,
    "resilience_profile": {
      "threshold": 0.39244461353041515,
      "noise": 0.0028157701867409066
    },
    "turnover_rate": 0.04794591132062392,
    "social_diffusion": 0.09873720157539839,
    "max_rounds": 300,
    "initial_population": 200,
    "max_population": 800,
    "maslow_variation": 0.5,
    "constraint_threshold_range": [
      0.2,
      0.8
    ],
    "recovery_threshold": 0.15,
    "cooperation_bonus": 0.2,
    "trust_threshold": 0.6,
    "max_relationships_per_person": 150
  },
  "outcomes": {
    "final_cooperation_rate": 0.9923761118170267,
    "behavioral_cooperation_rate": 0.6330766104345769,
    "final_constrained_rate": 0.007623888182973317,
    "final_population": 787,
    "extinction_occurred": false,
    "rounds_completed": 300,
    "first_cascade_round": null,
    "total_cascade_events": 0,
    "total_shock_events": 7,
    "total_defections": 171314,
    "total_redemptions": 1501,
    "net_strategy_change": 169813,
    "total_births": 961,
    "total_deaths": 368,
    "max_population_reached": 800,
    "population_stability": 0.0035906734851087695,
    "population_growth": 4.0,
    "avg_system_stress": 1.560779169431784,
    "max_system_stress": 2.812340709376868,
    "avg_maslow_pressure": 0.03980101169869417,
    "avg_basic_needs_crisis_rate": 0.22617534942820838,
    "avg_trust_level": 0.6974154711049307,
    "cooperation_benefit_total": 0,
    "cooperation_resilience": 0.9923761118170267
  },
  "maslow_hierarchy": {
    "initial_needs_avg": {
      "physiological": 5.7652219263778415,
      "safety": 5.53967940224224,
      "love": 9.943124917838531,
      "esteem": 5.056801510771544,
      "self_actualization": 5.747111072457457
    },
    "final_needs_avg": {
      "physiological": 5.7652219263778415,
      "safety": 5.53967940224224,
      "love": 9.943124917838531,
      "esteem": 5.056801510771544,
      "self_actualization": 5.747111072457457
    },
    "needs_improvement": {
      "physiological": 0.0,
      "safety": 0.0,
      "love": 0.0,
      "esteem": 0.0,
      "self_actualization": 0.0
    }
  },
  "inter_group_metrics": {
    "final_group_populations": {
      "A": 422,
      "B": 365
    },
    "final_group_cooperation_rates": {
      "A": 0.9976303317535545,
      "B": 0.9863013698630136
    },
    "in_group_interaction_rate": 0.7503151157825418,
    "out_group_interaction_rate": 0.2496848842174582,
    "avg_in_group_trust": 0.6832896485855448,
    "avg_out_group_trust": 0.7115412936243166,
    "trust_asymmetry": -0.028251645038771867,
    "group_segregation_index": 0.7503151157825418,
    "total_mixing_events": 12,
    "mixing_event_success_rate": 1.0,
    "reputational_spillover_events": 0,
    "out_group_constraint_amplifications": 0,
    "group_extinction_events": 0
  },
  "interaction_metrics": {
    "total_interactions": 388746,
    "avg_interaction_processing_time": 0.0
  }
}