{
  "run_id": 3,
  "parameters": {
    "shock_interval_years": 20,
    "homophily_bias": 0.7205310718897078,
    "num_groups": 2,
    "out_group_trust_bias": 1.1802760066466642,
    "out_group_penalty": 1.4858718473717478,
    "intervention_interval": 25,
    "intervention_scale": 0.12677947614140717,
    "event_bonus": 2.0855761072983823,
    "base_trust_delta": 0.11298199214043789,
    "group_trust_bias": 1.7940173893537357,
    "resilience_profile": {
      "threshold": 0.2973546468628517,
      "noise": 0.14017707366585963
    },
    "turnover_rate": 0.03411162430347335,
    "social_diffusion": 0.09193909253682347,
    "max_rounds": 300,
    "initial_population": 200,
    "max_population": 800,
    "maslow_variation": 0.5,
    "constraint_threshold_range": [
      0.2,
      0.8
    ],
    "recovery_threshold": 0.15,
    "cooperation_bonus": 0.2,
    "trust_threshold": 0.6,
    "max_relationships_per_person": 150
  },
  "outcomes": {
    "final_cooperation_rate": 0.9696969696969697,
    "behavioral_cooperation_rate": 0.6125260057504851,
    "final_constrained_rate": 0.030303030303030304,
    "final_population": 792,
    "extinction_occurred": false,
    "rounds_completed": 300,
    "first_cascade_round": null,
    "total_cascade_events": 0,
    "total_shock_events": 2,
    "total_defections": 170290,
    "total_redemptions": 517,
    "net_strategy_change": 169773,
    "total_births": 908,
    "total_deaths": 313,
    "max_population_reached": 800,
    "population_stability": 0.006171772309437368,
    "population_growth": 4.0,
    "avg_system_stress": 0.08441175256503985,
    "max_system_stress": 0.7072999488344033,
    "avg_maslow_pressure": 0.040046880154916975,
    "avg_basic_needs_crisis_rate": 0.2297979797979798,
    "avg_trust_level": 0.6348038859448855,
    "cooperation_benefit_total": 0,
    "cooperation_resilience": 0.9696969696969697
  },
  "maslow_hierarchy": {
    "initial_needs_avg": {
      "physiological": 5.707970906015847,
      "safety": 5.523082492582243,
      "love": 9.757176080111371,
      "esteem": 5.089676755805099,
      "self_actualization": 5.874767009237963
    },
    "final_needs_avg": {
      "physiological": 5.707970906015847,
      "safety": 5.523082492582243,
      "love": 9.757176080111371,
      "esteem": 5.089676755805099,
      "self_actualization": 5.874767009237963
    },
    "needs_improvement": {
      "physiological": 0.0,
      "safety": 0.0,
      "love": 0.0,
      "esteem": 0.0,
      "self_actualization": 0.0
    }
  },
  "inter_group_metrics": {
    "final_group_populations": {
      "A": 386,
      "B": 406
    },
    "final_group_cooperation_rates": {
      "A": 0.9766839378238342,
      "B": 0.9630541871921182
    },
    "in_group_interaction_rate": 0.8332184015521634,
    "out_group_interaction_rate": 0.16678159844783655,
    "avg_in_group_trust": 0.7523411684235577,
    "avg_out_group_trust": 0.5172666034662133,
    "trust_asymmetry": 0.23507456495734436,
    "group_segregation_index": 0.8332184015521634,
    "total_mixing_events": 12,
    "mixing_event_success_rate": 1.0,
    "reputational_spillover_events": 0,
    "out_group_constraint_amplifications": 0,
    "group_extinction_events": 0
  },
  "interaction_metrics": {
    "total_interactions": 342232,
    "avg_interaction_processing_time": 0.0
  }
}