{
  "run_id": 454,
  "parameters": {
    "shock_interval_years": 2,
    "homophily_bias": 0.1925611595765572,
    "num_groups": 2,
    "out_group_trust_bias": 1.0984917433480033,
    "out_group_penalty": 1.2667840834225186,
    "intervention_interval": 20,
    "intervention_scale": 0.08969255982344397,
    "event_bonus": 1.5154555244244827,
    "base_trust_delta": 0.1607234047673096,
    "group_trust_bias": 1.7917746501753529,
    "resilience_profile": {
      "threshold": 0.23907940221329194,
      "noise": 0.10763796493186449
    },
    "turnover_rate": 0.045195379071742675,
    "social_diffusion": 0.05474240646285344,
    "max_rounds": 300,
    "initial_population": 200,
    "max_population": 800,
    "maslow_variation": 0.5,
    "constraint_threshold_range": [
      0.2,
      0.8
    ],
    "recovery_threshold": 0.15,
    "cooperation_bonus": 0.2,
    "trust_threshold": 0.6,
    "max_relationships_per_person": 150
  },
  "outcomes": {
    "final_cooperation_rate": 0.3565989847715736,
    "behavioral_cooperation_rate": 0.040560186339687915,
    "final_constrained_rate": 0.6434010152284264,
    "final_population": 788,
    "extinction_occurred": false,
    "rounds_completed": 300,
    "first_cascade_round": null,
    "total_cascade_events": 0,
    "total_shock_events": 40,
    "total_defections": 642689,
    "total_redemptions": 3924,
    "net_strategy_change": 638765,
    "total_births": 933,
    "total_deaths": 341,
    "max_population_reached": 800,
    "population_stability": 0.00460823625233914,
    "population_growth": 4.0,
    "avg_system_stress": 10.483775918235866,
    "max_system_stress": 19.905687184173914,
    "avg_maslow_pressure": 0.18693095700585824,
    "avg_basic_needs_crisis_rate": 0.3350253807106599,
    "avg_trust_level": 0.18609958300733653,
    "cooperation_benefit_total": 0,
    "cooperation_resilience": 0.3565989847715736
  },
  "maslow_hierarchy": {
    "initial_needs_avg": {
      "physiological": 4.943190111584795,
      "safety": 5.003453947884385,
      "love": 2.2380457768259108,
      "esteem": 0.572619126715418,
      "self_actualization": 5.541251035078778
    },
    "final_needs_avg": {
      "physiological": 4.943190111584795,
      "safety": 5.003453947884385,
      "love": 2.2380457768259108,
      "esteem": 0.572619126715418,
      "self_actualization": 5.541251035078778
    },
    "needs_improvement": {
      "physiological": 0.0,
      "safety": 0.0,
      "love": 0.0,
      "esteem": 0.0,
      "self_actualization": 0.0
    }
  },
  "inter_group_metrics": {
    "final_group_populations": {
      "A": 415,
      "B": 373
    },
    "final_group_cooperation_rates": {
      "A": 0.35180722891566263,
      "B": 0.36193029490616624
    },
    "in_group_interaction_rate": 0.6215319966255114,
    "out_group_interaction_rate": 0.37846800337448866,
    "avg_in_group_trust": 0.18907869670849312,
    "avg_out_group_trust": 0.18312046930617998,
    "trust_asymmetry": 0.005958227402313138,
    "group_segregation_index": 0.6215319966255114,
    "total_mixing_events": 15,
    "mixing_event_success_rate": 1.0,
    "reputational_spillover_events": 0,
    "out_group_constraint_amplifications": 0,
    "group_extinction_events": 0
  },
  "interaction_metrics": {
    "total_interactions": 376946,
    "avg_interaction_processing_time": 0.0
  }
}