{
  "run_id": 282,
  "parameters": {
    "shock_interval_years": 5,
    "homophily_bias": 0.0,
    "num_groups": 1,
    "out_group_trust_bias": 1.1501906960935593,
    "out_group_penalty": 1.3356317922342733,
    "intervention_interval": 0,
    "intervention_scale": 0.07204215259961512,
    "event_bonus": 2.2599831901828793,
    "base_trust_delta": 0.11185570085619656,
    "group_trust_bias": 1.3843675713631545,
    "resilience_profile": {
      "threshold": 0.12954939001141247,
      "noise": 0.12606794093197882
    },
    "turnover_rate": 0.04190929931081234,
    "social_diffusion": 0.07431542617788965,
    "max_rounds": 300,
    "initial_population": 200,
    "max_population": 800,
    "maslow_variation": 0.5,
    "constraint_threshold_range": [
      0.2,
      0.8
    ],
    "recovery_threshold": 0.15,
    "cooperation_bonus": 0.2,
    "trust_threshold": 0.6,
    "max_relationships_per_person": 150
  },
  "outcomes": {
    "final_cooperation_rate": 0.9886792452830189,
    "behavioral_cooperation_rate": 0.614037501686227,
    "final_constrained_rate": 0.011320754716981131,
    "final_population": 795,
    "extinction_occurred": false,
    "rounds_completed": 300,
    "first_cascade_round": null,
    "total_cascade_events": 0,
    "total_shock_events": 13,
    "total_defections": 174212,
    "total_redemptions": 657,
    "net_strategy_change": 173555,
    "total_births": 915,
    "total_deaths": 318,
    "max_population_reached": 800,
    "population_stability": 0.0035056521486177654,
    "population_growth": 4.0,
    "avg_system_stress": 2.013599539084473,
    "max_system_stress": 3.353045029844701,
    "avg_maslow_pressure": 0.04838210105975473,
    "avg_basic_needs_crisis_rate": 0.26540880503144654,
    "avg_trust_level": 0.7006322095814421,
    "cooperation_benefit_total": 0,
    "cooperation_resilience": 0.9886792452830189
  },
  "maslow_hierarchy": {
    "initial_needs_avg": {
      "physiological": 5.781973805716416,
      "safety": 4.986846945767769,
      "love": 9.936807613650748,
      "esteem": 4.3647399364050345,
      "self_actualization": 5.863582261503902
    },
    "final_needs_avg": {
      "physiological": 5.781973805716416,
      "safety": 4.986846945767769,
      "love": 9.936807613650748,
      "esteem": 4.3647399364050345,
      "self_actualization": 5.863582261503902
    },
    "needs_improvement": {
      "physiological": 0.0,
      "safety": 0.0,
      "love": 0.0,
      "esteem": 0.0,
      "self_actualization": 0.0
    }
  },
  "inter_group_metrics": {
    "final_group_populations": {
      "A": 795
    },
    "final_group_cooperation_rates": {
      "A": 0.9886792452830189
    },
    "in_group_interaction_rate": 1.0,
    "out_group_interaction_rate": 0.0,
    "avg_in_group_trust": 0.7006322095814421,
    "avg_out_group_trust": 0.7006322095814421,
    "trust_asymmetry": 0.0,
    "group_segregation_index": 1.0,
    "total_mixing_events": 0,
    "mixing_event_success_rate": 0,
    "reputational_spillover_events": 0,
    "out_group_constraint_amplifications": 0,
    "group_extinction_events": 0
  },
  "interaction_metrics": {
    "total_interactions": 370650,
    "avg_interaction_processing_time": 0.0
  }
}