{
  "run_id": 392,
  "parameters": {
    "shock_interval_years": 5,
    "homophily_bias": 0.44264886077320453,
    "num_groups": 3,
    "out_group_trust_bias": 1.1658482626339621,
    "out_group_penalty": 1.3509555557288517,
    "intervention_interval": 15,
    "intervention_scale": 0.28018125434120966,
    "event_bonus": 2.189776601443566,
    "base_trust_delta": 0.07597847297442067,
    "group_trust_bias": 1.6094695770590464,
    "resilience_profile": {
      "threshold": 0.18544100603092678,
      "noise": 0.06047599196254324
    },
    "turnover_rate": 0.03500048102232557,
    "social_diffusion": 0.003746816308316481,
    "max_rounds": 300,
    "initial_population": 200,
    "max_population": 800,
    "maslow_variation": 0.5,
    "constraint_threshold_range": [
      0.2,
      0.8
    ],
    "recovery_threshold": 0.15,
    "cooperation_bonus": 0.2,
    "trust_threshold": 0.6,
    "max_relationships_per_person": 150
  },
  "outcomes": {
    "final_cooperation_rate": 0.7512626262626263,
    "behavioral_cooperation_rate": 0.22307173836595945,
    "final_constrained_rate": 0.24873737373737373,
    "final_population": 792,
    "extinction_occurred": false,
    "rounds_completed": 300,
    "first_cascade_round": null,
    "total_cascade_events": 0,
    "total_shock_events": 11,
    "total_defections": 398020,
    "total_redemptions": 1328,
    "net_strategy_change": 396692,
    "total_births": 886,
    "total_deaths": 293,
    "max_population_reached": 800,
    "population_stability": 0.002180307284218295,
    "population_growth": 4.0,
    "avg_system_stress": 1.6407754685155573,
    "max_system_stress": 3.9759909230722723,
    "avg_maslow_pressure": 0.08058943877796117,
    "avg_basic_needs_crisis_rate": 0.28535353535353536,
    "avg_trust_level": 0.5152661072309238,
    "cooperation_benefit_total": 0,
    "cooperation_resilience": 0.7512626262626263
  },
  "maslow_hierarchy": {
    "initial_needs_avg": {
      "physiological": 5.123354170884185,
      "safety": 5.343523264323792,
      "love": 8.158432864132259,
      "esteem": 4.14214099573022,
      "self_actualization": 5.572728111077581
    },
    "final_needs_avg": {
      "physiological": 5.123354170884185,
      "safety": 5.343523264323792,
      "love": 8.158432864132259,
      "esteem": 4.14214099573022,
      "self_actualization": 5.572728111077581
    },
    "needs_improvement": {
      "physiological": 0.0,
      "safety": 0.0,
      "love": 0.0,
      "esteem": 0.0,
      "self_actualization": 0.0
    }
  },
  "inter_group_metrics": {
    "final_group_populations": {
      "B": 281,
      "C": 235,
      "A": 276
    },
    "final_group_cooperation_rates": {
      "B": 0.7829181494661922,
      "C": 0.7361702127659574,
      "A": 0.7318840579710145
    },
    "in_group_interaction_rate": 0.6471046770601336,
    "out_group_interaction_rate": 0.35289532293986636,
    "avg_in_group_trust": 0.5083251353000446,
    "avg_out_group_trust": 0.522207079161803,
    "trust_asymmetry": -0.013881943861758339,
    "group_segregation_index": 0.6471046770601336,
    "total_mixing_events": 20,
    "mixing_event_success_rate": 1.0,
    "reputational_spillover_events": 0,
    "out_group_constraint_amplifications": 0,
    "group_extinction_events": 0
  },
  "interaction_metrics": {
    "total_interactions": 341240,
    "avg_interaction_processing_time": 0.0
  }
}