{
  "run_id": 412,
  "parameters": {
    "shock_interval_years": 2,
    "homophily_bias": 0.0,
    "num_groups": 1,
    "out_group_trust_bias": 0.9385013768608728,
    "out_group_penalty": 1.3695884676683574,
    "intervention_interval": 0,
    "intervention_scale": 0.22548025002422817,
    "event_bonus": 1.6816823025897043,
    "base_trust_delta": 0.088340097847643,
    "group_trust_bias": 1.3936528904820342,
    "resilience_profile": {
      "threshold": 0.2672790193218841,
      "noise": 0.01308998194977649
    },
    "turnover_rate": 0.026668720973389803,
    "social_diffusion": 0.0030377329108842058,
    "max_rounds": 300,
    "initial_population": 200,
    "max_population": 800,
    "maslow_variation": 0.5,
    "constraint_threshold_range": [
      0.2,
      0.8
    ],
    "recovery_threshold": 0.15,
    "cooperation_bonus": 0.2,
    "trust_threshold": 0.6,
    "max_relationships_per_person": 150
  },
  "outcomes": {
    "final_cooperation_rate": 0.30730478589420657,
    "behavioral_cooperation_rate": 0.30811868171142653,
    "final_constrained_rate": 0.6926952141057935,
    "final_population": 794,
    "extinction_occurred": false,
    "rounds_completed": 300,
    "first_cascade_round": null,
    "total_cascade_events": 0,
    "total_shock_events": 41,
    "total_defections": 304589,
    "total_redemptions": 4335,
    "net_strategy_change": 300254,
    "total_births": 870,
    "total_deaths": 274,
    "max_population_reached": 800,
    "population_stability": 0.017376654653135905,
    "population_growth": 4.0,
    "avg_system_stress": 10.242836111060283,
    "max_system_stress": 18.8844160929263,
    "avg_maslow_pressure": 0.11998644838081905,
    "avg_basic_needs_crisis_rate": 0.30100755667506296,
    "avg_trust_level": 0.5336976911347737,
    "cooperation_benefit_total": 0,
    "cooperation_resilience": 0.30730478589420657
  },
  "maslow_hierarchy": {
    "initial_needs_avg": {
      "physiological": 5.2523708591634835,
      "safety": 5.255013487134518,
      "love": 7.546701389957518,
      "esteem": 0.6899945319774069,
      "self_actualization": 5.248510506265845
    },
    "final_needs_avg": {
      "physiological": 5.2523708591634835,
      "safety": 5.255013487134518,
      "love": 7.546701389957518,
      "esteem": 0.6899945319774069,
      "self_actualization": 5.248510506265845
    },
    "needs_improvement": {
      "physiological": 0.0,
      "safety": 0.0,
      "love": 0.0,
      "esteem": 0.0,
      "self_actualization": 0.0
    }
  },
  "inter_group_metrics": {
    "final_group_populations": {
      "A": 794
    },
    "final_group_cooperation_rates": {
      "A": 0.30730478589420657
    },
    "in_group_interaction_rate": 1.0,
    "out_group_interaction_rate": 0.0,
    "avg_in_group_trust": 0.5336976911347737,
    "avg_out_group_trust": 0.5336976911347737,
    "trust_asymmetry": 0.0,
    "group_segregation_index": 1.0,
    "total_mixing_events": 0,
    "mixing_event_success_rate": 0,
    "reputational_spillover_events": 0,
    "out_group_constraint_amplifications": 0,
    "group_extinction_events": 0
  },
  "interaction_metrics": {
    "total_interactions": 313376,
    "avg_interaction_processing_time": 0.0
  }
}