{
  "run_id": 407,
  "parameters": {
    "shock_interval_years": 2,
    "homophily_bias": 0.0,
    "num_groups": 1,
    "out_group_trust_bias": 1.1459110311354757,
    "out_group_penalty": 1.3537495764344416,
    "intervention_interval": 0,
    "intervention_scale": 0.1164782690853705,
    "event_bonus": 1.809747435442005,
    "base_trust_delta": 0.06916566629164986,
    "group_trust_bias": 1.8974119518032473,
    "resilience_profile": {
      "threshold": 0.2894338119651335,
      "noise": 0.10894382914540211
    },
    "turnover_rate": 0.03629702023661041,
    "social_diffusion": 0.019189650148342063,
    "max_rounds": 300,
    "initial_population": 200,
    "max_population": 800,
    "maslow_variation": 0.5,
    "constraint_threshold_range": [
      0.2,
      0.8
    ],
    "recovery_threshold": 0.15,
    "cooperation_bonus": 0.2,
    "trust_threshold": 0.6,
    "max_relationships_per_person": 150
  },
  "outcomes": {
    "final_cooperation_rate": 0.5924528301886792,
    "behavioral_cooperation_rate": 0.28347974413646054,
    "final_constrained_rate": 0.4075471698113208,
    "final_population": 795,
    "extinction_occurred": false,
    "rounds_completed": 300,
    "first_cascade_round": null,
    "total_cascade_events": 0,
    "total_shock_events": 41,
    "total_defections": 362092,
    "total_redemptions": 5031,
    "net_strategy_change": 357061,
    "total_births": 895,
    "total_deaths": 298,
    "max_population_reached": 800,
    "population_stability": 0.003894108197711502,
    "population_growth": 4.0,
    "avg_system_stress": 10.485712018968917,
    "max_system_stress": 19.25615099417379,
    "avg_maslow_pressure": 0.11188461259584358,
    "avg_basic_needs_crisis_rate": 0.24528301886792453,
    "avg_trust_level": 0.5399528450088653,
    "cooperation_benefit_total": 0,
    "cooperation_resilience": 0.5924528301886792
  },
  "maslow_hierarchy": {
    "initial_needs_avg": {
      "physiological": 5.7741725356071605,
      "safety": 5.40439537631762,
      "love": 6.988821367018168,
      "esteem": 0.6149154519721883,
      "self_actualization": 5.330026108227773
    },
    "final_needs_avg": {
      "physiological": 5.7741725356071605,
      "safety": 5.40439537631762,
      "love": 6.988821367018168,
      "esteem": 0.6149154519721883,
      "self_actualization": 5.330026108227773
    },
    "needs_improvement": {
      "physiological": 0.0,
      "safety": 0.0,
      "love": 0.0,
      "esteem": 0.0,
      "self_actualization": 0.0
    }
  },
  "inter_group_metrics": {
    "final_group_populations": {
      "A": 795
    },
    "final_group_cooperation_rates": {
      "A": 0.5924528301886792
    },
    "in_group_interaction_rate": 1.0,
    "out_group_interaction_rate": 0.0,
    "avg_in_group_trust": 0.5399528450088653,
    "avg_out_group_trust": 0.5399528450088653,
    "trust_asymmetry": 0.0,
    "group_segregation_index": 1.0,
    "total_mixing_events": 0,
    "mixing_event_success_rate": 0,
    "reputational_spillover_events": 0,
    "out_group_constraint_amplifications": 0,
    "group_extinction_events": 0
  },
  "interaction_metrics": {
    "total_interactions": 351750,
    "avg_interaction_processing_time": 0.0
  }
}