{
  "run_id": 111,
  "parameters": {
    "shock_interval_years": 2,
    "homophily_bias": 0.31416332622162113,
    "num_groups": 2,
    "out_group_trust_bias": 0.8083223814843403,
    "out_group_penalty": 1.1909096429557948,
    "intervention_interval": 20,
    "intervention_scale": 0.0762306620585985,
    "event_bonus": 2.036818852085477,
    "base_trust_delta": 0.1013764063234028,
    "group_trust_bias": 1.3305441896397405,
    "resilience_profile": {
      "threshold": 0.12469409368909756,
      "noise": 0.1384923172675967
    },
    "turnover_rate": 0.03301128427739946,
    "social_diffusion": 0.06919667519848521,
    "max_rounds": 300,
    "initial_population": 200,
    "max_population": 800,
    "maslow_variation": 0.5,
    "constraint_threshold_range": [
      0.2,
      0.8
    ],
    "recovery_threshold": 0.15,
    "cooperation_bonus": 0.2,
    "trust_threshold": 0.6,
    "max_relationships_per_person": 150
  },
  "outcomes": {
    "final_cooperation_rate": 0.5626566416040101,
    "behavioral_cooperation_rate": 0.085830591713155,
    "final_constrained_rate": 0.43734335839599,
    "final_population": 798,
    "extinction_occurred": false,
    "rounds_completed": 300,
    "first_cascade_round": null,
    "total_cascade_events": 0,
    "total_shock_events": 43,
    "total_defections": 532407,
    "total_redemptions": 2683,
    "net_strategy_change": 529724,
    "total_births": 889,
    "total_deaths": 289,
    "max_population_reached": 800,
    "population_stability": 0.004167391708729452,
    "population_growth": 4.0,
    "avg_system_stress": 7.409857168995857,
    "max_system_stress": 16.7863902517488,
    "avg_maslow_pressure": 0.17118066612006685,
    "avg_basic_needs_crisis_rate": 0.31704260651629074,
    "avg_trust_level": 0.33454070883960174,
    "cooperation_benefit_total": 0,
    "cooperation_resilience": 0.5626566416040101
  },
  "maslow_hierarchy": {
    "initial_needs_avg": {
      "physiological": 5.072824172543508,
      "safety": 5.175358588074722,
      "love": 3.330782393346819,
      "esteem": 0.7817542382810041,
      "self_actualization": 5.323034141000698
    },
    "final_needs_avg": {
      "physiological": 5.072824172543508,
      "safety": 5.175358588074722,
      "love": 3.330782393346819,
      "esteem": 0.7817542382810041,
      "self_actualization": 5.323034141000698
    },
    "needs_improvement": {
      "physiological": 0.0,
      "safety": 0.0,
      "love": 0.0,
      "esteem": 0.0,
      "self_actualization": 0.0
    }
  },
  "inter_group_metrics": {
    "final_group_populations": {
      "A": 365,
      "B": 433
    },
    "final_group_cooperation_rates": {
      "A": 0.5095890410958904,
      "B": 0.6073903002309469
    },
    "in_group_interaction_rate": 0.6791916988509036,
    "out_group_interaction_rate": 0.3208083011490965,
    "avg_in_group_trust": 0.306182317361601,
    "avg_out_group_trust": 0.3628991003176025,
    "trust_asymmetry": -0.056716782956001466,
    "group_segregation_index": 0.6791916988509036,
    "total_mixing_events": 15,
    "mixing_event_success_rate": 1.0,
    "reputational_spillover_events": 0,
    "out_group_constraint_amplifications": 0,
    "group_extinction_events": 0
  },
  "interaction_metrics": {
    "total_interactions": 335568,
    "avg_interaction_processing_time": 0.0
  }
}