{
  "run_id": 38,
  "parameters": {
    "shock_interval_years": 20,
    "homophily_bias": 0.0,
    "num_groups": 1,
    "out_group_trust_bias": 0.963383795772877,
    "out_group_penalty": 1.367225412398185,
    "intervention_interval": 0,
    "intervention_scale": 0.2335684737704271,
    "event_bonus": 2.003503929839309,
    "base_trust_delta": 0.15367081670642194,
    "group_trust_bias": 1.723361941305941,
    "resilience_profile": {
      "threshold": 0.3268724735263109,
      "noise": 0.10500360006405324
    },
    "turnover_rate": 0.04268934253621559,
    "social_diffusion": 0.045723542580490883,
    "max_rounds": 300,
    "initial_population": 200,
    "max_population": 800,
    "maslow_variation": 0.5,
    "constraint_threshold_range": [
      0.2,
      0.8
    ],
    "recovery_threshold": 0.15,
    "cooperation_bonus": 0.2,
    "trust_threshold": 0.6,
    "max_relationships_per_person": 150
  },
  "outcomes": {
    "final_cooperation_rate": 1.0,
    "behavioral_cooperation_rate": 0.7616260932238944,
    "final_constrained_rate": 0.0,
    "final_population": 787,
    "extinction_occurred": false,
    "rounds_completed": 300,
    "first_cascade_round": null,
    "total_cascade_events": 0,
    "total_shock_events": 5,
    "total_defections": 98065,
    "total_redemptions": 348,
    "net_strategy_change": 97717,
    "total_births": 915,
    "total_deaths": 323,
    "max_population_reached": 800,
    "population_stability": 0.004520681258916511,
    "population_growth": 4.0,
    "avg_system_stress": 0.1735881472354766,
    "max_system_stress": 0.5671759223770286,
    "avg_maslow_pressure": 0.029391440339785548,
    "avg_basic_needs_crisis_rate": 0.1880559085133418,
    "avg_trust_level": 0.8339304263774814,
    "cooperation_benefit_total": 0,
    "cooperation_resilience": 1.0
  },
  "maslow_hierarchy": {
    "initial_needs_avg": {
      "physiological": 6.04317678241179,
      "safety": 5.522059888600353,
      "love": 9.98294658440733,
      "esteem": 5.485802860484066,
      "self_actualization": 5.9512481596414055
    },
    "final_needs_avg": {
      "physiological": 6.04317678241179,
      "safety": 5.522059888600353,
      "love": 9.98294658440733,
      "esteem": 5.485802860484066,
      "self_actualization": 5.9512481596414055
    },
    "needs_improvement": {
      "physiological": 0.0,
      "safety": 0.0,
      "love": 0.0,
      "esteem": 0.0,
      "self_actualization": 0.0
    }
  },
  "inter_group_metrics": {
    "final_group_populations": {
      "A": 787
    },
    "final_group_cooperation_rates": {
      "A": 1.0
    },
    "in_group_interaction_rate": 1.0,
    "out_group_interaction_rate": 0.0,
    "avg_in_group_trust": 0.8339304263774814,
    "avg_out_group_trust": 0.8339304263774814,
    "trust_asymmetry": 0.0,
    "group_segregation_index": 1.0,
    "total_mixing_events": 0,
    "mixing_event_success_rate": 0,
    "reputational_spillover_events": 0,
    "out_group_constraint_amplifications": 0,
    "group_extinction_events": 0
  },
  "interaction_metrics": {
    "total_interactions": 371836,
    "avg_interaction_processing_time": 0.0
  }
}