{
  "run_id": 350,
  "parameters": {
    "shock_interval_years": 10,
    "homophily_bias": 0.0,
    "num_groups": 1,
    "out_group_trust_bias": 1.1052169976223993,
    "out_group_penalty": 1.4533617260817144,
    "intervention_interval": 0,
    "intervention_scale": 0.08451734924843075,
    "event_bonus": 1.7222414028568669,
    "base_trust_delta": 0.09172630805034226,
    "group_trust_bias": 1.828050185034419,
    "resilience_profile": {
      "threshold": 0.12793612220209083,
      "noise": 0.13640140209159282
    },
    "turnover_rate": 0.02199295170179663,
    "social_diffusion": 0.09102482787676189,
    "max_rounds": 300,
    "initial_population": 200,
    "max_population": 800,
    "maslow_variation": 0.5,
    "constraint_threshold_range": [
      0.2,
      0.8
    ],
    "recovery_threshold": 0.15,
    "cooperation_bonus": 0.2,
    "trust_threshold": 0.6,
    "max_relationships_per_person": 150
  },
  "outcomes": {
    "final_cooperation_rate": 0.9530386740331491,
    "behavioral_cooperation_rate": 0.6906063356055969,
    "final_constrained_rate": 0.04696132596685083,
    "final_population": 724,
    "extinction_occurred": false,
    "rounds_completed": 300,
    "first_cascade_round": null,
    "total_cascade_events": 0,
    "total_shock_events": 8,
    "total_defections": 103055,
    "total_redemptions": 227,
    "net_strategy_change": 102828,
    "total_births": 790,
    "total_deaths": 266,
    "max_population_reached": 766,
    "population_stability": 0.010976003120064021,
    "population_growth": 3.83,
    "avg_system_stress": 1.105435135290204,
    "max_system_stress": 2.4935459479343076,
    "avg_maslow_pressure": 0.03534505327595925,
    "avg_basic_needs_crisis_rate": 0.20441988950276244,
    "avg_trust_level": 0.6634287376702975,
    "cooperation_benefit_total": 0,
    "cooperation_resilience": 0.9530386740331491
  },
  "maslow_hierarchy": {
    "initial_needs_avg": {
      "physiological": 5.833352420620455,
      "safety": 5.7532044945917304,
      "love": 9.797145593243604,
      "esteem": 4.914062375667471,
      "self_actualization": 5.858846701144279
    },
    "final_needs_avg": {
      "physiological": 5.833352420620455,
      "safety": 5.7532044945917304,
      "love": 9.797145593243604,
      "esteem": 4.914062375667471,
      "self_actualization": 5.858846701144279
    },
    "needs_improvement": {
      "physiological": 0.0,
      "safety": 0.0,
      "love": 0.0,
      "esteem": 0.0,
      "self_actualization": 0.0
    }
  },
  "inter_group_metrics": {
    "final_group_populations": {
      "A": 724
    },
    "final_group_cooperation_rates": {
      "A": 0.9530386740331491
    },
    "in_group_interaction_rate": 1.0,
    "out_group_interaction_rate": 0.0,
    "avg_in_group_trust": 0.6634287376702975,
    "avg_out_group_trust": 0.6634287376702975,
    "trust_asymmetry": 0.0,
    "group_segregation_index": 1.0,
    "total_mixing_events": 0,
    "mixing_event_success_rate": 0,
    "reputational_spillover_events": 0,
    "out_group_constraint_amplifications": 0,
    "group_extinction_events": 0
  },
  "interaction_metrics": {
    "total_interactions": 284298,
    "avg_interaction_processing_time": 0.0
  }
}