{
  "run_id": 316,
  "parameters": {
    "shock_interval_years": 10,
    "homophily_bias": 0.7407001136268915,
    "num_groups": 2,
    "out_group_trust_bias": 0.9485801141295512,
    "out_group_penalty": 1.438680298912986,
    "intervention_interval": 15,
    "intervention_scale": 0.2667387988704865,
    "event_bonus": 2.214300495543082,
    "base_trust_delta": 0.06816823917565559,
    "group_trust_bias": 1.4165069705932096,
    "resilience_profile": {
      "threshold": 0.2104322560682778,
      "noise": 0.036204535425147455
    },
    "turnover_rate": 0.0313950187052348,
    "social_diffusion": 0.020156698367794403,
    "max_rounds": 300,
    "initial_population": 200,
    "max_population": 800,
    "maslow_variation": 0.5,
    "constraint_threshold_range": [
      0.2,
      0.8
    ],
    "recovery_threshold": 0.15,
    "cooperation_bonus": 0.2,
    "trust_threshold": 0.6,
    "max_relationships_per_person": 150
  },
  "outcomes": {
    "final_cooperation_rate": 0.9560301507537688,
    "behavioral_cooperation_rate": 0.608310878319053,
    "final_constrained_rate": 0.04396984924623116,
    "final_population": 796,
    "extinction_occurred": false,
    "rounds_completed": 300,
    "first_cascade_round": null,
    "total_cascade_events": 0,
    "total_shock_events": 11,
    "total_defections": 159283,
    "total_redemptions": 906,
    "net_strategy_change": 158377,
    "total_births": 895,
    "total_deaths": 299,
    "max_population_reached": 800,
    "population_stability": 0.019515814797405526,
    "population_growth": 4.0,
    "avg_system_stress": 1.0830798717743857,
    "max_system_stress": 2.785452344768929,
    "avg_maslow_pressure": 0.04225768767149583,
    "avg_basic_needs_crisis_rate": 0.2185929648241206,
    "avg_trust_level": 0.6148850704048545,
    "cooperation_benefit_total": 0,
    "cooperation_resilience": 0.9560301507537688
  },
  "maslow_hierarchy": {
    "initial_needs_avg": {
      "physiological": 5.6103520671576605,
      "safety": 6.031981597030568,
      "love": 9.545774298944737,
      "esteem": 5.341137775068769,
      "self_actualization": 5.604190635500759
    },
    "final_needs_avg": {
      "physiological": 5.6103520671576605,
      "safety": 6.031981597030568,
      "love": 9.545774298944737,
      "esteem": 5.341137775068769,
      "self_actualization": 5.604190635500759
    },
    "needs_improvement": {
      "physiological": 0.0,
      "safety": 0.0,
      "love": 0.0,
      "esteem": 0.0,
      "self_actualization": 0.0
    }
  },
  "inter_group_metrics": {
    "final_group_populations": {
      "A": 370,
      "B": 426
    },
    "final_group_cooperation_rates": {
      "A": 0.9621621621621622,
      "B": 0.9507042253521126
    },
    "in_group_interaction_rate": 0.8450604014653789,
    "out_group_interaction_rate": 0.15493959853462108,
    "avg_in_group_trust": 0.641997832108921,
    "avg_out_group_trust": 0.5877723087007879,
    "trust_asymmetry": 0.054225523408133136,
    "group_segregation_index": 0.8450604014653789,
    "total_mixing_events": 20,
    "mixing_event_success_rate": 1.0,
    "reputational_spillover_events": 0,
    "out_group_constraint_amplifications": 0,
    "group_extinction_events": 0
  },
  "interaction_metrics": {
    "total_interactions": 330290,
    "avg_interaction_processing_time": 0.0
  }
}