{
  "run_id": 444,
  "parameters": {
    "shock_interval_years": 20,
    "homophily_bias": 0.7515558860516163,
    "num_groups": 2,
    "out_group_trust_bias": 0.9166793760719445,
    "out_group_penalty": 1.1209858468894167,
    "intervention_interval": 10,
    "intervention_scale": 0.28575498876899796,
    "event_bonus": 2.4172240389284854,
    "base_trust_delta": 0.15313650516521027,
    "group_trust_bias": 1.3429131375078303,
    "resilience_profile": {
      "threshold": 0.3649225091806202,
      "noise": 0.10029649000503078
    },
    "turnover_rate": 0.03233210460007146,
    "social_diffusion": 0.09767798067132993,
    "max_rounds": 300,
    "initial_population": 200,
    "max_population": 800,
    "maslow_variation": 0.5,
    "constraint_threshold_range": [
      0.2,
      0.8
    ],
    "recovery_threshold": 0.15,
    "cooperation_bonus": 0.2,
    "trust_threshold": 0.6,
    "max_relationships_per_person": 150
  },
  "outcomes": {
    "final_cooperation_rate": 0.998745294855709,
    "behavioral_cooperation_rate": 0.673242092457421,
    "final_constrained_rate": 0.0012547051442910915,
    "final_population": 797,
    "extinction_occurred": false,
    "rounds_completed": 300,
    "first_cascade_round": null,
    "total_cascade_events": 0,
    "total_shock_events": 4,
    "total_defections": 132591,
    "total_redemptions": 425,
    "net_strategy_change": 132166,
    "total_births": 868,
    "total_deaths": 270,
    "max_population_reached": 800,
    "population_stability": 0.0032228834475242947,
    "population_growth": 4.0,
    "avg_system_stress": 0.38103048758558494,
    "max_system_stress": 0.9493057501380462,
    "avg_maslow_pressure": 0.026142840615957768,
    "avg_basic_needs_crisis_rate": 0.18569636135508155,
    "avg_trust_level": 0.7188538917937177,
    "cooperation_benefit_total": 0,
    "cooperation_resilience": 0.998745294855709
  },
  "maslow_hierarchy": {
    "initial_needs_avg": {
      "physiological": 5.7922330922818706,
      "safety": 5.8184242066916205,
      "love": 9.972622180456408,
      "esteem": 7.034373315978474,
      "self_actualization": 5.541740203017879
    },
    "final_needs_avg": {
      "physiological": 5.7922330922818706,
      "safety": 5.8184242066916205,
      "love": 9.972622180456408,
      "esteem": 7.034373315978474,
      "self_actualization": 5.541740203017879
    },
    "needs_improvement": {
      "physiological": 0.0,
      "safety": 0.0,
      "love": 0.0,
      "esteem": 0.0,
      "self_actualization": 0.0
    }
  },
  "inter_group_metrics": {
    "final_group_populations": {
      "A": 358,
      "B": 439
    },
    "final_group_cooperation_rates": {
      "A": 1.0,
      "B": 0.9977220956719818
    },
    "in_group_interaction_rate": 0.8438838199513382,
    "out_group_interaction_rate": 0.1561161800486618,
    "avg_in_group_trust": 0.7910347929865092,
    "avg_out_group_trust": 0.6466729906009263,
    "trust_asymmetry": 0.14436180238558294,
    "group_segregation_index": 0.8438838199513382,
    "total_mixing_events": 30,
    "mixing_event_success_rate": 1.0,
    "reputational_spillover_events": 0,
    "out_group_constraint_amplifications": 0,
    "group_extinction_events": 0
  },
  "interaction_metrics": {
    "total_interactions": 328800,
    "avg_interaction_processing_time": 0.0
  }
}