{
  "run_id": 370,
  "parameters": {
    "shock_interval_years": 20,
    "homophily_bias": 0.6663433524320349,
    "num_groups": 2,
    "out_group_trust_bias": 0.9455494754013871,
    "out_group_penalty": 1.381893232051592,
    "intervention_interval": 15,
    "intervention_scale": 0.1709560289517374,
    "event_bonus": 2.2715508282529786,
    "base_trust_delta": 0.1357661651890517,
    "group_trust_bias": 1.9781626354634645,
    "resilience_profile": {
      "threshold": 0.1121353917042988,
      "noise": 0.06931822348647386
    },
    "turnover_rate": 0.04155406645119929,
    "social_diffusion": 0.07289599161826257,
    "max_rounds": 300,
    "initial_population": 200,
    "max_population": 800,
    "maslow_variation": 0.5,
    "constraint_threshold_range": [
      0.2,
      0.8
    ],
    "recovery_threshold": 0.15,
    "cooperation_bonus": 0.2,
    "trust_threshold": 0.6,
    "max_relationships_per_person": 150
  },
  "outcomes": {
    "final_cooperation_rate": 0.9532237673830595,
    "behavioral_cooperation_rate": 0.324080984006142,
    "final_constrained_rate": 0.04677623261694058,
    "final_population": 791,
    "extinction_occurred": false,
    "rounds_completed": 300,
    "first_cascade_round": null,
    "total_cascade_events": 0,
    "total_shock_events": 5,
    "total_defections": 376312,
    "total_redemptions": 404,
    "net_strategy_change": 375908,
    "total_births": 930,
    "total_deaths": 334,
    "max_population_reached": 800,
    "population_stability": 0.003679455048853691,
    "population_growth": 4.0,
    "avg_system_stress": 1.1624820286910549,
    "max_system_stress": 2.5429558998400124,
    "avg_maslow_pressure": 0.05512855981505501,
    "avg_basic_needs_crisis_rate": 0.20986093552465235,
    "avg_trust_level": 0.6139001114868109,
    "cooperation_benefit_total": 0,
    "cooperation_resilience": 0.9532237673830595
  },
  "maslow_hierarchy": {
    "initial_needs_avg": {
      "physiological": 5.654021999027663,
      "safety": 5.523505918881128,
      "love": 9.74669626949207,
      "esteem": 4.875944262134635,
      "self_actualization": 5.101779068486726
    },
    "final_needs_avg": {
      "physiological": 5.654021999027663,
      "safety": 5.523505918881128,
      "love": 9.74669626949207,
      "esteem": 4.875944262134635,
      "self_actualization": 5.101779068486726
    },
    "needs_improvement": {
      "physiological": 0.0,
      "safety": 0.0,
      "love": 0.0,
      "esteem": 0.0,
      "self_actualization": 0.0
    }
  },
  "inter_group_metrics": {
    "final_group_populations": {
      "A": 389,
      "B": 402
    },
    "final_group_cooperation_rates": {
      "A": 0.9485861182519281,
      "B": 0.9577114427860697
    },
    "in_group_interaction_rate": 0.8175873380615165,
    "out_group_interaction_rate": 0.18241266193848352,
    "avg_in_group_trust": 0.7164493345475267,
    "avg_out_group_trust": 0.5113508884260951,
    "trust_asymmetry": 0.20509844612143158,
    "group_segregation_index": 0.8175873380615165,
    "total_mixing_events": 20,
    "mixing_event_success_rate": 1.0,
    "reputational_spillover_events": 0,
    "out_group_constraint_amplifications": 0,
    "group_extinction_events": 0
  },
  "interaction_metrics": {
    "total_interactions": 372518,
    "avg_interaction_processing_time": 0.0
  }
}