{
  "run_id": 81,
  "parameters": {
    "shock_interval_years": 2,
    "homophily_bias": 0.0,
    "num_groups": 1,
    "out_group_trust_bias": 0.804325387340469,
    "out_group_penalty": 1.30219045855094,
    "intervention_interval": 0,
    "intervention_scale": 0.09602568962744452,
    "event_bonus": 2.332875878634526,
    "base_trust_delta": 0.10595631274979221,
    "group_trust_bias": 1.2469538774140136,
    "resilience_profile": {
      "threshold": 0.16471320769712794,
      "noise": 0.041720621633759954
    },
    "turnover_rate": 0.04747315943442622,
    "social_diffusion": 0.08784493023077927,
    "max_rounds": 300,
    "initial_population": 200,
    "max_population": 800,
    "maslow_variation": 0.5,
    "constraint_threshold_range": [
      0.05,
      0.25
    ],
    "recovery_threshold": 0.3,
    "cooperation_bonus": 0.2,
    "trust_threshold": 0.6,
    "max_relationships_per_person": 150
  },
  "outcomes": {
    "final_cooperation_rate": 0.0,
    "final_constrained_rate": 1.0,
    "final_population": 5,
    "extinction_occurred": false,
    "rounds_completed": 300,
    "first_cascade_round": null,
    "total_cascade_events": 0,
    "total_shock_events": 44,
    "total_defections": 2351863,
    "total_redemptions": 319,
    "net_strategy_change": 2351544,
    "total_births": 600,
    "total_deaths": 792,
    "max_population_reached": 800,
    "population_stability": 0.5594786210937059,
    "population_growth": 4.0,
    "avg_system_stress": 9.992238495590446,
    "max_system_stress": 23.654141262093386,
    "avg_maslow_pressure": 0.17814729412914043,
    "avg_basic_needs_crisis_rate": 0.0,
    "avg_trust_level": 0.10042578818552274,
    "cooperation_benefit_total": 0,
    "cooperation_resilience": 0.0
  },
  "maslow_hierarchy": {
    "initial_needs_avg": {
      "physiological": 5.465457443659978,
      "safety": 6.048162834149993,
      "love": 0.9555434055304339,
      "esteem": 0.3625655214753255,
      "self_actualization": 5.302476663551772
    },
    "final_needs_avg": {
      "physiological": 5.465457443659978,
      "safety": 6.048162834149993,
      "love": 0.9555434055304339,
      "esteem": 0.3625655214753255,
      "self_actualization": 5.302476663551772
    },
    "needs_improvement": {
      "physiological": 0.0,
      "safety": 0.0,
      "love": 0.0,
      "esteem": 0.0,
      "self_actualization": 0.0
    }
  },
  "inter_group_metrics": {
    "final_group_populations": {
      "A": 5
    },
    "final_group_cooperation_rates": {
      "A": 0.0
    },
    "in_group_interaction_rate": 1.0,
    "out_group_interaction_rate": 0.0,
    "avg_in_group_trust": 0.10042578818552274,
    "avg_out_group_trust": 0.10042578818552274,
    "trust_asymmetry": 0.0,
    "group_segregation_index": 1.0,
    "total_mixing_events": 0,
    "mixing_event_success_rate": 0,
    "reputational_spillover_events": 0,
    "out_group_constraint_amplifications": 0,
    "group_extinction_events": 0
  },
  "interaction_metrics": {
    "total_interactions": 2367645,
    "avg_interaction_processing_time": 0.0
  }
}