{
  "run_id": 90,
  "parameters": {
    "shock_interval_years": 20,
    "homophily_bias": 0.0,
    "num_groups": 1,
    "out_group_trust_bias": 0.9773255931130655,
    "out_group_penalty": 1.1077062316801007,
    "intervention_interval": 0,
    "intervention_scale": 0.17316242563445222,
    "event_bonus": 2.1169396512230003,
    "base_trust_delta": 0.1497520709548552,
    "group_trust_bias": 1.7645262917508824,
    "resilience_profile": {
      "threshold": 0.17799810825391416,
      "noise": 0.12442251784928494
    },
    "turnover_rate": 0.04037464673352739,
    "social_diffusion": 0.050697041376465926,
    "max_rounds": 300,
    "initial_population": 200,
    "max_population": 800,
    "maslow_variation": 0.5,
    "constraint_threshold_range": [
      0.05,
      0.25
    ],
    "recovery_threshold": 0.3,
    "cooperation_bonus": 0.2,
    "trust_threshold": 0.6,
    "max_relationships_per_person": 150
  },
  "outcomes": {
    "final_cooperation_rate": 0.0,
    "final_constrained_rate": 1.0,
    "final_population": 3,
    "extinction_occurred": false,
    "rounds_completed": 300,
    "first_cascade_round": null,
    "total_cascade_events": 0,
    "total_shock_events": 4,
    "total_defections": 2336849,
    "total_redemptions": 366,
    "net_strategy_change": 2336483,
    "total_births": 598,
    "total_deaths": 791,
    "max_population_reached": 798,
    "population_stability": 0.5018396481110811,
    "population_growth": 3.99,
    "avg_system_stress": 0.250766784055515,
    "max_system_stress": 1.007797376195032,
    "avg_maslow_pressure": 0.1571565455749466,
    "avg_basic_needs_crisis_rate": 0.0,
    "avg_trust_level": 0.04067649436211371,
    "cooperation_benefit_total": 0,
    "cooperation_resilience": 0.0
  },
  "maslow_hierarchy": {
    "initial_needs_avg": {
      "physiological": 5.535731075998055,
      "safety": 4.932157314562932,
      "love": 2.0998915471441943,
      "esteem": 1.0175318615496936,
      "self_actualization": 5.937884869024757
    },
    "final_needs_avg": {
      "physiological": 5.535731075998055,
      "safety": 4.932157314562932,
      "love": 2.0998915471441943,
      "esteem": 1.0175318615496936,
      "self_actualization": 5.937884869024757
    },
    "needs_improvement": {
      "physiological": 0.0,
      "safety": 0.0,
      "love": 0.0,
      "esteem": 0.0,
      "self_actualization": 0.0
    }
  },
  "inter_group_metrics": {
    "final_group_populations": {
      "A": 3
    },
    "final_group_cooperation_rates": {
      "A": 0.0
    },
    "in_group_interaction_rate": 1.0,
    "out_group_interaction_rate": 0.0,
    "avg_in_group_trust": 0.04067649436211371,
    "avg_out_group_trust": 0.04067649436211371,
    "trust_asymmetry": 0.0,
    "group_segregation_index": 1.0,
    "total_mixing_events": 0,
    "mixing_event_success_rate": 0,
    "reputational_spillover_events": 0,
    "out_group_constraint_amplifications": 0,
    "group_extinction_events": 0
  },
  "interaction_metrics": {
    "total_interactions": 2352112,
    "avg_interaction_processing_time": 0.0
  }
}