{
  "run_id": 333,
  "parameters": {
    "shock_interval_years": 2,
    "homophily_bias": 0.07267467101177393,
    "num_groups": 2,
    "out_group_trust_bias": 1.0899841185467412,
    "out_group_penalty": 1.1448361699662608,
    "intervention_interval": 10,
    "intervention_scale": 0.11495325563830334,
    "event_bonus": 1.9821157580211772,
    "base_trust_delta": 0.09656933025885209,
    "group_trust_bias": 1.825360388977711,
    "resilience_profile": {
      "threshold": 0.3137629518319296,
      "noise": 0.11525379743438907
    },
    "turnover_rate": 0.021783225550064678,
    "social_diffusion": 0.06394650133456119,
    "max_rounds": 300,
    "initial_population": 200,
    "max_population": 800,
    "maslow_variation": 0.5,
    "constraint_threshold_range": [
      0.2,
      0.8
    ],
    "recovery_threshold": 0.15,
    "cooperation_bonus": 0.2,
    "trust_threshold": 0.6,
    "max_relationships_per_person": 150
  },
  "outcomes": {
    "final_cooperation_rate": 0.7660550458715596,
    "behavioral_cooperation_rate": 0.1596447434511941,
    "final_constrained_rate": 0.23394495412844038,
    "final_population": 654,
    "extinction_occurred": false,
    "rounds_completed": 300,
    "first_cascade_round": null,
    "total_cascade_events": 0,
    "total_shock_events": 33,
    "total_defections": 357389,
    "total_redemptions": 2531,
    "net_strategy_change": 354858,
    "total_births": 709,
    "total_deaths": 255,
    "max_population_reached": 696,
    "population_stability": 0.02227774998787273,
    "population_growth": 3.48,
    "avg_system_stress": 7.9680593017634695,
    "max_system_stress": 15.058225304102551,
    "avg_maslow_pressure": 0.12341733760337019,
    "avg_basic_needs_crisis_rate": 0.2996941896024465,
    "avg_trust_level": 0.3968515531571565,
    "cooperation_benefit_total": 0,
    "cooperation_resilience": 0.7660550458715596
  },
  "maslow_hierarchy": {
    "initial_needs_avg": {
      "physiological": 5.189576781885512,
      "safety": 5.275415882356081,
      "love": 7.049924567718523,
      "esteem": 1.4725425430379182,
      "self_actualization": 5.144029572845147
    },
    "final_needs_avg": {
      "physiological": 5.189576781885512,
      "safety": 5.275415882356081,
      "love": 7.049924567718523,
      "esteem": 1.4725425430379182,
      "self_actualization": 5.144029572845147
    },
    "needs_improvement": {
      "physiological": 0.0,
      "safety": 0.0,
      "love": 0.0,
      "esteem": 0.0,
      "self_actualization": 0.0
    }
  },
  "inter_group_metrics": {
    "final_group_populations": {
      "A": 305,
      "B": 349
    },
    "final_group_cooperation_rates": {
      "A": 0.7377049180327869,
      "B": 0.7908309455587392
    },
    "in_group_interaction_rate": 0.5817364039026469,
    "out_group_interaction_rate": 0.4182635960973531,
    "avg_in_group_trust": 0.4152317381214387,
    "avg_out_group_trust": 0.37847136819287425,
    "trust_asymmetry": 0.03676036992856446,
    "group_segregation_index": 0.5817364039026469,
    "total_mixing_events": 30,
    "mixing_event_success_rate": 1.0,
    "reputational_spillover_events": 0,
    "out_group_constraint_amplifications": 0,
    "group_extinction_events": 0
  },
  "interaction_metrics": {
    "total_interactions": 262796,
    "avg_interaction_processing_time": 0.0
  }
}