{
  "run_id": 113,
  "parameters": {
    "shock_interval_years": 20,
    "homophily_bias": 0.0,
    "num_groups": 1,
    "out_group_trust_bias": 1.0692882918888076,
    "out_group_penalty": 1.1278111256246355,
    "intervention_interval": 0,
    "intervention_scale": 0.2644354943624707,
    "event_bonus": 2.126957805455505,
    "base_trust_delta": 0.09084751226908078,
    "group_trust_bias": 1.8114753944008402,
    "resilience_profile": {
      "threshold": 0.1681686689869245,
      "noise": 0.1470729359967312
    },
    "turnover_rate": 0.024399996516604766,
    "social_diffusion": 0.0644136345218464,
    "max_rounds": 300,
    "initial_population": 200,
    "max_population": 800,
    "maslow_variation": 0.5,
    "constraint_threshold_range": [
      0.2,
      0.8
    ],
    "recovery_threshold": 0.15,
    "cooperation_bonus": 0.2,
    "trust_threshold": 0.6,
    "max_relationships_per_person": 150
  },
  "outcomes": {
    "final_cooperation_rate": 0.9875518672199171,
    "behavioral_cooperation_rate": 0.7196722831086043,
    "final_constrained_rate": 0.012448132780082987,
    "final_population": 723,
    "extinction_occurred": false,
    "rounds_completed": 300,
    "first_cascade_round": null,
    "total_cascade_events": 0,
    "total_shock_events": 8,
    "total_defections": 90790,
    "total_redemptions": 218,
    "net_strategy_change": 90572,
    "total_births": 797,
    "total_deaths": 273,
    "max_population_reached": 756,
    "population_stability": 0.01221712418287515,
    "population_growth": 3.78,
    "avg_system_stress": 0.7223651986237496,
    "max_system_stress": 1.4217567306226107,
    "avg_maslow_pressure": 0.03411608771111838,
    "avg_basic_needs_crisis_rate": 0.2157676348547718,
    "avg_trust_level": 0.6781776066272182,
    "cooperation_benefit_total": 0,
    "cooperation_resilience": 0.9875518672199171
  },
  "maslow_hierarchy": {
    "initial_needs_avg": {
      "physiological": 5.5687586821062105,
      "safety": 5.684076283760174,
      "love": 9.953778177571115,
      "esteem": 5.140757208343675,
      "self_actualization": 5.858635063022371
    },
    "final_needs_avg": {
      "physiological": 5.5687586821062105,
      "safety": 5.684076283760174,
      "love": 9.953778177571115,
      "esteem": 5.140757208343675,
      "self_actualization": 5.858635063022371
    },
    "needs_improvement": {
      "physiological": 0.0,
      "safety": 0.0,
      "love": 0.0,
      "esteem": 0.0,
      "self_actualization": 0.0
    }
  },
  "inter_group_metrics": {
    "final_group_populations": {
      "A": 723
    },
    "final_group_cooperation_rates": {
      "A": 0.9875518672199171
    },
    "in_group_interaction_rate": 1.0,
    "out_group_interaction_rate": 0.0,
    "avg_in_group_trust": 0.6781776066272182,
    "avg_out_group_trust": 0.6781776066272182,
    "trust_asymmetry": 0.0,
    "group_segregation_index": 1.0,
    "total_mixing_events": 0,
    "mixing_event_success_rate": 0,
    "reputational_spillover_events": 0,
    "out_group_constraint_amplifications": 0,
    "group_extinction_events": 0
  },
  "interaction_metrics": {
    "total_interactions": 280486,
    "avg_interaction_processing_time": 0.0
  }
}