{
  "run_id": 85,
  "parameters": {
    "shock_interval_years": 20,
    "homophily_bias": 0.0,
    "num_groups": 1,
    "out_group_trust_bias": 1.0548405557110054,
    "out_group_penalty": 1.4592501055631333,
    "intervention_interval": 0,
    "intervention_scale": 0.0634870718133929,
    "event_bonus": 2.0932854725399785,
    "base_trust_delta": 0.10080239093771462,
    "group_trust_bias": 1.7415883142873785,
    "resilience_profile": {
      "threshold": 0.16794756174751685,
      "noise": 0.11578324095280451
    },
    "turnover_rate": 0.04604245714653421,
    "social_diffusion": 0.011554837340451207,
    "max_rounds": 300,
    "initial_population": 200,
    "max_population": 800,
    "maslow_variation": 0.5,
    "constraint_threshold_range": [
      0.2,
      0.8
    ],
    "recovery_threshold": 0.15,
    "cooperation_bonus": 0.2,
    "trust_threshold": 0.6,
    "max_relationships_per_person": 150
  },
  "outcomes": {
    "final_cooperation_rate": 0.9785082174462706,
    "behavioral_cooperation_rate": 0.7475554098428905,
    "final_constrained_rate": 0.021491782553729456,
    "final_population": 791,
    "extinction_occurred": false,
    "rounds_completed": 300,
    "first_cascade_round": null,
    "total_cascade_events": 0,
    "total_shock_events": 7,
    "total_defections": 106743,
    "total_redemptions": 356,
    "net_strategy_change": 106387,
    "total_births": 954,
    "total_deaths": 363,
    "max_population_reached": 800,
    "population_stability": 0.0034216195622587507,
    "population_growth": 4.0,
    "avg_system_stress": 0.362175284820165,
    "max_system_stress": 0.9917700785334738,
    "avg_maslow_pressure": 0.027816030959044568,
    "avg_basic_needs_crisis_rate": 0.18078381795195955,
    "avg_trust_level": 0.7364776178392106,
    "cooperation_benefit_total": 0,
    "cooperation_resilience": 0.9785082174462706
  },
  "maslow_hierarchy": {
    "initial_needs_avg": {
      "physiological": 5.86090201562767,
      "safety": 5.85341296987603,
      "love": 9.868823255401576,
      "esteem": 5.164805119713706,
      "self_actualization": 5.977231424611038
    },
    "final_needs_avg": {
      "physiological": 5.86090201562767,
      "safety": 5.85341296987603,
      "love": 9.868823255401576,
      "esteem": 5.164805119713706,
      "self_actualization": 5.977231424611038
    },
    "needs_improvement": {
      "physiological": 0.0,
      "safety": 0.0,
      "love": 0.0,
      "esteem": 0.0,
      "self_actualization": 0.0
    }
  },
  "inter_group_metrics": {
    "final_group_populations": {
      "A": 791
    },
    "final_group_cooperation_rates": {
      "A": 0.9785082174462706
    },
    "in_group_interaction_rate": 1.0,
    "out_group_interaction_rate": 0.0,
    "avg_in_group_trust": 0.7364776178392106,
    "avg_out_group_trust": 0.7364776178392106,
    "trust_asymmetry": 0.0,
    "group_segregation_index": 1.0,
    "total_mixing_events": 0,
    "mixing_event_success_rate": 0,
    "reputational_spillover_events": 0,
    "out_group_constraint_amplifications": 0,
    "group_extinction_events": 0
  },
  "interaction_metrics": {
    "total_interactions": 384318,
    "avg_interaction_processing_time": 0.0
  }
}