{
  "run_id": 74,
  "parameters": {
    "shock_interval_years": 20,
    "homophily_bias": 0.19412039867861985,
    "num_groups": 3,
    "out_group_trust_bias": 0.9233627414192981,
    "out_group_penalty": 1.3531248477973206,
    "intervention_interval": 20,
    "intervention_scale": 0.10756316230733177,
    "event_bonus": 1.7274195521037,
    "base_trust_delta": 0.08972614404703902,
    "group_trust_bias": 1.7135448874455776,
    "resilience_profile": {
      "threshold": 0.18046195355422495,
      "noise": 0.13832260575270844
    },
    "turnover_rate": 0.023585824084137424,
    "social_diffusion": 0.012317272615473563,
    "max_rounds": 300,
    "initial_population": 200,
    "max_population": 800,
    "maslow_variation": 0.5,
    "constraint_threshold_range": [
      0.2,
      0.8
    ],
    "recovery_threshold": 0.15,
    "cooperation_bonus": 0.2,
    "trust_threshold": 0.6,
    "max_relationships_per_person": 150
  },
  "outcomes": {
    "final_cooperation_rate": 0.4926900584795322,
    "behavioral_cooperation_rate": 0.11752418146314882,
    "final_constrained_rate": 0.5073099415204678,
    "final_population": 684,
    "extinction_occurred": false,
    "rounds_completed": 300,
    "first_cascade_round": null,
    "total_cascade_events": 0,
    "total_shock_events": 0,
    "total_defections": 380311,
    "total_redemptions": 1910,
    "net_strategy_change": 378401,
    "total_births": 732,
    "total_deaths": 247,
    "max_population_reached": 723,
    "population_stability": 0.01373327220000088,
    "population_growth": 3.615,
    "avg_system_stress": 0.0,
    "max_system_stress": 0.0,
    "avg_maslow_pressure": 0.13524313555382986,
    "avg_basic_needs_crisis_rate": 0.2997076023391813,
    "avg_trust_level": 0.337932682763976,
    "cooperation_benefit_total": 0,
    "cooperation_resilience": 0.4926900584795322
  },
  "maslow_hierarchy": {
    "initial_needs_avg": {
      "physiological": 4.973947067114022,
      "safety": 5.1702789943877745,
      "love": 5.377998446657705,
      "esteem": 1.9639557935109926,
      "self_actualization": 5.354966031356614
    },
    "final_needs_avg": {
      "physiological": 4.973947067114022,
      "safety": 5.1702789943877745,
      "love": 5.377998446657705,
      "esteem": 1.9639557935109926,
      "self_actualization": 5.354966031356614
    },
    "needs_improvement": {
      "physiological": 0.0,
      "safety": 0.0,
      "love": 0.0,
      "esteem": 0.0,
      "self_actualization": 0.0
    }
  },
  "inter_group_metrics": {
    "final_group_populations": {
      "A": 267,
      "B": 244,
      "C": 173
    },
    "final_group_cooperation_rates": {
      "A": 0.5543071161048689,
      "B": 0.5040983606557377,
      "C": 0.3815028901734104
    },
    "in_group_interaction_rate": 0.527012094515841,
    "out_group_interaction_rate": 0.4729879054841591,
    "avg_in_group_trust": 0.31111412256665155,
    "avg_out_group_trust": 0.3647512429613004,
    "trust_asymmetry": -0.05363712039464885,
    "group_segregation_index": 0.527012094515841,
    "total_mixing_events": 15,
    "mixing_event_success_rate": 1.0,
    "reputational_spillover_events": 0,
    "out_group_constraint_amplifications": 0,
    "group_extinction_events": 0
  },
  "interaction_metrics": {
    "total_interactions": 264252,
    "avg_interaction_processing_time": 0.0
  }
}