{
  "run_id": 153,
  "parameters": {
    "shock_interval_years": 5,
    "homophily_bias": 0.646917825859695,
    "num_groups": 3,
    "out_group_trust_bias": 0.8899784694998409,
    "out_group_penalty": 1.2163671678892398,
    "intervention_interval": 15,
    "intervention_scale": 0.25205892472709623,
    "event_bonus": 1.5788354346628801,
    "base_trust_delta": 0.1395005978645056,
    "group_trust_bias": 1.2348540751566932,
    "resilience_profile": {
      "threshold": 0.3080749359239435,
      "noise": 0.09656736228279587
    },
    "turnover_rate": 0.04750990808434637,
    "social_diffusion": 0.03657812313798774,
    "max_rounds": 300,
    "initial_population": 200,
    "max_population": 800,
    "maslow_variation": 0.5,
    "constraint_threshold_range": [
      0.2,
      0.8
    ],
    "recovery_threshold": 0.15,
    "cooperation_bonus": 0.2,
    "trust_threshold": 0.6,
    "max_relationships_per_person": 150
  },
  "outcomes": {
    "final_cooperation_rate": 0.9897959183673469,
    "behavioral_cooperation_rate": 0.42991465575451726,
    "final_constrained_rate": 0.01020408163265306,
    "final_population": 784,
    "extinction_occurred": false,
    "rounds_completed": 300,
    "first_cascade_round": null,
    "total_cascade_events": 0,
    "total_shock_events": 15,
    "total_defections": 316282,
    "total_redemptions": 2765,
    "net_strategy_change": 313517,
    "total_births": 980,
    "total_deaths": 386,
    "max_population_reached": 800,
    "population_stability": 0.0035320514287307974,
    "population_growth": 4.0,
    "avg_system_stress": 4.302214171428407,
    "max_system_stress": 8.571806017111804,
    "avg_maslow_pressure": 0.05133008612990096,
    "avg_basic_needs_crisis_rate": 0.19260204081632654,
    "avg_trust_level": 0.6835771407956427,
    "cooperation_benefit_total": 0,
    "cooperation_resilience": 0.9897959183673469
  },
  "maslow_hierarchy": {
    "initial_needs_avg": {
      "physiological": 5.623345881366985,
      "safety": 6.15269035153165,
      "love": 9.879964451006005,
      "esteem": 3.308167457887477,
      "self_actualization": 5.668301780092538
    },
    "final_needs_avg": {
      "physiological": 5.623345881366985,
      "safety": 6.15269035153165,
      "love": 9.879964451006005,
      "esteem": 3.308167457887477,
      "self_actualization": 5.668301780092538
    },
    "needs_improvement": {
      "physiological": 0.0,
      "safety": 0.0,
      "love": 0.0,
      "esteem": 0.0,
      "self_actualization": 0.0
    }
  },
  "inter_group_metrics": {
    "final_group_populations": {
      "B": 255,
      "A": 270,
      "C": 259
    },
    "final_group_cooperation_rates": {
      "B": 0.9882352941176471,
      "A": 0.9962962962962963,
      "C": 0.9845559845559846
    },
    "in_group_interaction_rate": 0.7554615747815624,
    "out_group_interaction_rate": 0.2445384252184376,
    "avg_in_group_trust": 0.7266105348796151,
    "avg_out_group_trust": 0.6405437467116702,
    "trust_asymmetry": 0.08606678816794489,
    "group_segregation_index": 0.7554615747815624,
    "total_mixing_events": 20,
    "mixing_event_success_rate": 1.0,
    "reputational_spillover_events": 0,
    "out_group_constraint_amplifications": 0,
    "group_extinction_events": 0
  },
  "interaction_metrics": {
    "total_interactions": 393934,
    "avg_interaction_processing_time": 0.0
  }
}