{
  "run_id": 125,
  "parameters": {
    "shock_interval_years": 20,
    "homophily_bias": 0.32672795385455206,
    "num_groups": 3,
    "out_group_trust_bias": 0.8467212686475308,
    "out_group_penalty": 1.2405085744313689,
    "intervention_interval": 10,
    "intervention_scale": 0.19024608606149018,
    "event_bonus": 2.26432407845256,
    "base_trust_delta": 0.11388993892213614,
    "group_trust_bias": 1.7056206095664517,
    "resilience_profile": {
      "threshold": 0.33362181610696273,
      "noise": 0.12640798025169236
    },
    "turnover_rate": 0.04270383813791141,
    "social_diffusion": 0.041550208754724,
    "max_rounds": 300,
    "initial_population": 200,
    "max_population": 800,
    "maslow_variation": 0.5,
    "constraint_threshold_range": [
      0.2,
      0.8
    ],
    "recovery_threshold": 0.15,
    "cooperation_bonus": 0.2,
    "trust_threshold": 0.6,
    "max_relationships_per_person": 150
  },
  "outcomes": {
    "final_cooperation_rate": 0.9315589353612167,
    "behavioral_cooperation_rate": 0.5567934349604292,
    "final_constrained_rate": 0.06844106463878327,
    "final_population": 789,
    "extinction_occurred": false,
    "rounds_completed": 300,
    "first_cascade_round": null,
    "total_cascade_events": 0,
    "total_shock_events": 2,
    "total_defections": 209025,
    "total_redemptions": 1003,
    "net_strategy_change": 208022,
    "total_births": 931,
    "total_deaths": 339,
    "max_population_reached": 800,
    "population_stability": 0.0037093649363333188,
    "population_growth": 4.0,
    "avg_system_stress": 0.14621028480421902,
    "max_system_stress": 0.7165391395299643,
    "avg_maslow_pressure": 0.03379657900722059,
    "avg_basic_needs_crisis_rate": 0.19011406844106463,
    "avg_trust_level": 0.7645396322280518,
    "cooperation_benefit_total": 0,
    "cooperation_resilience": 0.9315589353612167
  },
  "maslow_hierarchy": {
    "initial_needs_avg": {
      "physiological": 5.802900146200296,
      "safety": 5.771752045608426,
      "love": 9.48191389052393,
      "esteem": 6.242542541672733,
      "self_actualization": 5.622390179028636
    },
    "final_needs_avg": {
      "physiological": 5.802900146200296,
      "safety": 5.771752045608426,
      "love": 9.48191389052393,
      "esteem": 6.242542541672733,
      "self_actualization": 5.622390179028636
    },
    "needs_improvement": {
      "physiological": 0.0,
      "safety": 0.0,
      "love": 0.0,
      "esteem": 0.0,
      "self_actualization": 0.0
    }
  },
  "inter_group_metrics": {
    "final_group_populations": {
      "A": 274,
      "B": 310,
      "C": 205
    },
    "final_group_cooperation_rates": {
      "A": 0.9233576642335767,
      "B": 0.9354838709677419,
      "C": 0.9365853658536586
    },
    "in_group_interaction_rate": 0.5903463111488819,
    "out_group_interaction_rate": 0.4096536888511181,
    "avg_in_group_trust": 0.7819685295030988,
    "avg_out_group_trust": 0.7471107349530046,
    "trust_asymmetry": 0.03485779455009419,
    "group_segregation_index": 0.5903463111488819,
    "total_mixing_events": 30,
    "mixing_event_success_rate": 1.0,
    "reputational_spillover_events": 0,
    "out_group_constraint_amplifications": 0,
    "group_extinction_events": 0
  },
  "interaction_metrics": {
    "total_interactions": 376540,
    "avg_interaction_processing_time": 0.0
  }
}