{
  "run_id": 321,
  "parameters": {
    "shock_interval_years": 2,
    "homophily_bias": 0.0,
    "num_groups": 1,
    "out_group_trust_bias": 0.9174013720952569,
    "out_group_penalty": 1.1915255420679403,
    "intervention_interval": 0,
    "intervention_scale": 0.2921948634201103,
    "event_bonus": 1.7418632504866598,
    "base_trust_delta": 0.18439659916181272,
    "group_trust_bias": 1.2391684165981092,
    "resilience_profile": {
      "threshold": 0.3165723838228765,
      "noise": 0.08207943867740884
    },
    "turnover_rate": 0.029436635231087895,
    "social_diffusion": 0.008684070720822423,
    "max_rounds": 300,
    "initial_population": 200,
    "max_population": 800,
    "maslow_variation": 0.5,
    "constraint_threshold_range": [
      0.2,
      0.8
    ],
    "recovery_threshold": 0.15,
    "cooperation_bonus": 0.2,
    "trust_threshold": 0.6,
    "max_relationships_per_person": 150
  },
  "outcomes": {
    "final_cooperation_rate": 0.29760403530895335,
    "behavioral_cooperation_rate": 0.2507706272811513,
    "final_constrained_rate": 0.7023959646910467,
    "final_population": 793,
    "extinction_occurred": false,
    "rounds_completed": 300,
    "first_cascade_round": null,
    "total_cascade_events": 0,
    "total_shock_events": 48,
    "total_defections": 347304,
    "total_redemptions": 5188,
    "net_strategy_change": 342116,
    "total_births": 858,
    "total_deaths": 265,
    "max_population_reached": 800,
    "population_stability": 0.0028234070763136178,
    "population_growth": 4.0,
    "avg_system_stress": 10.637006330397835,
    "max_system_stress": 22.33324581278509,
    "avg_maslow_pressure": 0.1379491859370909,
    "avg_basic_needs_crisis_rate": 0.31525851197982346,
    "avg_trust_level": 0.5246699363626738,
    "cooperation_benefit_total": 0,
    "cooperation_resilience": 0.29760403530895335
  },
  "maslow_hierarchy": {
    "initial_needs_avg": {
      "physiological": 5.243348802977812,
      "safety": 5.191312723556274,
      "love": 6.575979732155157,
      "esteem": 0.47598901548744427,
      "self_actualization": 5.201935648726804
    },
    "final_needs_avg": {
      "physiological": 5.243348802977812,
      "safety": 5.191312723556274,
      "love": 6.575979732155157,
      "esteem": 0.47598901548744427,
      "self_actualization": 5.201935648726804
    },
    "needs_improvement": {
      "physiological": 0.0,
      "safety": 0.0,
      "love": 0.0,
      "esteem": 0.0,
      "self_actualization": 0.0
    }
  },
  "inter_group_metrics": {
    "final_group_populations": {
      "A": 793
    },
    "final_group_cooperation_rates": {
      "A": 0.29760403530895335
    },
    "in_group_interaction_rate": 1.0,
    "out_group_interaction_rate": 0.0,
    "avg_in_group_trust": 0.5246699363626738,
    "avg_out_group_trust": 0.5246699363626738,
    "trust_asymmetry": 0.0,
    "group_segregation_index": 1.0,
    "total_mixing_events": 0,
    "mixing_event_success_rate": 0,
    "reputational_spillover_events": 0,
    "out_group_constraint_amplifications": 0,
    "group_extinction_events": 0
  },
  "interaction_metrics": {
    "total_interactions": 317274,
    "avg_interaction_processing_time": 0.0
  }
}