{
  "run_id": 487,
  "parameters": {
    "shock_interval_years": 20,
    "homophily_bias": 0.0,
    "num_groups": 1,
    "out_group_trust_bias": 1.0584047129660834,
    "out_group_penalty": 1.1340141713665224,
    "intervention_interval": 0,
    "intervention_scale": 0.2606355940734472,
    "event_bonus": 2.4438000544645995,
    "base_trust_delta": 0.05499406760740269,
    "group_trust_bias": 1.3447250246161302,
    "resilience_profile": {
      "threshold": 0.1489756811355147,
      "noise": 0.11492401457976115
    },
    "turnover_rate": 0.044576981663095726,
    "social_diffusion": 0.03844855099552541,
    "max_rounds": 300,
    "initial_population": 200,
    "max_population": 800,
    "maslow_variation": 0.5,
    "constraint_threshold_range": [
      0.2,
      0.8
    ],
    "recovery_threshold": 0.15,
    "cooperation_bonus": 0.2,
    "trust_threshold": 0.6,
    "max_relationships_per_person": 150
  },
  "outcomes": {
    "final_cooperation_rate": 0.979874213836478,
    "behavioral_cooperation_rate": 0.806392664956148,
    "final_constrained_rate": 0.02012578616352201,
    "final_population": 795,
    "extinction_occurred": false,
    "rounds_completed": 300,
    "first_cascade_round": null,
    "total_cascade_events": 0,
    "total_shock_events": 5,
    "total_defections": 77357,
    "total_redemptions": 119,
    "net_strategy_change": 77238,
    "total_births": 927,
    "total_deaths": 329,
    "max_population_reached": 800,
    "population_stability": 0.003029537991631484,
    "population_growth": 4.0,
    "avg_system_stress": 0.09172694454535536,
    "max_system_stress": 0.4112162024997592,
    "avg_maslow_pressure": 0.037720402564732754,
    "avg_basic_needs_crisis_rate": 0.1949685534591195,
    "avg_trust_level": 0.6111438221685388,
    "cooperation_benefit_total": 0,
    "cooperation_resilience": 0.979874213836478
  },
  "maslow_hierarchy": {
    "initial_needs_avg": {
      "physiological": 5.759229544244988,
      "safety": 5.940797321383786,
      "love": 9.92832470117986,
      "esteem": 5.274619694438627,
      "self_actualization": 5.502552925907858
    },
    "final_needs_avg": {
      "physiological": 5.759229544244988,
      "safety": 5.940797321383786,
      "love": 9.92832470117986,
      "esteem": 5.274619694438627,
      "self_actualization": 5.502552925907858
    },
    "needs_improvement": {
      "physiological": 0.0,
      "safety": 0.0,
      "love": 0.0,
      "esteem": 0.0,
      "self_actualization": 0.0
    }
  },
  "inter_group_metrics": {
    "final_group_populations": {
      "A": 795
    },
    "final_group_cooperation_rates": {
      "A": 0.979874213836478
    },
    "in_group_interaction_rate": 1.0,
    "out_group_interaction_rate": 0.0,
    "avg_in_group_trust": 0.6111438221685388,
    "avg_out_group_trust": 0.6111438221685388,
    "trust_asymmetry": 0.0,
    "group_segregation_index": 1.0,
    "total_mixing_events": 0,
    "mixing_event_success_rate": 0,
    "reputational_spillover_events": 0,
    "out_group_constraint_amplifications": 0,
    "group_extinction_events": 0
  },
  "interaction_metrics": {
    "total_interactions": 376494,
    "avg_interaction_processing_time": 0.0
  }
}