{
  "run_id": 443,
  "parameters": {
    "shock_interval_years": 10,
    "homophily_bias": 0.0,
    "num_groups": 1,
    "out_group_trust_bias": 1.1034140116231757,
    "out_group_penalty": 1.1348104363131584,
    "intervention_interval": 0,
    "intervention_scale": 0.18299909994418162,
    "event_bonus": 1.5444439938209615,
    "base_trust_delta": 0.17374027712138898,
    "group_trust_bias": 1.298309553120193,
    "resilience_profile": {
      "threshold": 0.27288579443206695,
      "noise": 0.13486423447829274
    },
    "turnover_rate": 0.02629619317996065,
    "social_diffusion": 0.007662161388470024,
    "max_rounds": 300,
    "initial_population": 200,
    "max_population": 800,
    "maslow_variation": 0.5,
    "constraint_threshold_range": [
      0.2,
      0.8
    ],
    "recovery_threshold": 0.15,
    "cooperation_bonus": 0.2,
    "trust_threshold": 0.6,
    "max_relationships_per_person": 150
  },
  "outcomes": {
    "final_cooperation_rate": 0.9246753246753247,
    "behavioral_cooperation_rate": 0.6462242048846241,
    "final_constrained_rate": 0.07532467532467532,
    "final_population": 770,
    "extinction_occurred": false,
    "rounds_completed": 300,
    "first_cascade_round": null,
    "total_cascade_events": 0,
    "total_shock_events": 10,
    "total_defections": 132488,
    "total_redemptions": 867,
    "net_strategy_change": 131621,
    "total_births": 844,
    "total_deaths": 272,
    "max_population_reached": 800,
    "population_stability": 0.017311435242531235,
    "population_growth": 4.0,
    "avg_system_stress": 0.6944769343814432,
    "max_system_stress": 1.9283322128317044,
    "avg_maslow_pressure": 0.03915735996776849,
    "avg_basic_needs_crisis_rate": 0.15844155844155844,
    "avg_trust_level": 0.7161602703457192,
    "cooperation_benefit_total": 0,
    "cooperation_resilience": 0.9246753246753247
  },
  "maslow_hierarchy": {
    "initial_needs_avg": {
      "physiological": 5.6401162522669,
      "safety": 6.144480697339635,
      "love": 9.603908613697815,
      "esteem": 4.506493895403779,
      "self_actualization": 5.65071635422221
    },
    "final_needs_avg": {
      "physiological": 5.6401162522669,
      "safety": 6.144480697339635,
      "love": 9.603908613697815,
      "esteem": 4.506493895403779,
      "self_actualization": 5.65071635422221
    },
    "needs_improvement": {
      "physiological": 0.0,
      "safety": 0.0,
      "love": 0.0,
      "esteem": 0.0,
      "self_actualization": 0.0
    }
  },
  "inter_group_metrics": {
    "final_group_populations": {
      "A": 770
    },
    "final_group_cooperation_rates": {
      "A": 0.9246753246753247
    },
    "in_group_interaction_rate": 1.0,
    "out_group_interaction_rate": 0.0,
    "avg_in_group_trust": 0.7161602703457192,
    "avg_out_group_trust": 0.7161602703457192,
    "trust_asymmetry": 0.0,
    "group_segregation_index": 1.0,
    "total_mixing_events": 0,
    "mixing_event_success_rate": 0,
    "reputational_spillover_events": 0,
    "out_group_constraint_amplifications": 0,
    "group_extinction_events": 0
  },
  "interaction_metrics": {
    "total_interactions": 311590,
    "avg_interaction_processing_time": 0.0
  }
}