{
  "run_id": 317,
  "parameters": {
    "shock_interval_years": 10,
    "homophily_bias": 0.1817394866203193,
    "num_groups": 3,
    "out_group_trust_bias": 0.8514538296916749,
    "out_group_penalty": 1.423496739683999,
    "intervention_interval": 20,
    "intervention_scale": 0.26328250651026003,
    "event_bonus": 2.2304179106578124,
    "base_trust_delta": 0.15757431647511402,
    "group_trust_bias": 1.2169423272399245,
    "resilience_profile": {
      "threshold": 0.10836563749078221,
      "noise": 0.013075408456018333
    },
    "turnover_rate": 0.029759729454732334,
    "social_diffusion": 0.08374814897664204,
    "max_rounds": 300,
    "initial_population": 200,
    "max_population": 800,
    "maslow_variation": 0.5,
    "constraint_threshold_range": [
      0.2,
      0.8
    ],
    "recovery_threshold": 0.15,
    "cooperation_bonus": 0.2,
    "trust_threshold": 0.6,
    "max_relationships_per_person": 150
  },
  "outcomes": {
    "final_cooperation_rate": 0.23018867924528302,
    "behavioral_cooperation_rate": 0.02286688322130383,
    "final_constrained_rate": 0.769811320754717,
    "final_population": 795,
    "extinction_occurred": false,
    "rounds_completed": 300,
    "first_cascade_round": null,
    "total_cascade_events": 0,
    "total_shock_events": 7,
    "total_defections": 553186,
    "total_redemptions": 4427,
    "net_strategy_change": 548759,
    "total_births": 863,
    "total_deaths": 268,
    "max_population_reached": 800,
    "population_stability": 0.014674162712675874,
    "population_growth": 4.0,
    "avg_system_stress": 0.2874051315571662,
    "max_system_stress": 0.7909960341961789,
    "avg_maslow_pressure": 0.2312042825239136,
    "avg_basic_needs_crisis_rate": 0.41132075471698115,
    "avg_trust_level": 0.2062307152138141,
    "cooperation_benefit_total": 0,
    "cooperation_resilience": 0.23018867924528302
  },
  "maslow_hierarchy": {
    "initial_needs_avg": {
      "physiological": 4.512434820103231,
      "safety": 5.070480299077268,
      "love": 1.7163742773632078,
      "esteem": 0.8115520046948465,
      "self_actualization": 4.891350302858632
    },
    "final_needs_avg": {
      "physiological": 4.512434820103231,
      "safety": 5.070480299077268,
      "love": 1.7163742773632078,
      "esteem": 0.8115520046948465,
      "self_actualization": 4.891350302858632
    },
    "needs_improvement": {
      "physiological": 0.0,
      "safety": 0.0,
      "love": 0.0,
      "esteem": 0.0,
      "self_actualization": 0.0
    }
  },
  "inter_group_metrics": {
    "final_group_populations": {
      "B": 291,
      "A": 284,
      "C": 220
    },
    "final_group_cooperation_rates": {
      "B": 0.23711340206185566,
      "A": 0.23943661971830985,
      "C": 0.20909090909090908
    },
    "in_group_interaction_rate": 0.5164828096356093,
    "out_group_interaction_rate": 0.4835171903643907,
    "avg_in_group_trust": 0.15217270563783314,
    "avg_out_group_trust": 0.26028872478979503,
    "trust_asymmetry": -0.1081160191519619,
    "group_segregation_index": 0.5164828096356093,
    "total_mixing_events": 15,
    "mixing_event_success_rate": 1.0,
    "reputational_spillover_events": 0,
    "out_group_constraint_amplifications": 0,
    "group_extinction_events": 0
  },
  "interaction_metrics": {
    "total_interactions": 310930,
    "avg_interaction_processing_time": 0.0
  }
}