{
  "run_id": 262,
  "parameters": {
    "shock_interval_years": 2,
    "homophily_bias": 0.18053667515743568,
    "num_groups": 3,
    "out_group_trust_bias": 0.9426417100150967,
    "out_group_penalty": 1.444848833984353,
    "intervention_interval": 15,
    "intervention_scale": 0.2276488031792226,
    "event_bonus": 2.2777725600431378,
    "base_trust_delta": 0.10740919732869288,
    "group_trust_bias": 1.9226904556756774,
    "resilience_profile": {
      "threshold": 0.3485082849605144,
      "noise": 0.07399055369999688
    },
    "turnover_rate": 0.03577468103822798,
    "social_diffusion": 0.04119504361447848,
    "max_rounds": 300,
    "initial_population": 200,
    "max_population": 800,
    "maslow_variation": 0.5,
    "constraint_threshold_range": [
      0.2,
      0.8
    ],
    "recovery_threshold": 0.15,
    "cooperation_bonus": 0.2,
    "trust_threshold": 0.6,
    "max_relationships_per_person": 150
  },
  "outcomes": {
    "final_cooperation_rate": 0.42534504391468003,
    "behavioral_cooperation_rate": 0.05051298905432826,
    "final_constrained_rate": 0.5746549560853199,
    "final_population": 797,
    "extinction_occurred": false,
    "rounds_completed": 300,
    "first_cascade_round": null,
    "total_cascade_events": 0,
    "total_shock_events": 39,
    "total_defections": 583252,
    "total_redemptions": 3469,
    "net_strategy_change": 579783,
    "total_births": 908,
    "total_deaths": 309,
    "max_population_reached": 800,
    "population_stability": 0.0033615773106644266,
    "population_growth": 4.0,
    "avg_system_stress": 6.75459829773179,
    "max_system_stress": 16.32526122522946,
    "avg_maslow_pressure": 0.16888798963882093,
    "avg_basic_needs_crisis_rate": 0.33877038895859474,
    "avg_trust_level": 0.3123482493624269,
    "cooperation_benefit_total": 0,
    "cooperation_resilience": 0.42534504391468003
  },
  "maslow_hierarchy": {
    "initial_needs_avg": {
      "physiological": 5.081822352174413,
      "safety": 5.0949552342198,
      "love": 3.1441158421595987,
      "esteem": 1.037095979150838,
      "self_actualization": 5.4002598005213756
    },
    "final_needs_avg": {
      "physiological": 5.081822352174413,
      "safety": 5.0949552342198,
      "love": 3.1441158421595987,
      "esteem": 1.037095979150838,
      "self_actualization": 5.4002598005213756
    },
    "needs_improvement": {
      "physiological": 0.0,
      "safety": 0.0,
      "love": 0.0,
      "esteem": 0.0,
      "self_actualization": 0.0
    }
  },
  "inter_group_metrics": {
    "final_group_populations": {
      "A": 284,
      "C": 241,
      "B": 272
    },
    "final_group_cooperation_rates": {
      "A": 0.43309859154929575,
      "C": 0.4024896265560166,
      "B": 0.4375
    },
    "in_group_interaction_rate": 0.5067245863221972,
    "out_group_interaction_rate": 0.49327541367780287,
    "avg_in_group_trust": 0.2298407391945568,
    "avg_out_group_trust": 0.39485575953029695,
    "trust_asymmetry": -0.16501502033574014,
    "group_segregation_index": 0.5067245863221972,
    "total_mixing_events": 20,
    "mixing_event_success_rate": 1.0,
    "reputational_spillover_events": 0,
    "out_group_constraint_amplifications": 0,
    "group_extinction_events": 0
  },
  "interaction_metrics": {
    "total_interactions": 349910,
    "avg_interaction_processing_time": 0.0
  }
}