{
  "run_id": 307,
  "parameters": {
    "shock_interval_years": 20,
    "homophily_bias": 0.5474465893008594,
    "num_groups": 3,
    "out_group_trust_bias": 1.093981137754562,
    "out_group_penalty": 1.1965263207129408,
    "intervention_interval": 15,
    "intervention_scale": 0.20269283225789764,
    "event_bonus": 2.1471085482621333,
    "base_trust_delta": 0.10213247988540329,
    "group_trust_bias": 1.241245015875864,
    "resilience_profile": {
      "threshold": 0.10690694900668159,
      "noise": 0.1320155682580322
    },
    "turnover_rate": 0.04907124018869771,
    "social_diffusion": 0.07601002220013564,
    "max_rounds": 300,
    "initial_population": 200,
    "max_population": 800,
    "maslow_variation": 0.5,
    "constraint_threshold_range": [
      0.2,
      0.8
    ],
    "recovery_threshold": 0.15,
    "cooperation_bonus": 0.2,
    "trust_threshold": 0.6,
    "max_relationships_per_person": 150
  },
  "outcomes": {
    "final_cooperation_rate": 0.7641866330390921,
    "behavioral_cooperation_rate": 0.19392112728169708,
    "final_constrained_rate": 0.23581336696090793,
    "final_population": 793,
    "extinction_occurred": false,
    "rounds_completed": 300,
    "first_cascade_round": null,
    "total_cascade_events": 0,
    "total_shock_events": 4,
    "total_defections": 482563,
    "total_redemptions": 1755,
    "net_strategy_change": 480808,
    "total_births": 963,
    "total_deaths": 364,
    "max_population_reached": 800,
    "population_stability": 0.005052765975196188,
    "population_growth": 4.0,
    "avg_system_stress": 0.3811635137372165,
    "max_system_stress": 1.173617838737281,
    "avg_maslow_pressure": 0.08496585960051543,
    "avg_basic_needs_crisis_rate": 0.2988650693568726,
    "avg_trust_level": 0.5248106568402984,
    "cooperation_benefit_total": 0,
    "cooperation_resilience": 0.7641866330390921
  },
  "maslow_hierarchy": {
    "initial_needs_avg": {
      "physiological": 5.271682492424049,
      "safety": 5.015248705783064,
      "love": 7.828626580513507,
      "esteem": 4.106790971982184,
      "self_actualization": 5.391046161245104
    },
    "final_needs_avg": {
      "physiological": 5.271682492424049,
      "safety": 5.015248705783064,
      "love": 7.828626580513507,
      "esteem": 4.106790971982184,
      "self_actualization": 5.391046161245104
    },
    "needs_improvement": {
      "physiological": 0.0,
      "safety": 0.0,
      "love": 0.0,
      "esteem": 0.0,
      "self_actualization": 0.0
    }
  },
  "inter_group_metrics": {
    "final_group_populations": {
      "C": 275,
      "A": 279,
      "B": 239
    },
    "final_group_cooperation_rates": {
      "C": 0.7563636363636363,
      "A": 0.7526881720430108,
      "B": 0.7866108786610879
    },
    "in_group_interaction_rate": 0.7058460779477059,
    "out_group_interaction_rate": 0.294153922052294,
    "avg_in_group_trust": 0.5168104335374986,
    "avg_out_group_trust": 0.5328108801430983,
    "trust_asymmetry": -0.01600044660559974,
    "group_segregation_index": 0.7058460779477059,
    "total_mixing_events": 20,
    "mixing_event_success_rate": 1.0,
    "reputational_spillover_events": 0,
    "out_group_constraint_amplifications": 0,
    "group_extinction_events": 0
  },
  "interaction_metrics": {
    "total_interactions": 389184,
    "avg_interaction_processing_time": 0.0
  }
}