{
  "run_id": 240,
  "parameters": {
    "shock_interval_years": 20,
    "homophily_bias": 0.24116619723826035,
    "num_groups": 2,
    "out_group_trust_bias": 0.9126059896069872,
    "out_group_penalty": 1.2688772249742384,
    "intervention_interval": 15,
    "intervention_scale": 0.08845292215244778,
    "event_bonus": 2.2970823586014006,
    "base_trust_delta": 0.19457060992806968,
    "group_trust_bias": 1.724624755072487,
    "resilience_profile": {
      "threshold": 0.32278138056098526,
      "noise": 0.09354935577885322
    },
    "turnover_rate": 0.040268911535661166,
    "social_diffusion": 0.014182601689030705,
    "max_rounds": 300,
    "initial_population": 200,
    "max_population": 800,
    "maslow_variation": 0.5,
    "constraint_threshold_range": [
      0.2,
      0.8
    ],
    "recovery_threshold": 0.15,
    "cooperation_bonus": 0.2,
    "trust_threshold": 0.6,
    "max_relationships_per_person": 150
  },
  "outcomes": {
    "final_cooperation_rate": 0.9621212121212122,
    "behavioral_cooperation_rate": 0.4723468263987751,
    "final_constrained_rate": 0.03787878787878788,
    "final_population": 792,
    "extinction_occurred": false,
    "rounds_completed": 300,
    "first_cascade_round": null,
    "total_cascade_events": 0,
    "total_shock_events": 3,
    "total_defections": 260320,
    "total_redemptions": 693,
    "net_strategy_change": 259627,
    "total_births": 935,
    "total_deaths": 338,
    "max_population_reached": 800,
    "population_stability": 0.0028567443032714392,
    "population_growth": 4.0,
    "avg_system_stress": 0.19392861785967375,
    "max_system_stress": 0.9607299438268719,
    "avg_maslow_pressure": 0.030526740407157762,
    "avg_basic_needs_crisis_rate": 0.1755050505050505,
    "avg_trust_level": 0.7222901523387425,
    "cooperation_benefit_total": 0,
    "cooperation_resilience": 0.9621212121212122
  },
  "maslow_hierarchy": {
    "initial_needs_avg": {
      "physiological": 5.6484265651697605,
      "safety": 6.323307199617582,
      "love": 9.694637353773585,
      "esteem": 5.73532402835564,
      "self_actualization": 5.7578580853994925
    },
    "final_needs_avg": {
      "physiological": 5.6484265651697605,
      "safety": 6.323307199617582,
      "love": 9.694637353773585,
      "esteem": 5.73532402835564,
      "self_actualization": 5.7578580853994925
    },
    "needs_improvement": {
      "physiological": 0.0,
      "safety": 0.0,
      "love": 0.0,
      "esteem": 0.0,
      "self_actualization": 0.0
    }
  },
  "inter_group_metrics": {
    "final_group_populations": {
      "A": 308,
      "B": 484
    },
    "final_group_cooperation_rates": {
      "A": 0.9383116883116883,
      "B": 0.9772727272727273
    },
    "in_group_interaction_rate": 0.6466947809503344,
    "out_group_interaction_rate": 0.3533052190496656,
    "avg_in_group_trust": 0.8463636550080748,
    "avg_out_group_trust": 0.5982166496694102,
    "trust_asymmetry": 0.24814700533866452,
    "group_segregation_index": 0.6466947809503344,
    "total_mixing_events": 20,
    "mixing_event_success_rate": 1.0,
    "reputational_spillover_events": 0,
    "out_group_constraint_amplifications": 0,
    "group_extinction_events": 0
  },
  "interaction_metrics": {
    "total_interactions": 372290,
    "avg_interaction_processing_time": 0.0
  }
}