{
  "run_id": 47,
  "parameters": {
    "shock_interval_years": 5,
    "homophily_bias": 0.3260108313615838,
    "num_groups": 3,
    "out_group_trust_bias": 0.8619313591049195,
    "out_group_penalty": 1.2469211432361953,
    "intervention_interval": 25,
    "intervention_scale": 0.22739506657696634,
    "event_bonus": 2.1094198824371935,
    "base_trust_delta": 0.10700532055820738,
    "group_trust_bias": 1.892966460747505,
    "resilience_profile": {
      "threshold": 0.1855278430885711,
      "noise": 0.13164299593245896
    },
    "turnover_rate": 0.04515349342997155,
    "social_diffusion": 0.0934938617934522,
    "max_rounds": 300,
    "initial_population": 200,
    "max_population": 800,
    "maslow_variation": 0.5,
    "constraint_threshold_range": [
      0.2,
      0.8
    ],
    "recovery_threshold": 0.15,
    "cooperation_bonus": 0.2,
    "trust_threshold": 0.6,
    "max_relationships_per_person": 150
  },
  "outcomes": {
    "final_cooperation_rate": 0.6297229219143576,
    "behavioral_cooperation_rate": 0.15760182346077659,
    "final_constrained_rate": 0.3702770780856423,
    "final_population": 794,
    "extinction_occurred": false,
    "rounds_completed": 300,
    "first_cascade_round": null,
    "total_cascade_events": 0,
    "total_shock_events": 18,
    "total_defections": 496564,
    "total_redemptions": 2529,
    "net_strategy_change": 494035,
    "total_births": 923,
    "total_deaths": 328,
    "max_population_reached": 800,
    "population_stability": 0.00370122342749264,
    "population_growth": 4.0,
    "avg_system_stress": 2.9169208169345984,
    "max_system_stress": 6.423304027186524,
    "avg_maslow_pressure": 0.10912040473850383,
    "avg_basic_needs_crisis_rate": 0.22921914357682618,
    "avg_trust_level": 0.434025750841968,
    "cooperation_benefit_total": 0,
    "cooperation_resilience": 0.6297229219143576
  },
  "maslow_hierarchy": {
    "initial_needs_avg": {
      "physiological": 5.686988553314192,
      "safety": 5.4902250729654405,
      "love": 6.380453047806888,
      "esteem": 2.1195481811891885,
      "self_actualization": 5.152974866225293
    },
    "final_needs_avg": {
      "physiological": 5.686988553314192,
      "safety": 5.4902250729654405,
      "love": 6.380453047806888,
      "esteem": 2.1195481811891885,
      "self_actualization": 5.152974866225293
    },
    "needs_improvement": {
      "physiological": 0.0,
      "safety": 0.0,
      "love": 0.0,
      "esteem": 0.0,
      "self_actualization": 0.0
    }
  },
  "inter_group_metrics": {
    "final_group_populations": {
      "A": 220,
      "B": 269,
      "C": 305
    },
    "final_group_cooperation_rates": {
      "A": 0.5727272727272728,
      "B": 0.6951672862453532,
      "C": 0.6131147540983607
    },
    "in_group_interaction_rate": 0.5831899709657287,
    "out_group_interaction_rate": 0.4168100290342713,
    "avg_in_group_trust": 0.4445372931170777,
    "avg_out_group_trust": 0.4235142085668583,
    "trust_asymmetry": 0.021023084550219395,
    "group_segregation_index": 0.5831899709657287,
    "total_mixing_events": 12,
    "mixing_event_success_rate": 1.0,
    "reputational_spillover_events": 0,
    "out_group_constraint_amplifications": 0,
    "group_extinction_events": 0
  },
  "interaction_metrics": {
    "total_interactions": 368530,
    "avg_interaction_processing_time": 0.0
  }
}