{
  "run_id": 292,
  "parameters": {
    "shock_interval_years": 5,
    "homophily_bias": 0.011900756093141585,
    "num_groups": 3,
    "out_group_trust_bias": 1.1226767436184073,
    "out_group_penalty": 1.2494038748532126,
    "intervention_interval": 20,
    "intervention_scale": 0.10801093313646053,
    "event_bonus": 2.2172125790359383,
    "base_trust_delta": 0.07367874442118344,
    "group_trust_bias": 1.6406039802595176,
    "resilience_profile": {
      "threshold": 0.1645571698891309,
      "noise": 0.12291344173734008
    },
    "turnover_rate": 0.022798902373156238,
    "social_diffusion": 0.061134482108354565,
    "max_rounds": 300,
    "initial_population": 200,
    "max_population": 800,
    "maslow_variation": 0.5,
    "constraint_threshold_range": [
      0.2,
      0.8
    ],
    "recovery_threshold": 0.15,
    "cooperation_bonus": 0.2,
    "trust_threshold": 0.6,
    "max_relationships_per_person": 150
  },
  "outcomes": {
    "final_cooperation_rate": 0.32219251336898397,
    "behavioral_cooperation_rate": 0.03711937901129885,
    "final_constrained_rate": 0.6778074866310161,
    "final_population": 748,
    "extinction_occurred": false,
    "rounds_completed": 300,
    "first_cascade_round": null,
    "total_cascade_events": 0,
    "total_shock_events": 16,
    "total_defections": 488421,
    "total_redemptions": 3374,
    "net_strategy_change": 485047,
    "total_births": 824,
    "total_deaths": 273,
    "max_population_reached": 800,
    "population_stability": 0.01415321883675194,
    "population_growth": 4.0,
    "avg_system_stress": 2.862293701360395,
    "max_system_stress": 5.276859966758544,
    "avg_maslow_pressure": 0.19504005893454152,
    "avg_basic_needs_crisis_rate": 0.3582887700534759,
    "avg_trust_level": 0.30792299968512743,
    "cooperation_benefit_total": 0,
    "cooperation_resilience": 0.32219251336898397
  },
  "maslow_hierarchy": {
    "initial_needs_avg": {
      "physiological": 4.808344284331269,
      "safety": 5.17942893902932,
      "love": 2.421075630404549,
      "esteem": 0.9673425533476661,
      "self_actualization": 5.226477998732071
    },
    "final_needs_avg": {
      "physiological": 4.808344284331269,
      "safety": 5.17942893902932,
      "love": 2.421075630404549,
      "esteem": 0.9673425533476661,
      "self_actualization": 5.226477998732071
    },
    "needs_improvement": {
      "physiological": 0.0,
      "safety": 0.0,
      "love": 0.0,
      "esteem": 0.0,
      "self_actualization": 0.0
    }
  },
  "inter_group_metrics": {
    "final_group_populations": {
      "A": 295,
      "B": 263,
      "C": 190
    },
    "final_group_cooperation_rates": {
      "A": 0.3152542372881356,
      "B": 0.34220532319391633,
      "C": 0.30526315789473685
    },
    "in_group_interaction_rate": 0.4318553140446301,
    "out_group_interaction_rate": 0.5681446859553699,
    "avg_in_group_trust": 0.28523735188456273,
    "avg_out_group_trust": 0.33060864748569213,
    "trust_asymmetry": -0.0453712956011294,
    "group_segregation_index": 0.4318553140446301,
    "total_mixing_events": 15,
    "mixing_event_success_rate": 1.0,
    "reputational_spillover_events": 0,
    "out_group_constraint_amplifications": 0,
    "group_extinction_events": 0
  },
  "interaction_metrics": {
    "total_interactions": 290118,
    "avg_interaction_processing_time": 0.0
  }
}