{
  "run_id": 419,
  "parameters": {
    "shock_interval_years": 5,
    "homophily_bias": 0.0,
    "num_groups": 1,
    "out_group_trust_bias": 0.9323962036395754,
    "out_group_penalty": 1.2260210373680904,
    "intervention_interval": 0,
    "intervention_scale": 0.2131632135061598,
    "event_bonus": 2.240834109242096,
    "base_trust_delta": 0.1997552769271494,
    "group_trust_bias": 1.2171164379269874,
    "resilience_profile": {
      "threshold": 0.3260885332154805,
      "noise": 0.051136686161898336
    },
    "turnover_rate": 0.04429524102220515,
    "social_diffusion": 0.03232309640667719,
    "max_rounds": 300,
    "initial_population": 200,
    "max_population": 800,
    "maslow_variation": 0.5,
    "constraint_threshold_range": [
      0.2,
      0.8
    ],
    "recovery_threshold": 0.15,
    "cooperation_bonus": 0.2,
    "trust_threshold": 0.6,
    "max_relationships_per_person": 150
  },
  "outcomes": {
    "final_cooperation_rate": 0.5348542458808618,
    "behavioral_cooperation_rate": 0.6169461652929195,
    "final_constrained_rate": 0.46514575411913817,
    "final_population": 789,
    "extinction_occurred": false,
    "rounds_completed": 300,
    "first_cascade_round": null,
    "total_cascade_events": 0,
    "total_shock_events": 15,
    "total_defections": 176438,
    "total_redemptions": 1762,
    "net_strategy_change": 174676,
    "total_births": 933,
    "total_deaths": 339,
    "max_population_reached": 800,
    "population_stability": 0.0038844547814618404,
    "population_growth": 4.0,
    "avg_system_stress": 2.050360269694541,
    "max_system_stress": 4.978763045735241,
    "avg_maslow_pressure": 0.05567151124316367,
    "avg_basic_needs_crisis_rate": 0.20152091254752852,
    "avg_trust_level": 0.7570920050295109,
    "cooperation_benefit_total": 0,
    "cooperation_resilience": 0.5348542458808618
  },
  "maslow_hierarchy": {
    "initial_needs_avg": {
      "physiological": 5.913316629778946,
      "safety": 5.698113358097425,
      "love": 8.684698304225519,
      "esteem": 3.608144693274307,
      "self_actualization": 5.661679242942337
    },
    "final_needs_avg": {
      "physiological": 5.913316629778946,
      "safety": 5.698113358097425,
      "love": 8.684698304225519,
      "esteem": 3.608144693274307,
      "self_actualization": 5.661679242942337
    },
    "needs_improvement": {
      "physiological": 0.0,
      "safety": 0.0,
      "love": 0.0,
      "esteem": 0.0,
      "self_actualization": 0.0
    }
  },
  "inter_group_metrics": {
    "final_group_populations": {
      "A": 789
    },
    "final_group_cooperation_rates": {
      "A": 0.5348542458808618
    },
    "in_group_interaction_rate": 1.0,
    "out_group_interaction_rate": 0.0,
    "avg_in_group_trust": 0.7570920050295109,
    "avg_out_group_trust": 0.7570920050295109,
    "trust_asymmetry": 0.0,
    "group_segregation_index": 1.0,
    "total_mixing_events": 0,
    "mixing_event_success_rate": 0,
    "reputational_spillover_events": 0,
    "out_group_constraint_amplifications": 0,
    "group_extinction_events": 0
  },
  "interaction_metrics": {
    "total_interactions": 379012,
    "avg_interaction_processing_time": 0.0
  }
}