{
  "run_id": 198,
  "parameters": {
    "shock_interval_years": 5,
    "homophily_bias": 0.3739540642087369,
    "num_groups": 3,
    "out_group_trust_bias": 0.882640127534553,
    "out_group_penalty": 1.3419488897503242,
    "intervention_interval": 15,
    "intervention_scale": 0.16277558521360047,
    "event_bonus": 1.8644038397422862,
    "base_trust_delta": 0.08311633534461572,
    "group_trust_bias": 1.9434815963362895,
    "resilience_profile": {
      "threshold": 0.26922365513806246,
      "noise": 0.11668429667916627
    },
    "turnover_rate": 0.022604064510674766,
    "social_diffusion": 0.005950929185298781,
    "max_rounds": 300,
    "initial_population": 200,
    "max_population": 800,
    "maslow_variation": 0.5,
    "constraint_threshold_range": [
      0.2,
      0.8
    ],
    "recovery_threshold": 0.15,
    "cooperation_bonus": 0.2,
    "trust_threshold": 0.6,
    "max_relationships_per_person": 150
  },
  "outcomes": {
    "final_cooperation_rate": 0.8669527896995708,
    "behavioral_cooperation_rate": 0.37905801540077005,
    "final_constrained_rate": 0.13304721030042918,
    "final_population": 699,
    "extinction_occurred": false,
    "rounds_completed": 300,
    "first_cascade_round": null,
    "total_cascade_events": 0,
    "total_shock_events": 11,
    "total_defections": 239301,
    "total_redemptions": 1251,
    "net_strategy_change": 238050,
    "total_births": 752,
    "total_deaths": 253,
    "max_population_reached": 753,
    "population_stability": 0.013764097625340706,
    "population_growth": 3.765,
    "avg_system_stress": 1.4106839668538105,
    "max_system_stress": 2.96874670782147,
    "avg_maslow_pressure": 0.05669342820183411,
    "avg_basic_needs_crisis_rate": 0.2532188841201717,
    "avg_trust_level": 0.5100512870251052,
    "cooperation_benefit_total": 0,
    "cooperation_resilience": 0.8669527896995708
  },
  "maslow_hierarchy": {
    "initial_needs_avg": {
      "physiological": 5.707901831342629,
      "safety": 5.2295240446247595,
      "love": 9.09261582050393,
      "esteem": 4.073618448802239,
      "self_actualization": 5.6945053863432795
    },
    "final_needs_avg": {
      "physiological": 5.707901831342629,
      "safety": 5.2295240446247595,
      "love": 9.09261582050393,
      "esteem": 4.073618448802239,
      "self_actualization": 5.6945053863432795
    },
    "needs_improvement": {
      "physiological": 0.0,
      "safety": 0.0,
      "love": 0.0,
      "esteem": 0.0,
      "self_actualization": 0.0
    }
  },
  "inter_group_metrics": {
    "final_group_populations": {
      "B": 259,
      "C": 248,
      "A": 192
    },
    "final_group_cooperation_rates": {
      "B": 0.8957528957528957,
      "C": 0.8870967741935484,
      "A": 0.8020833333333334
    },
    "in_group_interaction_rate": 0.6164063411503908,
    "out_group_interaction_rate": 0.38359365884960916,
    "avg_in_group_trust": 0.5763691691052568,
    "avg_out_group_trust": 0.4437334049449535,
    "trust_asymmetry": 0.13263576416030332,
    "group_segregation_index": 0.6164063411503908,
    "total_mixing_events": 20,
    "mixing_event_success_rate": 1.0,
    "reputational_spillover_events": 0,
    "out_group_constraint_amplifications": 0,
    "group_extinction_events": 0
  },
  "interaction_metrics": {
    "total_interactions": 274272,
    "avg_interaction_processing_time": 0.0
  }
}