{
  "run_id": 414,
  "parameters": {
    "shock_interval_years": 5,
    "homophily_bias": 0.0,
    "num_groups": 1,
    "out_group_trust_bias": 1.0747479433135336,
    "out_group_penalty": 1.289656780289149,
    "intervention_interval": 0,
    "intervention_scale": 0.244104215924918,
    "event_bonus": 1.8725521315051137,
    "base_trust_delta": 0.15652746719663896,
    "group_trust_bias": 1.7385187288637949,
    "resilience_profile": {
      "threshold": 0.3387419344093402,
      "noise": 0.01985880137542898
    },
    "turnover_rate": 0.039544872391442526,
    "social_diffusion": 0.026019744760982066,
    "max_rounds": 300,
    "initial_population": 200,
    "max_population": 800,
    "maslow_variation": 0.5,
    "constraint_threshold_range": [
      0.2,
      0.8
    ],
    "recovery_threshold": 0.15,
    "cooperation_bonus": 0.2,
    "trust_threshold": 0.6,
    "max_relationships_per_person": 150
  },
  "outcomes": {
    "final_cooperation_rate": 0.9212198221092758,
    "behavioral_cooperation_rate": 0.5539943198171047,
    "final_constrained_rate": 0.07878017789072427,
    "final_population": 787,
    "extinction_occurred": false,
    "rounds_completed": 300,
    "first_cascade_round": null,
    "total_cascade_events": 0,
    "total_shock_events": 18,
    "total_defections": 204260,
    "total_redemptions": 2892,
    "net_strategy_change": 201368,
    "total_births": 916,
    "total_deaths": 323,
    "max_population_reached": 800,
    "population_stability": 0.007037823668548989,
    "population_growth": 4.0,
    "avg_system_stress": 2.916732546134092,
    "max_system_stress": 5.7345114316418915,
    "avg_maslow_pressure": 0.06501106335447385,
    "avg_basic_needs_crisis_rate": 0.19186785260482847,
    "avg_trust_level": 0.7714793218424243,
    "cooperation_benefit_total": 0,
    "cooperation_resilience": 0.9212198221092758
  },
  "maslow_hierarchy": {
    "initial_needs_avg": {
      "physiological": 5.601676298696015,
      "safety": 5.836310866601484,
      "love": 9.075532284487197,
      "esteem": 2.773234478875609,
      "self_actualization": 5.468577169224926
    },
    "final_needs_avg": {
      "physiological": 5.601676298696015,
      "safety": 5.836310866601484,
      "love": 9.075532284487197,
      "esteem": 2.773234478875609,
      "self_actualization": 5.468577169224926
    },
    "needs_improvement": {
      "physiological": 0.0,
      "safety": 0.0,
      "love": 0.0,
      "esteem": 0.0,
      "self_actualization": 0.0
    }
  },
  "inter_group_metrics": {
    "final_group_populations": {
      "A": 787
    },
    "final_group_cooperation_rates": {
      "A": 0.9212198221092758
    },
    "in_group_interaction_rate": 1.0,
    "out_group_interaction_rate": 0.0,
    "avg_in_group_trust": 0.7714793218424243,
    "avg_out_group_trust": 0.7714793218424243,
    "trust_asymmetry": 0.0,
    "group_segregation_index": 1.0,
    "total_mixing_events": 0,
    "mixing_event_success_rate": 0,
    "reputational_spillover_events": 0,
    "out_group_constraint_amplifications": 0,
    "group_extinction_events": 0
  },
  "interaction_metrics": {
    "total_interactions": 368298,
    "avg_interaction_processing_time": 0.0
  }
}