{
  "run_id": 442,
  "parameters": {
    "shock_interval_years": 5,
    "homophily_bias": 0.2738702146654549,
    "num_groups": 2,
    "out_group_trust_bias": 0.8955469373318837,
    "out_group_penalty": 1.3854390072286944,
    "intervention_interval": 20,
    "intervention_scale": 0.2864903114432312,
    "event_bonus": 1.777989794241026,
    "base_trust_delta": 0.14185371790888102,
    "group_trust_bias": 1.6075290018971402,
    "resilience_profile": {
      "threshold": 0.3187301386564038,
      "noise": 0.13000999110789144
    },
    "turnover_rate": 0.02892499897505466,
    "social_diffusion": 0.04963686100502595,
    "max_rounds": 300,
    "initial_population": 200,
    "max_population": 800,
    "maslow_variation": 0.5,
    "constraint_threshold_range": [
      0.2,
      0.8
    ],
    "recovery_threshold": 0.15,
    "cooperation_bonus": 0.2,
    "trust_threshold": 0.6,
    "max_relationships_per_person": 150
  },
  "outcomes": {
    "final_cooperation_rate": 0.8944020356234097,
    "behavioral_cooperation_rate": 0.2709241485971575,
    "final_constrained_rate": 0.10559796437659033,
    "final_population": 786,
    "extinction_occurred": false,
    "rounds_completed": 300,
    "first_cascade_round": null,
    "total_cascade_events": 0,
    "total_shock_events": 14,
    "total_defections": 347897,
    "total_redemptions": 1255,
    "net_strategy_change": 346642,
    "total_births": 868,
    "total_deaths": 280,
    "max_population_reached": 800,
    "population_stability": 0.017195875106177507,
    "population_growth": 4.0,
    "avg_system_stress": 2.866391445431546,
    "max_system_stress": 4.490840962716341,
    "avg_maslow_pressure": 0.0713568346872866,
    "avg_basic_needs_crisis_rate": 0.26717557251908397,
    "avg_trust_level": 0.5305321066202207,
    "cooperation_benefit_total": 0,
    "cooperation_resilience": 0.8944020356234097
  },
  "maslow_hierarchy": {
    "initial_needs_avg": {
      "physiological": 5.727905102048117,
      "safety": 5.0279220985105955,
      "love": 9.32755082978994,
      "esteem": 4.248066364137182,
      "self_actualization": 5.020585319365684
    },
    "final_needs_avg": {
      "physiological": 5.727905102048117,
      "safety": 5.0279220985105955,
      "love": 9.32755082978994,
      "esteem": 4.248066364137182,
      "self_actualization": 5.020585319365684
    },
    "needs_improvement": {
      "physiological": 0.0,
      "safety": 0.0,
      "love": 0.0,
      "esteem": 0.0,
      "self_actualization": 0.0
    }
  },
  "inter_group_metrics": {
    "final_group_populations": {
      "B": 443,
      "A": 343
    },
    "final_group_cooperation_rates": {
      "B": 0.9232505643340858,
      "A": 0.8571428571428571
    },
    "in_group_interaction_rate": 0.6590459798070507,
    "out_group_interaction_rate": 0.3409540201929493,
    "avg_in_group_trust": 0.6277347732556302,
    "avg_out_group_trust": 0.43332943998481105,
    "trust_asymmetry": 0.19440533327081916,
    "group_segregation_index": 0.6590459798070507,
    "total_mixing_events": 15,
    "mixing_event_success_rate": 1.0,
    "reputational_spillover_events": 0,
    "out_group_constraint_amplifications": 0,
    "group_extinction_events": 0
  },
  "interaction_metrics": {
    "total_interactions": 320706,
    "avg_interaction_processing_time": 0.0
  }
}