{
  "run_id": 384,
  "parameters": {
    "shock_interval_years": 10,
    "homophily_bias": 0.7185068515312123,
    "num_groups": 2,
    "out_group_trust_bias": 1.0056519760211575,
    "out_group_penalty": 1.25378665202724,
    "intervention_interval": 10,
    "intervention_scale": 0.15343705218670695,
    "event_bonus": 2.2525639501580423,
    "base_trust_delta": 0.10613121564957897,
    "group_trust_bias": 1.2924987506669912,
    "resilience_profile": {
      "threshold": 0.1163776134227647,
      "noise": 0.12256526607209282
    },
    "turnover_rate": 0.03178089631691702,
    "social_diffusion": 0.08285928434949226,
    "max_rounds": 300,
    "initial_population": 200,
    "max_population": 800,
    "maslow_variation": 0.5,
    "constraint_threshold_range": [
      0.2,
      0.8
    ],
    "recovery_threshold": 0.15,
    "cooperation_bonus": 0.2,
    "trust_threshold": 0.6,
    "max_relationships_per_person": 150
  },
  "outcomes": {
    "final_cooperation_rate": 0.9583858764186634,
    "behavioral_cooperation_rate": 0.568329698180799,
    "final_constrained_rate": 0.0416141235813367,
    "final_population": 793,
    "extinction_occurred": false,
    "rounds_completed": 300,
    "first_cascade_round": null,
    "total_cascade_events": 0,
    "total_shock_events": 3,
    "total_defections": 184763,
    "total_redemptions": 164,
    "net_strategy_change": 184599,
    "total_births": 884,
    "total_deaths": 287,
    "max_population_reached": 800,
    "population_stability": 0.01625397941306009,
    "population_growth": 4.0,
    "avg_system_stress": 0.0806847218427995,
    "max_system_stress": 0.529999462036334,
    "avg_maslow_pressure": 0.03707325151212797,
    "avg_basic_needs_crisis_rate": 0.22950819672131148,
    "avg_trust_level": 0.6065231103352977,
    "cooperation_benefit_total": 0,
    "cooperation_resilience": 0.9583858764186634
  },
  "maslow_hierarchy": {
    "initial_needs_avg": {
      "physiological": 5.874544244011973,
      "safety": 5.429095029007474,
      "love": 9.807312151800684,
      "esteem": 6.215095949336119,
      "self_actualization": 5.487381562251498
    },
    "final_needs_avg": {
      "physiological": 5.874544244011973,
      "safety": 5.429095029007474,
      "love": 9.807312151800684,
      "esteem": 6.215095949336119,
      "self_actualization": 5.487381562251498
    },
    "needs_improvement": {
      "physiological": 0.0,
      "safety": 0.0,
      "love": 0.0,
      "esteem": 0.0,
      "self_actualization": 0.0
    }
  },
  "inter_group_metrics": {
    "final_group_populations": {
      "A": 342,
      "B": 451
    },
    "final_group_cooperation_rates": {
      "A": 0.9473684210526315,
      "B": 0.9667405764966741
    },
    "in_group_interaction_rate": 0.83604040502504,
    "out_group_interaction_rate": 0.1639595949749601,
    "avg_in_group_trust": 0.6716198323102965,
    "avg_out_group_trust": 0.541426388360299,
    "trust_asymmetry": 0.13019344394999754,
    "group_segregation_index": 0.83604040502504,
    "total_mixing_events": 30,
    "mixing_event_success_rate": 1.0,
    "reputational_spillover_events": 0,
    "out_group_constraint_amplifications": 0,
    "group_extinction_events": 0
  },
  "interaction_metrics": {
    "total_interactions": 328276,
    "avg_interaction_processing_time": 0.0
  }
}