{
  "run_id": 178,
  "parameters": {
    "shock_interval_years": 5,
    "homophily_bias": 0.7537110842352905,
    "num_groups": 3,
    "out_group_trust_bias": 1.1735380874364492,
    "out_group_penalty": 1.407085183096297,
    "intervention_interval": 20,
    "intervention_scale": 0.17362099506252798,
    "event_bonus": 1.7541348957287202,
    "base_trust_delta": 0.11228819541556796,
    "group_trust_bias": 1.9828569565843215,
    "resilience_profile": {
      "threshold": 0.219131819754582,
      "noise": 0.016241092393112576
    },
    "turnover_rate": 0.022632406003673885,
    "social_diffusion": 0.030654600632942588,
    "max_rounds": 300,
    "initial_population": 200,
    "max_population": 800,
    "maslow_variation": 0.5,
    "constraint_threshold_range": [
      0.2,
      0.8
    ],
    "recovery_threshold": 0.15,
    "cooperation_bonus": 0.2,
    "trust_threshold": 0.6,
    "max_relationships_per_person": 150
  },
  "outcomes": {
    "final_cooperation_rate": 0.8579626972740315,
    "behavioral_cooperation_rate": 0.4196283288788756,
    "final_constrained_rate": 0.14203730272596843,
    "final_population": 697,
    "extinction_occurred": false,
    "rounds_completed": 300,
    "first_cascade_round": null,
    "total_cascade_events": 0,
    "total_shock_events": 13,
    "total_defections": 232971,
    "total_redemptions": 664,
    "net_strategy_change": 232307,
    "total_births": 745,
    "total_deaths": 247,
    "max_population_reached": 721,
    "population_stability": 0.016089785152697572,
    "population_growth": 3.605,
    "avg_system_stress": 2.007828404946038,
    "max_system_stress": 3.9535124967911726,
    "avg_maslow_pressure": 0.062230866089088184,
    "avg_basic_needs_crisis_rate": 0.3127690100430416,
    "avg_trust_level": 0.5265287457535999,
    "cooperation_benefit_total": 0,
    "cooperation_resilience": 0.8579626972740315
  },
  "maslow_hierarchy": {
    "initial_needs_avg": {
      "physiological": 5.224625271832174,
      "safety": 5.222042130767545,
      "love": 9.47760204206604,
      "esteem": 4.253423908438768,
      "self_actualization": 5.53923300454952
    },
    "final_needs_avg": {
      "physiological": 5.224625271832174,
      "safety": 5.222042130767545,
      "love": 9.47760204206604,
      "esteem": 4.253423908438768,
      "self_actualization": 5.53923300454952
    },
    "needs_improvement": {
      "physiological": 0.0,
      "safety": 0.0,
      "love": 0.0,
      "esteem": 0.0,
      "self_actualization": 0.0
    }
  },
  "inter_group_metrics": {
    "final_group_populations": {
      "C": 285,
      "A": 219,
      "B": 193
    },
    "final_group_cooperation_rates": {
      "C": 0.8456140350877193,
      "A": 0.8584474885844748,
      "B": 0.8756476683937824
    },
    "in_group_interaction_rate": 0.8127912884058931,
    "out_group_interaction_rate": 0.18720871159410687,
    "avg_in_group_trust": 0.6317054784962611,
    "avg_out_group_trust": 0.4213520130109386,
    "trust_asymmetry": 0.21035346548532252,
    "group_segregation_index": 0.8127912884058931,
    "total_mixing_events": 15,
    "mixing_event_success_rate": 1.0,
    "reputational_spillover_events": 0,
    "out_group_constraint_amplifications": 0,
    "group_extinction_events": 0
  },
  "interaction_metrics": {
    "total_interactions": 271638,
    "avg_interaction_processing_time": 0.0
  }
}