{
  "run_id": 474,
  "parameters": {
    "shock_interval_years": 10,
    "homophily_bias": 0.539243136929323,
    "num_groups": 2,
    "out_group_trust_bias": 0.9954829141011052,
    "out_group_penalty": 1.3018405920801175,
    "intervention_interval": 25,
    "intervention_scale": 0.20640072467422593,
    "event_bonus": 2.056793552904361,
    "base_trust_delta": 0.16683087333917324,
    "group_trust_bias": 1.2725538383887625,
    "resilience_profile": {
      "threshold": 0.335858155829184,
      "noise": 0.005038229121908394
    },
    "turnover_rate": 0.02644816597749723,
    "social_diffusion": 0.0584648976784998,
    "max_rounds": 300,
    "initial_population": 200,
    "max_population": 800,
    "maslow_variation": 0.5,
    "constraint_threshold_range": [
      0.2,
      0.8
    ],
    "recovery_threshold": 0.15,
    "cooperation_bonus": 0.2,
    "trust_threshold": 0.6,
    "max_relationships_per_person": 150
  },
  "outcomes": {
    "final_cooperation_rate": 0.9261744966442953,
    "behavioral_cooperation_rate": 0.4689083799761246,
    "final_constrained_rate": 0.0738255033557047,
    "final_population": 745,
    "extinction_occurred": false,
    "rounds_completed": 300,
    "first_cascade_round": null,
    "total_cascade_events": 0,
    "total_shock_events": 10,
    "total_defections": 202112,
    "total_redemptions": 1374,
    "net_strategy_change": 200738,
    "total_births": 809,
    "total_deaths": 262,
    "max_population_reached": 753,
    "population_stability": 0.01541835826454962,
    "population_growth": 3.765,
    "avg_system_stress": 2.932252863728214,
    "max_system_stress": 6.403027397802919,
    "avg_maslow_pressure": 0.059578570147116844,
    "avg_basic_needs_crisis_rate": 0.23758389261744967,
    "avg_trust_level": 0.524468542075811,
    "cooperation_benefit_total": 0,
    "cooperation_resilience": 0.9261744966442953
  },
  "maslow_hierarchy": {
    "initial_needs_avg": {
      "physiological": 5.3933355159838055,
      "safety": 5.7922823192942765,
      "love": 9.215635006862207,
      "esteem": 4.084651522133303,
      "self_actualization": 5.7117000642774265
    },
    "final_needs_avg": {
      "physiological": 5.3933355159838055,
      "safety": 5.7922823192942765,
      "love": 9.215635006862207,
      "esteem": 4.084651522133303,
      "self_actualization": 5.7117000642774265
    },
    "needs_improvement": {
      "physiological": 0.0,
      "safety": 0.0,
      "love": 0.0,
      "esteem": 0.0,
      "self_actualization": 0.0
    }
  },
  "inter_group_metrics": {
    "final_group_populations": {
      "A": 398,
      "B": 347
    },
    "final_group_cooperation_rates": {
      "A": 0.9170854271356784,
      "B": 0.9365994236311239
    },
    "in_group_interaction_rate": 0.7614248032424782,
    "out_group_interaction_rate": 0.2385751967575218,
    "avg_in_group_trust": 0.6438419880478864,
    "avg_out_group_trust": 0.4050950961037355,
    "trust_asymmetry": 0.23874689194415089,
    "group_segregation_index": 0.7614248032424782,
    "total_mixing_events": 12,
    "mixing_event_success_rate": 1.0,
    "reputational_spillover_events": 0,
    "out_group_constraint_amplifications": 0,
    "group_extinction_events": 0
  },
  "interaction_metrics": {
    "total_interactions": 279786,
    "avg_interaction_processing_time": 0.0
  }
}