{
  "run_id": 187,
  "parameters": {
    "shock_interval_years": 5,
    "homophily_bias": 0.040006935090621726,
    "num_groups": 3,
    "out_group_trust_bias": 1.0013179060127262,
    "out_group_penalty": 1.3576075089800848,
    "intervention_interval": 25,
    "intervention_scale": 0.1553291152532727,
    "event_bonus": 2.318323802571866,
    "base_trust_delta": 0.07245527784596476,
    "group_trust_bias": 1.4334641395991619,
    "resilience_profile": {
      "threshold": 0.16607930967806417,
      "noise": 0.03195294035773299
    },
    "turnover_rate": 0.024135920793625896,
    "social_diffusion": 0.049283025099344596,
    "max_rounds": 300,
    "initial_population": 200,
    "max_population": 800,
    "maslow_variation": 0.5,
    "constraint_threshold_range": [
      0.2,
      0.8
    ],
    "recovery_threshold": 0.15,
    "cooperation_bonus": 0.2,
    "trust_threshold": 0.6,
    "max_relationships_per_person": 150
  },
  "outcomes": {
    "final_cooperation_rate": 0.23640960809102401,
    "behavioral_cooperation_rate": 0.04365175570218259,
    "final_constrained_rate": 0.7635903919089759,
    "final_population": 791,
    "extinction_occurred": false,
    "rounds_completed": 300,
    "first_cascade_round": null,
    "total_cascade_events": 0,
    "total_shock_events": 16,
    "total_defections": 509667,
    "total_redemptions": 3630,
    "net_strategy_change": 506037,
    "total_births": 878,
    "total_deaths": 286,
    "max_population_reached": 800,
    "population_stability": 0.010476153817035537,
    "population_growth": 4.0,
    "avg_system_stress": 2.3099840571900585,
    "max_system_stress": 5.543953684958833,
    "avg_maslow_pressure": 0.20994765538744778,
    "avg_basic_needs_crisis_rate": 0.2781289506953224,
    "avg_trust_level": 0.32744363735288823,
    "cooperation_benefit_total": 0,
    "cooperation_resilience": 0.23640960809102401
  },
  "maslow_hierarchy": {
    "initial_needs_avg": {
      "physiological": 5.120245626965408,
      "safety": 5.319664251473301,
      "love": 2.065946586085114,
      "esteem": 0.778208822449977,
      "self_actualization": 4.648742427774748
    },
    "final_needs_avg": {
      "physiological": 5.120245626965408,
      "safety": 5.319664251473301,
      "love": 2.065946586085114,
      "esteem": 0.778208822449977,
      "self_actualization": 4.648742427774748
    },
    "needs_improvement": {
      "physiological": 0.0,
      "safety": 0.0,
      "love": 0.0,
      "esteem": 0.0,
      "self_actualization": 0.0
    }
  },
  "inter_group_metrics": {
    "final_group_populations": {
      "B": 264,
      "A": 331,
      "C": 196
    },
    "final_group_cooperation_rates": {
      "B": 0.22348484848484848,
      "A": 0.23867069486404835,
      "C": 0.25
    },
    "in_group_interaction_rate": 0.4484461101974223,
    "out_group_interaction_rate": 0.5515538898025777,
    "avg_in_group_trust": 0.30274761826091945,
    "avg_out_group_trust": 0.352139656444857,
    "trust_asymmetry": -0.04939203818393756,
    "group_segregation_index": 0.4484461101974223,
    "total_mixing_events": 12,
    "mixing_event_success_rate": 1.0,
    "reputational_spillover_events": 0,
    "out_group_constraint_amplifications": 0,
    "group_extinction_events": 0
  },
  "interaction_metrics": {
    "total_interactions": 305234,
    "avg_interaction_processing_time": 0.0
  }
}