{
  "run_id": 468,
  "parameters": {
    "shock_interval_years": 2,
    "homophily_bias": 0.75314096223287,
    "num_groups": 2,
    "out_group_trust_bias": 1.0446167780110116,
    "out_group_penalty": 1.22592507218381,
    "intervention_interval": 20,
    "intervention_scale": 0.20748683265971513,
    "event_bonus": 2.260936609164862,
    "base_trust_delta": 0.08011439980864676,
    "group_trust_bias": 1.8186400326969445,
    "resilience_profile": {
      "threshold": 0.3819172268695109,
      "noise": 0.02617909290805637
    },
    "turnover_rate": 0.029094329380358275,
    "social_diffusion": 0.06940663005422643,
    "max_rounds": 300,
    "initial_population": 200,
    "max_population": 800,
    "maslow_variation": 0.5,
    "constraint_threshold_range": [
      0.2,
      0.8
    ],
    "recovery_threshold": 0.15,
    "cooperation_bonus": 0.2,
    "trust_threshold": 0.6,
    "max_relationships_per_person": 150
  },
  "outcomes": {
    "final_cooperation_rate": 0.6005056890012642,
    "behavioral_cooperation_rate": 0.2004944798631628,
    "final_constrained_rate": 0.3994943109987358,
    "final_population": 791,
    "extinction_occurred": false,
    "rounds_completed": 300,
    "first_cascade_round": null,
    "total_cascade_events": 0,
    "total_shock_events": 40,
    "total_defections": 395637,
    "total_redemptions": 5430,
    "net_strategy_change": 390207,
    "total_births": 874,
    "total_deaths": 282,
    "max_population_reached": 800,
    "population_stability": 0.022259120653654527,
    "population_growth": 4.0,
    "avg_system_stress": 15.711824380858173,
    "max_system_stress": 25.20413781598482,
    "avg_maslow_pressure": 0.12402038009112973,
    "avg_basic_needs_crisis_rate": 0.34513274336283184,
    "avg_trust_level": 0.4935904586998566,
    "cooperation_benefit_total": 0,
    "cooperation_resilience": 0.6005056890012642
  },
  "maslow_hierarchy": {
    "initial_needs_avg": {
      "physiological": 4.887645228516515,
      "safety": 5.196230790166053,
      "love": 7.586841070206336,
      "esteem": 0.8099226243357379,
      "self_actualization": 5.52605277443429
    },
    "final_needs_avg": {
      "physiological": 4.887645228516515,
      "safety": 5.196230790166053,
      "love": 7.586841070206336,
      "esteem": 0.8099226243357379,
      "self_actualization": 5.52605277443429
    },
    "needs_improvement": {
      "physiological": 0.0,
      "safety": 0.0,
      "love": 0.0,
      "esteem": 0.0,
      "self_actualization": 0.0
    }
  },
  "inter_group_metrics": {
    "final_group_populations": {
      "B": 430,
      "A": 361
    },
    "final_group_cooperation_rates": {
      "B": 0.6255813953488372,
      "A": 0.5706371191135734
    },
    "in_group_interaction_rate": 0.8460799253615301,
    "out_group_interaction_rate": 0.1539200746384699,
    "avg_in_group_trust": 0.5150633860554085,
    "avg_out_group_trust": 0.47211753134430473,
    "trust_asymmetry": 0.04294585471110374,
    "group_segregation_index": 0.8460799253615301,
    "total_mixing_events": 15,
    "mixing_event_success_rate": 1.0,
    "reputational_spillover_events": 0,
    "out_group_constraint_amplifications": 0,
    "group_extinction_events": 0
  },
  "interaction_metrics": {
    "total_interactions": 321550,
    "avg_interaction_processing_time": 0.0
  }
}