{
  "run_id": 197,
  "parameters": {
    "shock_interval_years": 5,
    "homophily_bias": 0.0,
    "num_groups": 1,
    "out_group_trust_bias": 0.8037454476853593,
    "out_group_penalty": 1.483883368103331,
    "intervention_interval": 0,
    "intervention_scale": 0.20427193838904745,
    "event_bonus": 1.7668492801093265,
    "base_trust_delta": 0.11136498221899604,
    "group_trust_bias": 1.229811081981339,
    "resilience_profile": {
      "threshold": 0.2105696265624471,
      "noise": 0.044820415296182366
    },
    "turnover_rate": 0.03635278595252219,
    "social_diffusion": 0.09331699275227534,
    "max_rounds": 300,
    "initial_population": 200,
    "max_population": 800,
    "maslow_variation": 0.5,
    "constraint_threshold_range": [
      0.2,
      0.8
    ],
    "recovery_threshold": 0.15,
    "cooperation_bonus": 0.2,
    "trust_threshold": 0.6,
    "max_relationships_per_person": 150
  },
  "outcomes": {
    "final_cooperation_rate": 0.9899117276166457,
    "behavioral_cooperation_rate": 0.44433368762747405,
    "final_constrained_rate": 0.01008827238335435,
    "final_population": 793,
    "extinction_occurred": false,
    "rounds_completed": 300,
    "first_cascade_round": null,
    "total_cascade_events": 0,
    "total_shock_events": 24,
    "total_defections": 253690,
    "total_redemptions": 2670,
    "net_strategy_change": 251020,
    "total_births": 901,
    "total_deaths": 304,
    "max_population_reached": 800,
    "population_stability": 0.009138508230311083,
    "population_growth": 4.0,
    "avg_system_stress": 5.941482181707148,
    "max_system_stress": 10.412213505177686,
    "avg_maslow_pressure": 0.08155335309166062,
    "avg_basic_needs_crisis_rate": 0.2698612862547289,
    "avg_trust_level": 0.6291784787607005,
    "cooperation_benefit_total": 0,
    "cooperation_resilience": 0.9899117276166457
  },
  "maslow_hierarchy": {
    "initial_needs_avg": {
      "physiological": 5.224904889468754,
      "safety": 5.30870239271522,
      "love": 9.788572494236288,
      "esteem": 2.0434369761589415,
      "self_actualization": 5.419209113151988
    },
    "final_needs_avg": {
      "physiological": 5.224904889468754,
      "safety": 5.30870239271522,
      "love": 9.788572494236288,
      "esteem": 2.0434369761589415,
      "self_actualization": 5.419209113151988
    },
    "needs_improvement": {
      "physiological": 0.0,
      "safety": 0.0,
      "love": 0.0,
      "esteem": 0.0,
      "self_actualization": 0.0
    }
  },
  "inter_group_metrics": {
    "final_group_populations": {
      "A": 793
    },
    "final_group_cooperation_rates": {
      "A": 0.9899117276166457
    },
    "in_group_interaction_rate": 1.0,
    "out_group_interaction_rate": 0.0,
    "avg_in_group_trust": 0.6291784787607005,
    "avg_out_group_trust": 0.6291784787607005,
    "trust_asymmetry": 0.0,
    "group_segregation_index": 1.0,
    "total_mixing_events": 0,
    "mixing_event_success_rate": 0,
    "reputational_spillover_events": 0,
    "out_group_constraint_amplifications": 0,
    "group_extinction_events": 0
  },
  "interaction_metrics": {
    "total_interactions": 348110,
    "avg_interaction_processing_time": 0.0
  }
}