{
  "run_id": 455,
  "parameters": {
    "shock_interval_years": 20,
    "homophily_bias": 0.0,
    "num_groups": 1,
    "out_group_trust_bias": 0.9765290910111689,
    "out_group_penalty": 1.1812717367087275,
    "intervention_interval": 0,
    "intervention_scale": 0.09234393359680292,
    "event_bonus": 2.1896119960838636,
    "base_trust_delta": 0.18029386062124697,
    "group_trust_bias": 1.4186260874607413,
    "resilience_profile": {
      "threshold": 0.10163183581278781,
      "noise": 0.05215483688148144
    },
    "turnover_rate": 0.03196825577606936,
    "social_diffusion": 0.048074399319181386,
    "max_rounds": 300,
    "initial_population": 200,
    "max_population": 800,
    "maslow_variation": 0.5,
    "constraint_threshold_range": [
      0.2,
      0.8
    ],
    "recovery_threshold": 0.15,
    "cooperation_bonus": 0.2,
    "trust_threshold": 0.6,
    "max_relationships_per_person": 150
  },
  "outcomes": {
    "final_cooperation_rate": 0.9948586118251928,
    "behavioral_cooperation_rate": 0.7683913286466453,
    "final_constrained_rate": 0.005141388174807198,
    "final_population": 778,
    "extinction_occurred": false,
    "rounds_completed": 300,
    "first_cascade_round": null,
    "total_cascade_events": 0,
    "total_shock_events": 3,
    "total_defections": 87142,
    "total_redemptions": 34,
    "net_strategy_change": 87108,
    "total_births": 872,
    "total_deaths": 293,
    "max_population_reached": 800,
    "population_stability": 0.015237552541341813,
    "population_growth": 4.0,
    "avg_system_stress": 0.13680538545728227,
    "max_system_stress": 0.6863261718341938,
    "avg_maslow_pressure": 0.022095147165755023,
    "avg_basic_needs_crisis_rate": 0.18766066838046272,
    "avg_trust_level": 0.831441429832106,
    "cooperation_benefit_total": 0,
    "cooperation_resilience": 0.9948586118251928
  },
  "maslow_hierarchy": {
    "initial_needs_avg": {
      "physiological": 6.109947268200624,
      "safety": 5.873579054383146,
      "love": 9.95822596331632,
      "esteem": 5.859858783555998,
      "self_actualization": 6.192801219904643
    },
    "final_needs_avg": {
      "physiological": 6.109947268200624,
      "safety": 5.873579054383146,
      "love": 9.95822596331632,
      "esteem": 5.859858783555998,
      "self_actualization": 6.192801219904643
    },
    "needs_improvement": {
      "physiological": 0.0,
      "safety": 0.0,
      "love": 0.0,
      "esteem": 0.0,
      "self_actualization": 0.0
    }
  },
  "inter_group_metrics": {
    "final_group_populations": {
      "A": 778
    },
    "final_group_cooperation_rates": {
      "A": 0.9948586118251928
    },
    "in_group_interaction_rate": 1.0,
    "out_group_interaction_rate": 0.0,
    "avg_in_group_trust": 0.831441429832106,
    "avg_out_group_trust": 0.831441429832106,
    "trust_asymmetry": 0.0,
    "group_segregation_index": 1.0,
    "total_mixing_events": 0,
    "mixing_event_success_rate": 0,
    "reputational_spillover_events": 0,
    "out_group_constraint_amplifications": 0,
    "group_extinction_events": 0
  },
  "interaction_metrics": {
    "total_interactions": 339970,
    "avg_interaction_processing_time": 0.0
  }
}