{
  "run_id": 417,
  "parameters": {
    "shock_interval_years": 20,
    "homophily_bias": 0.7567658621870589,
    "num_groups": 3,
    "out_group_trust_bias": 1.1735418383274216,
    "out_group_penalty": 1.1383831525686456,
    "intervention_interval": 20,
    "intervention_scale": 0.2632066015363784,
    "event_bonus": 1.8111918149415884,
    "base_trust_delta": 0.0929612361293789,
    "group_trust_bias": 1.7604465432500467,
    "resilience_profile": {
      "threshold": 0.14102383294752993,
      "noise": 0.00555154711848293
    },
    "turnover_rate": 0.03465175865764318,
    "social_diffusion": 0.05166192388873947,
    "max_rounds": 300,
    "initial_population": 200,
    "max_population": 800,
    "maslow_variation": 0.5,
    "constraint_threshold_range": [
      0.2,
      0.8
    ],
    "recovery_threshold": 0.15,
    "cooperation_bonus": 0.2,
    "trust_threshold": 0.6,
    "max_relationships_per_person": 150
  },
  "outcomes": {
    "final_cooperation_rate": 0.986198243412798,
    "behavioral_cooperation_rate": 0.5626358782299161,
    "final_constrained_rate": 0.013801756587202008,
    "final_population": 797,
    "extinction_occurred": false,
    "rounds_completed": 300,
    "first_cascade_round": null,
    "total_cascade_events": 0,
    "total_shock_events": 5,
    "total_defections": 204236,
    "total_redemptions": 149,
    "net_strategy_change": 204087,
    "total_births": 897,
    "total_deaths": 298,
    "max_population_reached": 800,
    "population_stability": 0.003172878955098477,
    "population_growth": 4.0,
    "avg_system_stress": 0.5286310754255059,
    "max_system_stress": 1.0576980970071608,
    "avg_maslow_pressure": 0.04899745564544813,
    "avg_basic_needs_crisis_rate": 0.2396486825595985,
    "avg_trust_level": 0.6371681213577429,
    "cooperation_benefit_total": 0,
    "cooperation_resilience": 0.986198243412798
  },
  "maslow_hierarchy": {
    "initial_needs_avg": {
      "physiological": 5.480498434492696,
      "safety": 5.490845871700636,
      "love": 9.938440004357457,
      "esteem": 5.769736817674482,
      "self_actualization": 5.292777003587249
    },
    "final_needs_avg": {
      "physiological": 5.480498434492696,
      "safety": 5.490845871700636,
      "love": 9.938440004357457,
      "esteem": 5.769736817674482,
      "self_actualization": 5.292777003587249
    },
    "needs_improvement": {
      "physiological": 0.0,
      "safety": 0.0,
      "love": 0.0,
      "esteem": 0.0,
      "self_actualization": 0.0
    }
  },
  "inter_group_metrics": {
    "final_group_populations": {
      "B": 291,
      "A": 256,
      "C": 250
    },
    "final_group_cooperation_rates": {
      "B": 0.9862542955326461,
      "A": 0.984375,
      "C": 0.988
    },
    "in_group_interaction_rate": 0.8098139591510183,
    "out_group_interaction_rate": 0.19018604084898166,
    "avg_in_group_trust": 0.7251048931104769,
    "avg_out_group_trust": 0.5492313496050091,
    "trust_asymmetry": 0.1758735435054678,
    "group_segregation_index": 0.8098139591510183,
    "total_mixing_events": 15,
    "mixing_event_success_rate": 1.0,
    "reputational_spillover_events": 0,
    "out_group_constraint_amplifications": 0,
    "group_extinction_events": 0
  },
  "interaction_metrics": {
    "total_interactions": 344978,
    "avg_interaction_processing_time": 0.0
  }
}