{
  "run_id": 255,
  "parameters": {
    "shock_interval_years": 20,
    "homophily_bias": 0.07397586721490734,
    "num_groups": 3,
    "out_group_trust_bias": 1.198588520536998,
    "out_group_penalty": 1.1528024869494242,
    "intervention_interval": 15,
    "intervention_scale": 0.25601690352932965,
    "event_bonus": 2.1734611400273365,
    "base_trust_delta": 0.10329657200707455,
    "group_trust_bias": 1.2389564187642856,
    "resilience_profile": {
      "threshold": 0.36186449790938435,
      "noise": 0.13747823297406472
    },
    "turnover_rate": 0.02864866616249186,
    "social_diffusion": 0.06958703981274689,
    "max_rounds": 300,
    "initial_population": 200,
    "max_population": 800,
    "maslow_variation": 0.5,
    "constraint_threshold_range": [
      0.2,
      0.8
    ],
    "recovery_threshold": 0.15,
    "cooperation_bonus": 0.2,
    "trust_threshold": 0.6,
    "max_relationships_per_person": 150
  },
  "outcomes": {
    "final_cooperation_rate": 0.8764186633039092,
    "behavioral_cooperation_rate": 0.3485942861476047,
    "final_constrained_rate": 0.1235813366960908,
    "final_population": 793,
    "extinction_occurred": false,
    "rounds_completed": 300,
    "first_cascade_round": null,
    "total_cascade_events": 0,
    "total_shock_events": 3,
    "total_defections": 287273,
    "total_redemptions": 746,
    "net_strategy_change": 286527,
    "total_births": 865,
    "total_deaths": 269,
    "max_population_reached": 800,
    "population_stability": 0.015377856851963469,
    "population_growth": 4.0,
    "avg_system_stress": 0.39325408137954704,
    "max_system_stress": 1.2758611034272294,
    "avg_maslow_pressure": 0.05397825271844934,
    "avg_basic_needs_crisis_rate": 0.23833543505674654,
    "avg_trust_level": 0.5520311976738499,
    "cooperation_benefit_total": 0,
    "cooperation_resilience": 0.8764186633039092
  },
  "maslow_hierarchy": {
    "initial_needs_avg": {
      "physiological": 5.530180596239692,
      "safety": 5.41941118311479,
      "love": 9.360745536438454,
      "esteem": 5.572058440812358,
      "self_actualization": 5.334221236973633
    },
    "final_needs_avg": {
      "physiological": 5.530180596239692,
      "safety": 5.41941118311479,
      "love": 9.360745536438454,
      "esteem": 5.572058440812358,
      "self_actualization": 5.334221236973633
    },
    "needs_improvement": {
      "physiological": 0.0,
      "safety": 0.0,
      "love": 0.0,
      "esteem": 0.0,
      "self_actualization": 0.0
    }
  },
  "inter_group_metrics": {
    "final_group_populations": {
      "B": 251,
      "A": 314,
      "C": 228
    },
    "final_group_cooperation_rates": {
      "B": 0.8924302788844621,
      "A": 0.8853503184713376,
      "C": 0.8464912280701754
    },
    "in_group_interaction_rate": 0.4517368417726718,
    "out_group_interaction_rate": 0.5482631582273282,
    "avg_in_group_trust": 0.5855217003735619,
    "avg_out_group_trust": 0.5185406949741379,
    "trust_asymmetry": 0.06698100539942398,
    "group_segregation_index": 0.4517368417726718,
    "total_mixing_events": 20,
    "mixing_event_success_rate": 1.0,
    "reputational_spillover_events": 0,
    "out_group_constraint_amplifications": 0,
    "group_extinction_events": 0
  },
  "interaction_metrics": {
    "total_interactions": 316494,
    "avg_interaction_processing_time": 0.0
  }
}