{
  "run_id": 14,
  "parameters": {
    "shock_interval_years": 20,
    "homophily_bias": 0.6099584620290092,
    "num_groups": 2,
    "out_group_trust_bias": 0.8060259847453184,
    "out_group_penalty": 1.4207208618812317,
    "intervention_interval": 15,
    "intervention_scale": 0.09492782913540841,
    "event_bonus": 1.7192193465997898,
    "base_trust_delta": 0.053096773880520816,
    "group_trust_bias": 1.4980640376319587,
    "resilience_profile": {
      "threshold": 0.2560330626444118,
      "noise": 0.054458214953243135
    },
    "turnover_rate": 0.04613870250863165,
    "social_diffusion": 0.02686050885078739,
    "max_rounds": 300,
    "initial_population": 200,
    "max_population": 800,
    "maslow_variation": 0.5,
    "constraint_threshold_range": [
      0.2,
      0.8
    ],
    "recovery_threshold": 0.15,
    "cooperation_bonus": 0.2,
    "trust_threshold": 0.6,
    "max_relationships_per_person": 150
  },
  "outcomes": {
    "final_cooperation_rate": 0.9721871049304678,
    "behavioral_cooperation_rate": 0.6673635162823593,
    "final_constrained_rate": 0.02781289506953224,
    "final_population": 791,
    "extinction_occurred": false,
    "rounds_completed": 300,
    "first_cascade_round": null,
    "total_cascade_events": 0,
    "total_shock_events": 3,
    "total_defections": 151856,
    "total_redemptions": 953,
    "net_strategy_change": 150903,
    "total_births": 957,
    "total_deaths": 362,
    "max_population_reached": 800,
    "population_stability": 0.0030796203162890678,
    "population_growth": 4.0,
    "avg_system_stress": 0.3744874279405931,
    "max_system_stress": 2.103269805547228,
    "avg_maslow_pressure": 0.032473394225582514,
    "avg_basic_needs_crisis_rate": 0.20101137800252844,
    "avg_trust_level": 0.6256964410422708,
    "cooperation_benefit_total": 0,
    "cooperation_resilience": 0.9721871049304678
  },
  "maslow_hierarchy": {
    "initial_needs_avg": {
      "physiological": 5.942319303097136,
      "safety": 5.495715640260779,
      "love": 9.773468492873025,
      "esteem": 5.191207303283403,
      "self_actualization": 6.067848109419568
    },
    "final_needs_avg": {
      "physiological": 5.942319303097136,
      "safety": 5.495715640260779,
      "love": 9.773468492873025,
      "esteem": 5.191207303283403,
      "self_actualization": 6.067848109419568
    },
    "needs_improvement": {
      "physiological": 0.0,
      "safety": 0.0,
      "love": 0.0,
      "esteem": 0.0,
      "self_actualization": 0.0
    }
  },
  "inter_group_metrics": {
    "final_group_populations": {
      "A": 436,
      "B": 355
    },
    "final_group_cooperation_rates": {
      "A": 0.9770642201834863,
      "B": 0.9661971830985916
    },
    "in_group_interaction_rate": 0.7917381717578291,
    "out_group_interaction_rate": 0.20826182824217085,
    "avg_in_group_trust": 0.636632383889406,
    "avg_out_group_trust": 0.6147604981951357,
    "trust_asymmetry": 0.021871885694270343,
    "group_segregation_index": 0.7917381717578291,
    "total_mixing_events": 20,
    "mixing_event_success_rate": 1.0,
    "reputational_spillover_events": 0,
    "out_group_constraint_amplifications": 0,
    "group_extinction_events": 0
  },
  "interaction_metrics": {
    "total_interactions": 384588,
    "avg_interaction_processing_time": 0.0
  }
}