{
  "run_id": 409,
  "parameters": {
    "shock_interval_years": 10,
    "homophily_bias": 0.0,
    "num_groups": 1,
    "out_group_trust_bias": 0.8381756542437702,
    "out_group_penalty": 1.1868391946091867,
    "intervention_interval": 0,
    "intervention_scale": 0.1518583270876272,
    "event_bonus": 1.7003065544629983,
    "base_trust_delta": 0.1957221854203549,
    "group_trust_bias": 1.3761148287032268,
    "resilience_profile": {
      "threshold": 0.3972471282843639,
      "noise": 0.1093010345538154
    },
    "turnover_rate": 0.030826220255821685,
    "social_diffusion": 0.02106856353816964,
    "max_rounds": 300,
    "initial_population": 200,
    "max_population": 800,
    "maslow_variation": 0.5,
    "constraint_threshold_range": [
      0.2,
      0.8
    ],
    "recovery_threshold": 0.15,
    "cooperation_bonus": 0.2,
    "trust_threshold": 0.6,
    "max_relationships_per_person": 150
  },
  "outcomes": {
    "final_cooperation_rate": 0.9496221662468514,
    "behavioral_cooperation_rate": 0.7622867248073179,
    "final_constrained_rate": 0.05037783375314862,
    "final_population": 794,
    "extinction_occurred": false,
    "rounds_completed": 300,
    "first_cascade_round": null,
    "total_cascade_events": 0,
    "total_shock_events": 4,
    "total_defections": 91680,
    "total_redemptions": 424,
    "net_strategy_change": 91256,
    "total_births": 896,
    "total_deaths": 300,
    "max_population_reached": 800,
    "population_stability": 0.01073571991002513,
    "population_growth": 4.0,
    "avg_system_stress": 0.5051432949322782,
    "max_system_stress": 2.1889934302705862,
    "avg_maslow_pressure": 0.028131293934036412,
    "avg_basic_needs_crisis_rate": 0.21914357682619648,
    "avg_trust_level": 0.8292930338755614,
    "cooperation_benefit_total": 0,
    "cooperation_resilience": 0.9496221662468514
  },
  "maslow_hierarchy": {
    "initial_needs_avg": {
      "physiological": 5.886347704430945,
      "safety": 5.613681735200237,
      "love": 9.839490278927718,
      "esteem": 5.164911385445944,
      "self_actualization": 6.126611443087872
    },
    "final_needs_avg": {
      "physiological": 5.886347704430945,
      "safety": 5.613681735200237,
      "love": 9.839490278927718,
      "esteem": 5.164911385445944,
      "self_actualization": 6.126611443087872
    },
    "needs_improvement": {
      "physiological": 0.0,
      "safety": 0.0,
      "love": 0.0,
      "esteem": 0.0,
      "self_actualization": 0.0
    }
  },
  "inter_group_metrics": {
    "final_group_populations": {
      "A": 794
    },
    "final_group_cooperation_rates": {
      "A": 0.9496221662468514
    },
    "in_group_interaction_rate": 1.0,
    "out_group_interaction_rate": 0.0,
    "avg_in_group_trust": 0.8292930338755614,
    "avg_out_group_trust": 0.8292930338755614,
    "trust_asymmetry": 0.0,
    "group_segregation_index": 1.0,
    "total_mixing_events": 0,
    "mixing_event_success_rate": 0,
    "reputational_spillover_events": 0,
    "out_group_constraint_amplifications": 0,
    "group_extinction_events": 0
  },
  "interaction_metrics": {
    "total_interactions": 347204,
    "avg_interaction_processing_time": 0.0
  }
}