{
  "run_id": 175,
  "parameters": {
    "shock_interval_years": 20,
    "homophily_bias": 0.6714263376133199,
    "num_groups": 3,
    "out_group_trust_bias": 0.910860776938725,
    "out_group_penalty": 1.1682123297288183,
    "intervention_interval": 15,
    "intervention_scale": 0.15902111257804724,
    "event_bonus": 2.3912181063028837,
    "base_trust_delta": 0.06486591967638847,
    "group_trust_bias": 1.8794766809303873,
    "resilience_profile": {
      "threshold": 0.25035661619081134,
      "noise": 0.05434025262037386
    },
    "turnover_rate": 0.045342148435828546,
    "social_diffusion": 0.075118027616003,
    "max_rounds": 300,
    "initial_population": 200,
    "max_population": 800,
    "maslow_variation": 0.5,
    "constraint_threshold_range": [
      0.2,
      0.8
    ],
    "recovery_threshold": 0.15,
    "cooperation_bonus": 0.2,
    "trust_threshold": 0.6,
    "max_relationships_per_person": 150
  },
  "outcomes": {
    "final_cooperation_rate": 0.9936948297604036,
    "behavioral_cooperation_rate": 0.7308191369134821,
    "final_constrained_rate": 0.006305170239596469,
    "final_population": 793,
    "extinction_occurred": false,
    "rounds_completed": 300,
    "first_cascade_round": null,
    "total_cascade_events": 0,
    "total_shock_events": 0,
    "total_defections": 121631,
    "total_redemptions": 170,
    "net_strategy_change": 121461,
    "total_births": 946,
    "total_deaths": 351,
    "max_population_reached": 800,
    "population_stability": 0.003879585610751656,
    "population_growth": 4.0,
    "avg_system_stress": 0.0,
    "max_system_stress": 0.0,
    "avg_maslow_pressure": 0.024324614544374838,
    "avg_basic_needs_crisis_rate": 0.201765447667087,
    "avg_trust_level": 0.7255509670910718,
    "cooperation_benefit_total": 0,
    "cooperation_resilience": 0.9936948297604036
  },
  "maslow_hierarchy": {
    "initial_needs_avg": {
      "physiological": 5.661315890477526,
      "safety": 5.7058669178964765,
      "love": 9.947066353438938,
      "esteem": 6.498036189089204,
      "self_actualization": 6.117440244479968
    },
    "final_needs_avg": {
      "physiological": 5.661315890477526,
      "safety": 5.7058669178964765,
      "love": 9.947066353438938,
      "esteem": 6.498036189089204,
      "self_actualization": 6.117440244479968
    },
    "needs_improvement": {
      "physiological": 0.0,
      "safety": 0.0,
      "love": 0.0,
      "esteem": 0.0,
      "self_actualization": 0.0
    }
  },
  "inter_group_metrics": {
    "final_group_populations": {
      "B": 249,
      "A": 248,
      "C": 296
    },
    "final_group_cooperation_rates": {
      "B": 0.9879518072289156,
      "A": 1.0,
      "C": 0.9932432432432432
    },
    "in_group_interaction_rate": 0.7702979155330459,
    "out_group_interaction_rate": 0.2297020844669541,
    "avg_in_group_trust": 0.7442546449605565,
    "avg_out_group_trust": 0.7068472892215871,
    "trust_asymmetry": 0.03740735573896936,
    "group_segregation_index": 0.7702979155330459,
    "total_mixing_events": 20,
    "mixing_event_success_rate": 1.0,
    "reputational_spillover_events": 0,
    "out_group_constraint_amplifications": 0,
    "group_extinction_events": 0
  },
  "interaction_metrics": {
    "total_interactions": 382256,
    "avg_interaction_processing_time": 0.0
  }
}