{
  "run_id": 50,
  "parameters": {
    "shock_interval_years": 5,
    "homophily_bias": 0.0,
    "num_groups": 1,
    "out_group_trust_bias": 0.8755763111270298,
    "out_group_penalty": 1.1931983036049703,
    "intervention_interval": 0,
    "intervention_scale": 0.09732879247474328,
    "event_bonus": 1.9682713369636453,
    "base_trust_delta": 0.11346572288791765,
    "group_trust_bias": 1.3908801627510687,
    "resilience_profile": {
      "threshold": 0.30710684195911986,
      "noise": 0.07438173827163168
    },
    "turnover_rate": 0.025842808106604078,
    "social_diffusion": 0.044535750151719705,
    "max_rounds": 300,
    "initial_population": 200,
    "max_population": 800,
    "maslow_variation": 0.5,
    "constraint_threshold_range": [
      0.2,
      0.8
    ],
    "recovery_threshold": 0.15,
    "cooperation_bonus": 0.2,
    "trust_threshold": 0.6,
    "max_relationships_per_person": 150
  },
  "outcomes": {
    "final_cooperation_rate": 0.9819354838709677,
    "behavioral_cooperation_rate": 0.5915424811302497,
    "final_constrained_rate": 0.01806451612903226,
    "final_population": 775,
    "extinction_occurred": false,
    "rounds_completed": 300,
    "first_cascade_round": null,
    "total_cascade_events": 0,
    "total_shock_events": 14,
    "total_defections": 147175,
    "total_redemptions": 1121,
    "net_strategy_change": 146054,
    "total_births": 839,
    "total_deaths": 259,
    "max_population_reached": 796,
    "population_stability": 0.020320341624646646,
    "population_growth": 3.98,
    "avg_system_stress": 3.1328156150816167,
    "max_system_stress": 4.533599330601595,
    "avg_maslow_pressure": 0.052018054348782636,
    "avg_basic_needs_crisis_rate": 0.18193548387096775,
    "avg_trust_level": 0.640891008836579,
    "cooperation_benefit_total": 0,
    "cooperation_resilience": 0.9819354838709677
  },
  "maslow_hierarchy": {
    "initial_needs_avg": {
      "physiological": 5.922360691619766,
      "safety": 5.800365449904943,
      "love": 9.79292944652969,
      "esteem": 3.7357937860068073,
      "self_actualization": 5.286471698221025
    },
    "final_needs_avg": {
      "physiological": 5.922360691619766,
      "safety": 5.800365449904943,
      "love": 9.79292944652969,
      "esteem": 3.7357937860068073,
      "self_actualization": 5.286471698221025
    },
    "needs_improvement": {
      "physiological": 0.0,
      "safety": 0.0,
      "love": 0.0,
      "esteem": 0.0,
      "self_actualization": 0.0
    }
  },
  "inter_group_metrics": {
    "final_group_populations": {
      "A": 775
    },
    "final_group_cooperation_rates": {
      "A": 0.9819354838709677
    },
    "in_group_interaction_rate": 1.0,
    "out_group_interaction_rate": 0.0,
    "avg_in_group_trust": 0.640891008836579,
    "avg_out_group_trust": 0.640891008836579,
    "trust_asymmetry": 0.0,
    "group_segregation_index": 1.0,
    "total_mixing_events": 0,
    "mixing_event_success_rate": 0,
    "reputational_spillover_events": 0,
    "out_group_constraint_amplifications": 0,
    "group_extinction_events": 0
  },
  "interaction_metrics": {
    "total_interactions": 289352,
    "avg_interaction_processing_time": 0.0
  }
}