{
  "run_id": 207,
  "parameters": {
    "shock_interval_years": 5,
    "homophily_bias": 0.0,
    "num_groups": 1,
    "out_group_trust_bias": 1.172336545776722,
    "out_group_penalty": 1.3782115201607845,
    "intervention_interval": 0,
    "intervention_scale": 0.29143236173422304,
    "event_bonus": 2.2166499387609906,
    "base_trust_delta": 0.16998912276018152,
    "group_trust_bias": 1.984149882832508,
    "resilience_profile": {
      "threshold": 0.27370316216727725,
      "noise": 0.14423658272058817
    },
    "turnover_rate": 0.03529227127996045,
    "social_diffusion": 0.0944430294115758,
    "max_rounds": 300,
    "initial_population": 200,
    "max_population": 800,
    "maslow_variation": 0.5,
    "constraint_threshold_range": [
      0.2,
      0.8
    ],
    "recovery_threshold": 0.15,
    "cooperation_bonus": 0.2,
    "trust_threshold": 0.6,
    "max_relationships_per_person": 150
  },
  "outcomes": {
    "final_cooperation_rate": 0.8331226295828066,
    "behavioral_cooperation_rate": 0.525326187478412,
    "final_constrained_rate": 0.16687737041719342,
    "final_population": 791,
    "extinction_occurred": false,
    "rounds_completed": 300,
    "first_cascade_round": null,
    "total_cascade_events": 0,
    "total_shock_events": 18,
    "total_defections": 211229,
    "total_redemptions": 2359,
    "net_strategy_change": 208870,
    "total_births": 913,
    "total_deaths": 320,
    "max_population_reached": 800,
    "population_stability": 0.0029879448132678916,
    "population_growth": 4.0,
    "avg_system_stress": 3.4715929424223084,
    "max_system_stress": 5.993552472015948,
    "avg_maslow_pressure": 0.06007739826318791,
    "avg_basic_needs_crisis_rate": 0.21238938053097345,
    "avg_trust_level": 0.8218503915222087,
    "cooperation_benefit_total": 0,
    "cooperation_resilience": 0.8331226295828066
  },
  "maslow_hierarchy": {
    "initial_needs_avg": {
      "physiological": 5.590178428842552,
      "safety": 5.6245794530291064,
      "love": 9.398757393965965,
      "esteem": 2.638939019556562,
      "self_actualization": 5.845084237197921
    },
    "final_needs_avg": {
      "physiological": 5.590178428842552,
      "safety": 5.6245794530291064,
      "love": 9.398757393965965,
      "esteem": 2.638939019556562,
      "self_actualization": 5.845084237197921
    },
    "needs_improvement": {
      "physiological": 0.0,
      "safety": 0.0,
      "love": 0.0,
      "esteem": 0.0,
      "self_actualization": 0.0
    }
  },
  "inter_group_metrics": {
    "final_group_populations": {
      "A": 791
    },
    "final_group_cooperation_rates": {
      "A": 0.8331226295828066
    },
    "in_group_interaction_rate": 1.0,
    "out_group_interaction_rate": 0.0,
    "avg_in_group_trust": 0.8218503915222087,
    "avg_out_group_trust": 0.8218503915222087,
    "trust_asymmetry": 0.0,
    "group_segregation_index": 1.0,
    "total_mixing_events": 0,
    "mixing_event_success_rate": 0,
    "reputational_spillover_events": 0,
    "out_group_constraint_amplifications": 0,
    "group_extinction_events": 0
  },
  "interaction_metrics": {
    "total_interactions": 358996,
    "avg_interaction_processing_time": 0.0
  }
}