{
  "run_id": 483,
  "parameters": {
    "shock_interval_years": 2,
    "homophily_bias": 0.3188298576613451,
    "num_groups": 2,
    "out_group_trust_bias": 1.0620580953425582,
    "out_group_penalty": 1.1444838561733888,
    "intervention_interval": 10,
    "intervention_scale": 0.2503766076569066,
    "event_bonus": 1.676562100339442,
    "base_trust_delta": 0.17783497484625993,
    "group_trust_bias": 1.252791123710267,
    "resilience_profile": {
      "threshold": 0.3223201806234186,
      "noise": 0.08748442217623675
    },
    "turnover_rate": 0.04689577081485882,
    "social_diffusion": 0.0384251977194579,
    "max_rounds": 300,
    "initial_population": 200,
    "max_population": 800,
    "maslow_variation": 0.5,
    "constraint_threshold_range": [
      0.2,
      0.8
    ],
    "recovery_threshold": 0.15,
    "cooperation_bonus": 0.2,
    "trust_threshold": 0.6,
    "max_relationships_per_person": 150
  },
  "outcomes": {
    "final_cooperation_rate": 0.8863636363636364,
    "behavioral_cooperation_rate": 0.11557291832426296,
    "final_constrained_rate": 0.11363636363636363,
    "final_population": 792,
    "extinction_occurred": false,
    "rounds_completed": 300,
    "first_cascade_round": null,
    "total_cascade_events": 0,
    "total_shock_events": 41,
    "total_defections": 559918,
    "total_redemptions": 4825,
    "net_strategy_change": 555093,
    "total_births": 941,
    "total_deaths": 343,
    "max_population_reached": 800,
    "population_stability": 0.0033758202837087564,
    "population_growth": 4.0,
    "avg_system_stress": 9.918587019969861,
    "max_system_stress": 17.918525485854015,
    "avg_maslow_pressure": 0.11439199630659809,
    "avg_basic_needs_crisis_rate": 0.27525252525252525,
    "avg_trust_level": 0.4816445400055489,
    "cooperation_benefit_total": 0,
    "cooperation_resilience": 0.8863636363636364
  },
  "maslow_hierarchy": {
    "initial_needs_avg": {
      "physiological": 5.609827692348646,
      "safety": 5.10401957498274,
      "love": 7.54969863190993,
      "esteem": 1.4993573589662346,
      "self_actualization": 5.041586384197276
    },
    "final_needs_avg": {
      "physiological": 5.609827692348646,
      "safety": 5.10401957498274,
      "love": 7.54969863190993,
      "esteem": 1.4993573589662346,
      "self_actualization": 5.041586384197276
    },
    "needs_improvement": {
      "physiological": 0.0,
      "safety": 0.0,
      "love": 0.0,
      "esteem": 0.0,
      "self_actualization": 0.0
    }
  },
  "inter_group_metrics": {
    "final_group_populations": {
      "A": 393,
      "B": 399
    },
    "final_group_cooperation_rates": {
      "A": 0.8778625954198473,
      "B": 0.8947368421052632
    },
    "in_group_interaction_rate": 0.6692153867371079,
    "out_group_interaction_rate": 0.3307846132628921,
    "avg_in_group_trust": 0.5057742852581226,
    "avg_out_group_trust": 0.45751479475297524,
    "trust_asymmetry": 0.048259490505147384,
    "group_segregation_index": 0.6692153867371079,
    "total_mixing_events": 30,
    "mixing_event_success_rate": 1.0,
    "reputational_spillover_events": 0,
    "out_group_constraint_amplifications": 0,
    "group_extinction_events": 0
  },
  "interaction_metrics": {
    "total_interactions": 377052,
    "avg_interaction_processing_time": 0.0
  }
}