{
  "run_id": 362,
  "parameters": {
    "shock_interval_years": 10,
    "homophily_bias": 0.5422688142369424,
    "num_groups": 2,
    "out_group_trust_bias": 1.004618682116252,
    "out_group_penalty": 1.14047750425822,
    "intervention_interval": 15,
    "intervention_scale": 0.19436141014760377,
    "event_bonus": 2.207799595456424,
    "base_trust_delta": 0.1978067640739255,
    "group_trust_bias": 1.3800886536809984,
    "resilience_profile": {
      "threshold": 0.21349611911701727,
      "noise": 0.05137901735895837
    },
    "turnover_rate": 0.021890423731747786,
    "social_diffusion": 0.09813921290325109,
    "max_rounds": 300,
    "initial_population": 200,
    "max_population": 800,
    "maslow_variation": 0.5,
    "constraint_threshold_range": [
      0.2,
      0.8
    ],
    "recovery_threshold": 0.15,
    "cooperation_bonus": 0.2,
    "trust_threshold": 0.6,
    "max_relationships_per_person": 150
  },
  "outcomes": {
    "final_cooperation_rate": 0.974124809741248,
    "behavioral_cooperation_rate": 0.45198719255718417,
    "final_constrained_rate": 0.0258751902587519,
    "final_population": 657,
    "extinction_occurred": false,
    "rounds_completed": 300,
    "first_cascade_round": null,
    "total_cascade_events": 0,
    "total_shock_events": 6,
    "total_defections": 209572,
    "total_redemptions": 128,
    "net_strategy_change": 209444,
    "total_births": 715,
    "total_deaths": 254,
    "max_population_reached": 717,
    "population_stability": 0.008397964452751514,
    "population_growth": 3.585,
    "avg_system_stress": 0.9794454224825061,
    "max_system_stress": 2.099452023024159,
    "avg_maslow_pressure": 0.06001874107684795,
    "avg_basic_needs_crisis_rate": 0.3028919330289193,
    "avg_trust_level": 0.5772420266579958,
    "cooperation_benefit_total": 0,
    "cooperation_resilience": 0.974124809741248
  },
  "maslow_hierarchy": {
    "initial_needs_avg": {
      "physiological": 5.3537870403138,
      "safety": 5.150749510237684,
      "love": 9.894341735607862,
      "esteem": 5.067727807575278,
      "self_actualization": 5.262118572900587
    },
    "final_needs_avg": {
      "physiological": 5.3537870403138,
      "safety": 5.150749510237684,
      "love": 9.894341735607862,
      "esteem": 5.067727807575278,
      "self_actualization": 5.262118572900587
    },
    "needs_improvement": {
      "physiological": 0.0,
      "safety": 0.0,
      "love": 0.0,
      "esteem": 0.0,
      "self_actualization": 0.0
    }
  },
  "inter_group_metrics": {
    "final_group_populations": {
      "B": 365,
      "A": 292
    },
    "final_group_cooperation_rates": {
      "B": 0.9753424657534246,
      "A": 0.9726027397260274
    },
    "in_group_interaction_rate": 0.7599737205772411,
    "out_group_interaction_rate": 0.2400262794227589,
    "avg_in_group_trust": 0.7381971459164188,
    "avg_out_group_trust": 0.4162869073995729,
    "trust_asymmetry": 0.3219102385168459,
    "group_segregation_index": 0.7599737205772411,
    "total_mixing_events": 20,
    "mixing_event_success_rate": 1.0,
    "reputational_spillover_events": 0,
    "out_group_constraint_amplifications": 0,
    "group_extinction_events": 0
  },
  "interaction_metrics": {
    "total_interactions": 264846,
    "avg_interaction_processing_time": 0.0
  }
}