{
  "run_id": 206,
  "parameters": {
    "shock_interval_years": 20,
    "homophily_bias": 0.0,
    "num_groups": 1,
    "out_group_trust_bias": 1.016436746760203,
    "out_group_penalty": 1.3523501302011147,
    "intervention_interval": 0,
    "intervention_scale": 0.1706475867503291,
    "event_bonus": 2.0135273651473407,
    "base_trust_delta": 0.06261563662266514,
    "group_trust_bias": 1.364121718841583,
    "resilience_profile": {
      "threshold": 0.33730706274369576,
      "noise": 0.0931721835336518
    },
    "turnover_rate": 0.04397081311001998,
    "social_diffusion": 0.0006876604644880159,
    "max_rounds": 300,
    "initial_population": 200,
    "max_population": 800,
    "maslow_variation": 0.5,
    "constraint_threshold_range": [
      0.2,
      0.8
    ],
    "recovery_threshold": 0.15,
    "cooperation_bonus": 0.2,
    "trust_threshold": 0.6,
    "max_relationships_per_person": 150
  },
  "outcomes": {
    "final_cooperation_rate": 1.0,
    "behavioral_cooperation_rate": 0.764194519690478,
    "final_constrained_rate": 0.0,
    "final_population": 795,
    "extinction_occurred": false,
    "rounds_completed": 300,
    "first_cascade_round": null,
    "total_cascade_events": 0,
    "total_shock_events": 6,
    "total_defections": 95157,
    "total_redemptions": 772,
    "net_strategy_change": 94385,
    "total_births": 924,
    "total_deaths": 328,
    "max_population_reached": 800,
    "population_stability": 0.002352736928939304,
    "population_growth": 4.0,
    "avg_system_stress": 0.6716245754293918,
    "max_system_stress": 1.23840397120953,
    "avg_maslow_pressure": 0.023377595010222605,
    "avg_basic_needs_crisis_rate": 0.13962264150943396,
    "avg_trust_level": 0.6218814270880492,
    "cooperation_benefit_total": 0,
    "cooperation_resilience": 1.0
  },
  "maslow_hierarchy": {
    "initial_needs_avg": {
      "physiological": 6.033001790532088,
      "safety": 6.13140861492798,
      "love": 9.981602196936608,
      "esteem": 5.133660563385591,
      "self_actualization": 5.9971726818120725
    },
    "final_needs_avg": {
      "physiological": 6.033001790532088,
      "safety": 6.13140861492798,
      "love": 9.981602196936608,
      "esteem": 5.133660563385591,
      "self_actualization": 5.9971726818120725
    },
    "needs_improvement": {
      "physiological": 0.0,
      "safety": 0.0,
      "love": 0.0,
      "esteem": 0.0,
      "self_actualization": 0.0
    }
  },
  "inter_group_metrics": {
    "final_group_populations": {
      "A": 795
    },
    "final_group_cooperation_rates": {
      "A": 1.0
    },
    "in_group_interaction_rate": 1.0,
    "out_group_interaction_rate": 0.0,
    "avg_in_group_trust": 0.6218814270880492,
    "avg_out_group_trust": 0.6218814270880492,
    "trust_asymmetry": 0.0,
    "group_segregation_index": 1.0,
    "total_mixing_events": 0,
    "mixing_event_success_rate": 0,
    "reputational_spillover_events": 0,
    "out_group_constraint_amplifications": 0,
    "group_extinction_events": 0
  },
  "interaction_metrics": {
    "total_interactions": 370636,
    "avg_interaction_processing_time": 0.0
  }
}