{
  "run_id": 103,
  "parameters": {
    "shock_interval_years": 2,
    "homophily_bias": 0.0,
    "num_groups": 1,
    "out_group_trust_bias": 1.1337065520563476,
    "out_group_penalty": 1.4543608254663294,
    "intervention_interval": 0,
    "intervention_scale": 0.22898886068355245,
    "event_bonus": 2.4819500112496673,
    "base_trust_delta": 0.12303480595296076,
    "group_trust_bias": 1.3279025248006,
    "resilience_profile": {
      "threshold": 0.23911106763777637,
      "noise": 0.0975911503777361
    },
    "turnover_rate": 0.02703903896638895,
    "social_diffusion": 0.054901570214130585,
    "max_rounds": 300,
    "initial_population": 200,
    "max_population": 800,
    "maslow_variation": 0.5,
    "constraint_threshold_range": [
      0.2,
      0.8
    ],
    "recovery_threshold": 0.15,
    "cooperation_bonus": 0.2,
    "trust_threshold": 0.6,
    "max_relationships_per_person": 150
  },
  "outcomes": {
    "final_cooperation_rate": 0.9368686868686869,
    "behavioral_cooperation_rate": 0.32652133538537464,
    "final_constrained_rate": 0.06313131313131314,
    "final_population": 792,
    "extinction_occurred": false,
    "rounds_completed": 300,
    "first_cascade_round": null,
    "total_cascade_events": 0,
    "total_shock_events": 38,
    "total_defections": 286261,
    "total_redemptions": 3712,
    "net_strategy_change": 282549,
    "total_births": 856,
    "total_deaths": 263,
    "max_population_reached": 800,
    "population_stability": 0.020597911029580473,
    "population_growth": 4.0,
    "avg_system_stress": 7.585248515485387,
    "max_system_stress": 13.546189936539625,
    "avg_maslow_pressure": 0.100182142342499,
    "avg_basic_needs_crisis_rate": 0.3055555555555556,
    "avg_trust_level": 0.5614473370344645,
    "cooperation_benefit_total": 0,
    "cooperation_resilience": 0.9368686868686869
  },
  "maslow_hierarchy": {
    "initial_needs_avg": {
      "physiological": 5.2570365878478915,
      "safety": 5.180391126725378,
      "love": 8.853823843918962,
      "esteem": 0.9754865912475351,
      "self_actualization": 5.624418555497191
    },
    "final_needs_avg": {
      "physiological": 5.2570365878478915,
      "safety": 5.180391126725378,
      "love": 8.853823843918962,
      "esteem": 0.9754865912475351,
      "self_actualization": 5.624418555497191
    },
    "needs_improvement": {
      "physiological": 0.0,
      "safety": 0.0,
      "love": 0.0,
      "esteem": 0.0,
      "self_actualization": 0.0
    }
  },
  "inter_group_metrics": {
    "final_group_populations": {
      "A": 792
    },
    "final_group_cooperation_rates": {
      "A": 0.9368686868686869
    },
    "in_group_interaction_rate": 1.0,
    "out_group_interaction_rate": 0.0,
    "avg_in_group_trust": 0.5614473370344645,
    "avg_out_group_trust": 0.5614473370344645,
    "trust_asymmetry": 0.0,
    "group_segregation_index": 1.0,
    "total_mixing_events": 0,
    "mixing_event_success_rate": 0,
    "reputational_spillover_events": 0,
    "out_group_constraint_amplifications": 0,
    "group_extinction_events": 0
  },
  "interaction_metrics": {
    "total_interactions": 307986,
    "avg_interaction_processing_time": 0.0
  }
}