{
  "run_id": 431,
  "parameters": {
    "shock_interval_years": 5,
    "homophily_bias": 0.0,
    "num_groups": 1,
    "out_group_trust_bias": 0.8194855335857554,
    "out_group_penalty": 1.3076241027123592,
    "intervention_interval": 0,
    "intervention_scale": 0.19664359715372354,
    "event_bonus": 1.975089766778997,
    "base_trust_delta": 0.14701600098980372,
    "group_trust_bias": 1.6308983520349956,
    "resilience_profile": {
      "threshold": 0.2240717364093463,
      "noise": 0.13376847595884528
    },
    "turnover_rate": 0.03192911736388945,
    "social_diffusion": 0.08808842528460929,
    "max_rounds": 300,
    "initial_population": 200,
    "max_population": 800,
    "maslow_variation": 0.5,
    "constraint_threshold_range": [
      0.2,
      0.8
    ],
    "recovery_threshold": 0.15,
    "cooperation_bonus": 0.2,
    "trust_threshold": 0.6,
    "max_relationships_per_person": 150
  },
  "outcomes": {
    "final_cooperation_rate": 0.9397741530740276,
    "behavioral_cooperation_rate": 0.4879793452961485,
    "final_constrained_rate": 0.060225846925972396,
    "final_population": 797,
    "extinction_occurred": false,
    "rounds_completed": 300,
    "first_cascade_round": null,
    "total_cascade_events": 0,
    "total_shock_events": 23,
    "total_defections": 221527,
    "total_redemptions": 2019,
    "net_strategy_change": 219508,
    "total_births": 876,
    "total_deaths": 278,
    "max_population_reached": 800,
    "population_stability": 0.006545049919454757,
    "population_growth": 4.0,
    "avg_system_stress": 4.569621014386738,
    "max_system_stress": 7.982007260576734,
    "avg_maslow_pressure": 0.06988311195452639,
    "avg_basic_needs_crisis_rate": 0.2258469259723965,
    "avg_trust_level": 0.7183253624062839,
    "cooperation_benefit_total": 0,
    "cooperation_resilience": 0.9397741530740276
  },
  "maslow_hierarchy": {
    "initial_needs_avg": {
      "physiological": 5.194584653384769,
      "safety": 5.925752350811433,
      "love": 9.441163170549588,
      "esteem": 2.871554671163125,
      "self_actualization": 5.307125618623465
    },
    "final_needs_avg": {
      "physiological": 5.194584653384769,
      "safety": 5.925752350811433,
      "love": 9.441163170549588,
      "esteem": 2.871554671163125,
      "self_actualization": 5.307125618623465
    },
    "needs_improvement": {
      "physiological": 0.0,
      "safety": 0.0,
      "love": 0.0,
      "esteem": 0.0,
      "self_actualization": 0.0
    }
  },
  "inter_group_metrics": {
    "final_group_populations": {
      "A": 797
    },
    "final_group_cooperation_rates": {
      "A": 0.9397741530740276
    },
    "in_group_interaction_rate": 1.0,
    "out_group_interaction_rate": 0.0,
    "avg_in_group_trust": 0.7183253624062839,
    "avg_out_group_trust": 0.7183253624062839,
    "trust_asymmetry": 0.0,
    "group_segregation_index": 1.0,
    "total_mixing_events": 0,
    "mixing_event_success_rate": 0,
    "reputational_spillover_events": 0,
    "out_group_constraint_amplifications": 0,
    "group_extinction_events": 0
  },
  "interaction_metrics": {
    "total_interactions": 334258,
    "avg_interaction_processing_time": 0.0
  }
}