{
  "run_id": 445,
  "parameters": {
    "shock_interval_years": 5,
    "homophily_bias": 0.5840102015280296,
    "num_groups": 2,
    "out_group_trust_bias": 0.8652040519324474,
    "out_group_penalty": 1.453977158725372,
    "intervention_interval": 25,
    "intervention_scale": 0.28987024924165294,
    "event_bonus": 2.1798223478254477,
    "base_trust_delta": 0.12516121138223568,
    "group_trust_bias": 1.7744054705076011,
    "resilience_profile": {
      "threshold": 0.2783708618403981,
      "noise": 0.1365523481360196
    },
    "turnover_rate": 0.031367540709971886,
    "social_diffusion": 0.09716347745677278,
    "max_rounds": 300,
    "initial_population": 200,
    "max_population": 800,
    "maslow_variation": 0.5,
    "constraint_threshold_range": [
      0.2,
      0.8
    ],
    "recovery_threshold": 0.15,
    "cooperation_bonus": 0.2,
    "trust_threshold": 0.6,
    "max_relationships_per_person": 150
  },
  "outcomes": {
    "final_cooperation_rate": 0.8537200504413619,
    "behavioral_cooperation_rate": 0.3467381749934669,
    "final_constrained_rate": 0.14627994955863807,
    "final_population": 793,
    "extinction_occurred": false,
    "rounds_completed": 300,
    "first_cascade_round": null,
    "total_cascade_events": 0,
    "total_shock_events": 13,
    "total_defections": 313649,
    "total_redemptions": 1493,
    "net_strategy_change": 312156,
    "total_births": 892,
    "total_deaths": 296,
    "max_population_reached": 800,
    "population_stability": 0.002658504602462835,
    "population_growth": 4.0,
    "avg_system_stress": 3.858966979728566,
    "max_system_stress": 6.488046935900883,
    "avg_maslow_pressure": 0.06950510262265264,
    "avg_basic_needs_crisis_rate": 0.3026481715006305,
    "avg_trust_level": 0.5439200166424721,
    "cooperation_benefit_total": 0,
    "cooperation_resilience": 0.8537200504413619
  },
  "maslow_hierarchy": {
    "initial_needs_avg": {
      "physiological": 5.02990228727932,
      "safety": 5.20742681284438,
      "love": 9.07173583757333,
      "esteem": 4.153375354724905,
      "self_actualization": 5.573579086487391
    },
    "final_needs_avg": {
      "physiological": 5.02990228727932,
      "safety": 5.20742681284438,
      "love": 9.07173583757333,
      "esteem": 4.153375354724905,
      "self_actualization": 5.573579086487391
    },
    "needs_improvement": {
      "physiological": 0.0,
      "safety": 0.0,
      "love": 0.0,
      "esteem": 0.0,
      "self_actualization": 0.0
    }
  },
  "inter_group_metrics": {
    "final_group_populations": {
      "B": 432,
      "A": 361
    },
    "final_group_cooperation_rates": {
      "B": 0.8587962962962963,
      "A": 0.8476454293628809
    },
    "in_group_interaction_rate": 0.7818877247998479,
    "out_group_interaction_rate": 0.21811227520015206,
    "avg_in_group_trust": 0.6398195560884955,
    "avg_out_group_trust": 0.44802047719644883,
    "trust_asymmetry": 0.19179907889204667,
    "group_segregation_index": 0.7818877247998479,
    "total_mixing_events": 12,
    "mixing_event_success_rate": 1.0,
    "reputational_spillover_events": 0,
    "out_group_constraint_amplifications": 0,
    "group_extinction_events": 0
  },
  "interaction_metrics": {
    "total_interactions": 336744,
    "avg_interaction_processing_time": 0.0
  }
}