{
  "run_id": 284,
  "parameters": {
    "shock_interval_years": 10,
    "homophily_bias": 0.5178359934293116,
    "num_groups": 2,
    "out_group_trust_bias": 1.0508659064124348,
    "out_group_penalty": 1.103885991239243,
    "intervention_interval": 15,
    "intervention_scale": 0.21289938428606908,
    "event_bonus": 2.1753676062138045,
    "base_trust_delta": 0.19220376295284947,
    "group_trust_bias": 1.5097061145122233,
    "resilience_profile": {
      "threshold": 0.10970286798512249,
      "noise": 0.09973538416700027
    },
    "turnover_rate": 0.034464601565542166,
    "social_diffusion": 0.015772979115160048,
    "max_rounds": 300,
    "initial_population": 200,
    "max_population": 800,
    "maslow_variation": 0.5,
    "constraint_threshold_range": [
      0.2,
      0.8
    ],
    "recovery_threshold": 0.15,
    "cooperation_bonus": 0.2,
    "trust_threshold": 0.6,
    "max_relationships_per_person": 150
  },
  "outcomes": {
    "final_cooperation_rate": 0.8564231738035264,
    "behavioral_cooperation_rate": 0.28117844603877273,
    "final_constrained_rate": 0.14357682619647355,
    "final_population": 794,
    "extinction_occurred": false,
    "rounds_completed": 300,
    "first_cascade_round": null,
    "total_cascade_events": 0,
    "total_shock_events": 6,
    "total_defections": 376166,
    "total_redemptions": 983,
    "net_strategy_change": 375183,
    "total_births": 894,
    "total_deaths": 298,
    "max_population_reached": 800,
    "population_stability": 0.008161012472571524,
    "population_growth": 4.0,
    "avg_system_stress": 1.432759277372032,
    "max_system_stress": 2.9729418622761945,
    "avg_maslow_pressure": 0.050442862146098284,
    "avg_basic_needs_crisis_rate": 0.2607052896725441,
    "avg_trust_level": 0.5444103045582701,
    "cooperation_benefit_total": 0,
    "cooperation_resilience": 0.8564231738035264
  },
  "maslow_hierarchy": {
    "initial_needs_avg": {
      "physiological": 5.0739589986484575,
      "safety": 4.449434608278985,
      "love": 5.3464249192785065,
      "esteem": 4.985679914322716,
      "self_actualization": 5.117517281844699
    },
    "final_needs_avg": {
      "physiological": 5.778521828210243,
      "safety": 4.983102255360288,
      "love": 8.972395161727203,
      "esteem": 5.067328017276895,
      "self_actualization": 5.951847433904428
    },
    "needs_improvement": {
      "physiological": 0.7045628295617856,
      "safety": 0.5336676470813035,
      "love": 3.6259702424486964,
      "esteem": 0.0816481029541789,
      "self_actualization": 0.8343301520597288
    }
  },
  "inter_group_metrics": {
    "final_group_populations": {
      "B": 380,
      "A": 414
    },
    "final_group_cooperation_rates": {
      "B": 0.8789473684210526,
      "A": 0.8357487922705314
    },
    "in_group_interaction_rate": 0.7571645832979981,
    "out_group_interaction_rate": 0.24283541670200195,
    "avg_in_group_trust": 0.6481214553918486,
    "avg_out_group_trust": 0.4406991537246916,
    "trust_asymmetry": 0.20742230166715703,
    "group_segregation_index": 0.7571645832979981,
    "total_mixing_events": 20,
    "mixing_event_success_rate": 1.0,
    "reputational_spillover_events": 0,
    "out_group_constraint_amplifications": 0,
    "group_extinction_events": 0
  },
  "interaction_metrics": {
    "total_interactions": 353754,
    "avg_interaction_processing_time": 0.0
  }
}