{
  "run_id": 410,
  "parameters": {
    "shock_interval_years": 2,
    "homophily_bias": 0.32272246303426366,
    "num_groups": 3,
    "out_group_trust_bias": 0.968166395069655,
    "out_group_penalty": 1.3592023225226906,
    "intervention_interval": 15,
    "intervention_scale": 0.19823876899419052,
    "event_bonus": 2.0333237086244527,
    "base_trust_delta": 0.08673968327452689,
    "group_trust_bias": 1.2964438819153126,
    "resilience_profile": {
      "threshold": 0.1569277672991708,
      "noise": 0.02778156492017973
    },
    "turnover_rate": 0.02105124650095275,
    "social_diffusion": 0.07867215409946332,
    "max_rounds": 300,
    "initial_population": 200,
    "max_population": 800,
    "maslow_variation": 0.5,
    "constraint_threshold_range": [
      0.2,
      0.8
    ],
    "recovery_threshold": 0.15,
    "cooperation_bonus": 0.2,
    "trust_threshold": 0.6,
    "max_relationships_per_person": 150
  },
  "outcomes": {
    "final_cooperation_rate": 0.3108974358974359,
    "behavioral_cooperation_rate": 0.026367545829480574,
    "final_constrained_rate": 0.6891025641025641,
    "final_population": 624,
    "extinction_occurred": false,
    "rounds_completed": 300,
    "first_cascade_round": null,
    "total_cascade_events": 0,
    "total_shock_events": 31,
    "total_defections": 473576,
    "total_redemptions": 3085,
    "net_strategy_change": 470491,
    "total_births": 698,
    "total_deaths": 274,
    "max_population_reached": 717,
    "population_stability": 0.006318829386717594,
    "population_growth": 3.585,
    "avg_system_stress": 6.239809263879045,
    "max_system_stress": 11.460886904160487,
    "avg_maslow_pressure": 0.2067500238535027,
    "avg_basic_needs_crisis_rate": 0.36698717948717946,
    "avg_trust_level": 0.28024654985204595,
    "cooperation_benefit_total": 0,
    "cooperation_resilience": 0.3108974358974359
  },
  "maslow_hierarchy": {
    "initial_needs_avg": {
      "physiological": 5.004315978672353,
      "safety": 5.0357325323212105,
      "love": 5.195520867173738,
      "esteem": 5.445746499245527,
      "self_actualization": 5.065180557163387
    },
    "final_needs_avg": {
      "physiological": 4.986570326872662,
      "safety": 4.8994664654499305,
      "love": 1.9711711779554868,
      "esteem": 0.9341466430494433,
      "self_actualization": 5.081377504133971
    },
    "needs_improvement": {
      "physiological": -0.01774565179969123,
      "safety": -0.13626606687128007,
      "love": -3.2243496892182515,
      "esteem": -4.511599856196084,
      "self_actualization": 0.016196946970583603
    }
  },
  "inter_group_metrics": {
    "final_group_populations": {
      "B": 212,
      "A": 272,
      "C": 140
    },
    "final_group_cooperation_rates": {
      "B": 0.25471698113207547,
      "A": 0.38235294117647056,
      "C": 0.2571428571428571
    },
    "in_group_interaction_rate": 0.5532781471533618,
    "out_group_interaction_rate": 0.4467218528466382,
    "avg_in_group_trust": 0.24141244917298546,
    "avg_out_group_trust": 0.31908065053110646,
    "trust_asymmetry": -0.077668201358121,
    "group_segregation_index": 0.5532781471533618,
    "total_mixing_events": 20,
    "mixing_event_success_rate": 1.0,
    "reputational_spillover_events": 0,
    "out_group_constraint_amplifications": 0,
    "group_extinction_events": 0
  },
  "interaction_metrics": {
    "total_interactions": 272532,
    "avg_interaction_processing_time": 0.0
  }
}