{
  "run_id": 257,
  "parameters": {
    "shock_interval_years": 10,
    "homophily_bias": 0.0,
    "num_groups": 1,
    "out_group_trust_bias": 0.9642255012755566,
    "out_group_penalty": 1.2428688950744005,
    "intervention_interval": 0,
    "intervention_scale": 0.28180333655310474,
    "event_bonus": 1.537543836768395,
    "base_trust_delta": 0.10449231088224852,
    "group_trust_bias": 1.4226020170044382,
    "resilience_profile": {
      "threshold": 0.23528014560333357,
      "noise": 0.022963180833934498
    },
    "turnover_rate": 0.030426031115217748,
    "social_diffusion": 0.03196213659415788,
    "max_rounds": 300,
    "initial_population": 200,
    "max_population": 800,
    "maslow_variation": 0.5,
    "constraint_threshold_range": [
      0.2,
      0.8
    ],
    "recovery_threshold": 0.15,
    "cooperation_bonus": 0.2,
    "trust_threshold": 0.6,
    "max_relationships_per_person": 150
  },
  "outcomes": {
    "final_cooperation_rate": 1.0,
    "behavioral_cooperation_rate": 0.7393126496229053,
    "final_constrained_rate": 0.0,
    "final_population": 788,
    "extinction_occurred": false,
    "rounds_completed": 300,
    "first_cascade_round": null,
    "total_cascade_events": 0,
    "total_shock_events": 5,
    "total_defections": 94859,
    "total_redemptions": 280,
    "net_strategy_change": 94579,
    "total_births": 887,
    "total_deaths": 292,
    "max_population_reached": 800,
    "population_stability": 0.01717114397704359,
    "population_growth": 4.0,
    "avg_system_stress": 0.27473108062486734,
    "max_system_stress": 1.1177151015873403,
    "avg_maslow_pressure": 0.02644079318639576,
    "avg_basic_needs_crisis_rate": 0.1751269035532995,
    "avg_trust_level": 0.7153063346990024,
    "cooperation_benefit_total": 0,
    "cooperation_resilience": 1.0
  },
  "maslow_hierarchy": {
    "initial_needs_avg": {
      "physiological": 5.140357701987872,
      "safety": 5.250774136382013,
      "love": 4.497619263282147,
      "esteem": 5.036057872580268,
      "self_actualization": 4.9938031499695095
    },
    "final_needs_avg": {
      "physiological": 5.675459270308094,
      "safety": 6.177098540473759,
      "love": 9.982283415322097,
      "esteem": 5.461632208166344,
      "self_actualization": 5.998944043082316
    },
    "needs_improvement": {
      "physiological": 0.535101568320222,
      "safety": 0.926324404091746,
      "love": 5.484664152039951,
      "esteem": 0.4255743355860764,
      "self_actualization": 1.0051408931128067
    }
  },
  "inter_group_metrics": {
    "final_group_populations": {
      "A": 788
    },
    "final_group_cooperation_rates": {
      "A": 1.0
    },
    "in_group_interaction_rate": 1.0,
    "out_group_interaction_rate": 0.0,
    "avg_in_group_trust": 0.7153063346990024,
    "avg_out_group_trust": 0.7153063346990024,
    "trust_asymmetry": 0.0,
    "group_segregation_index": 1.0,
    "total_mixing_events": 0,
    "mixing_event_success_rate": 0,
    "reputational_spillover_events": 0,
    "out_group_constraint_amplifications": 0,
    "group_extinction_events": 0
  },
  "interaction_metrics": {
    "total_interactions": 333338,
    "avg_interaction_processing_time": 0.0
  }
}