{
  "run_id": 432,
  "parameters": {
    "shock_interval_years": 5,
    "homophily_bias": 0.5359807474092103,
    "num_groups": 2,
    "out_group_trust_bias": 0.8810440995715526,
    "out_group_penalty": 1.1637367102234466,
    "intervention_interval": 25,
    "intervention_scale": 0.1426299482166024,
    "event_bonus": 2.0617796540947952,
    "base_trust_delta": 0.08340396681077653,
    "group_trust_bias": 1.4798045001693865,
    "resilience_profile": {
      "threshold": 0.3056825857090565,
      "noise": 0.10987466280711594
    },
    "turnover_rate": 0.04514337708310965,
    "social_diffusion": 0.050806738457068984,
    "max_rounds": 300,
    "initial_population": 200,
    "max_population": 800,
    "maslow_variation": 0.5,
    "constraint_threshold_range": [
      0.2,
      0.8
    ],
    "recovery_threshold": 0.15,
    "cooperation_bonus": 0.2,
    "trust_threshold": 0.6,
    "max_relationships_per_person": 150
  },
  "outcomes": {
    "final_cooperation_rate": 0.93173198482933,
    "behavioral_cooperation_rate": 0.5559399658469588,
    "final_constrained_rate": 0.06826801517067003,
    "final_population": 791,
    "extinction_occurred": false,
    "rounds_completed": 300,
    "first_cascade_round": null,
    "total_cascade_events": 0,
    "total_shock_events": 13,
    "total_defections": 213040,
    "total_redemptions": 1442,
    "net_strategy_change": 211598,
    "total_births": 945,
    "total_deaths": 351,
    "max_population_reached": 800,
    "population_stability": 0.0033245683633762366,
    "population_growth": 4.0,
    "avg_system_stress": 1.8722718087127677,
    "max_system_stress": 2.734175416810624,
    "avg_maslow_pressure": 0.03311647806914954,
    "avg_basic_needs_crisis_rate": 0.20733249051833122,
    "avg_trust_level": 0.6623894809728574,
    "cooperation_benefit_total": 0,
    "cooperation_resilience": 0.93173198482933
  },
  "maslow_hierarchy": {
    "initial_needs_avg": {
      "physiological": 4.771691858318784,
      "safety": 5.100554319628212,
      "love": 5.050198749308685,
      "esteem": 5.256380494574446,
      "self_actualization": 5.5661275636244545
    },
    "final_needs_avg": {
      "physiological": 5.476360397695769,
      "safety": 5.751714324824556,
      "love": 9.78507274637336,
      "esteem": 4.744337412258647,
      "self_actualization": 6.294512083300677
    },
    "needs_improvement": {
      "physiological": 0.7046685393769856,
      "safety": 0.6511600051963446,
      "love": 4.734873997064676,
      "esteem": -0.5120430823157998,
      "self_actualization": 0.7283845196762222
    }
  },
  "inter_group_metrics": {
    "final_group_populations": {
      "A": 389,
      "B": 402
    },
    "final_group_cooperation_rates": {
      "A": 0.9280205655526992,
      "B": 0.9353233830845771
    },
    "in_group_interaction_rate": 0.7653910627653518,
    "out_group_interaction_rate": 0.2346089372346481,
    "avg_in_group_trust": 0.7030523610793333,
    "avg_out_group_trust": 0.6217266008663817,
    "trust_asymmetry": 0.08132576021295168,
    "group_segregation_index": 0.7653910627653518,
    "total_mixing_events": 12,
    "mixing_event_success_rate": 1.0,
    "reputational_spillover_events": 0,
    "out_group_constraint_amplifications": 0,
    "group_extinction_events": 0
  },
  "interaction_metrics": {
    "total_interactions": 382982,
    "avg_interaction_processing_time": 0.0
  }
}