{
  "run_id": 289,
  "parameters": {
    "shock_interval_years": 2,
    "homophily_bias": 0.0,
    "num_groups": 1,
    "out_group_trust_bias": 1.187681520452902,
    "out_group_penalty": 1.391451906022909,
    "intervention_interval": 0,
    "intervention_scale": 0.058617813281016604,
    "event_bonus": 1.9340930167336556,
    "base_trust_delta": 0.13723648535618174,
    "group_trust_bias": 1.280224943874411,
    "resilience_profile": {
      "threshold": 0.27598225985983177,
      "noise": 0.07045873749403879
    },
    "turnover_rate": 0.030121328589557454,
    "social_diffusion": 0.09099127312802209,
    "max_rounds": 300,
    "initial_population": 200,
    "max_population": 800,
    "maslow_variation": 0.5,
    "constraint_threshold_range": [
      0.2,
      0.8
    ],
    "recovery_threshold": 0.15,
    "cooperation_bonus": 0.2,
    "trust_threshold": 0.6,
    "max_relationships_per_person": 150
  },
  "outcomes": {
    "final_cooperation_rate": 0.8553137003841229,
    "behavioral_cooperation_rate": 0.44552032792370755,
    "final_constrained_rate": 0.1446862996158771,
    "final_population": 781,
    "extinction_occurred": false,
    "rounds_completed": 300,
    "first_cascade_round": null,
    "total_cascade_events": 0,
    "total_shock_events": 27,
    "total_defections": 238570,
    "total_redemptions": 2767,
    "net_strategy_change": 235803,
    "total_births": 882,
    "total_deaths": 300,
    "max_population_reached": 800,
    "population_stability": 0.010038090887190002,
    "population_growth": 4.0,
    "avg_system_stress": 7.174570916344141,
    "max_system_stress": 9.856583161835173,
    "avg_maslow_pressure": 0.07603614698192002,
    "avg_basic_needs_crisis_rate": 0.25096030729833546,
    "avg_trust_level": 0.6759307965683121,
    "cooperation_benefit_total": 0,
    "cooperation_resilience": 0.8553137003841229
  },
  "maslow_hierarchy": {
    "initial_needs_avg": {
      "physiological": 4.8511089330212815,
      "safety": 4.723309180784709,
      "love": 5.098016000500136,
      "esteem": 5.147091339332392,
      "self_actualization": 5.328428912223153
    },
    "final_needs_avg": {
      "physiological": 5.575924193554248,
      "safety": 5.461896412822202,
      "love": 9.435207855519035,
      "esteem": 2.136410538102896,
      "self_actualization": 5.588158547507301
    },
    "needs_improvement": {
      "physiological": 0.7248152605329663,
      "safety": 0.7385872320374922,
      "love": 4.337191855018899,
      "esteem": -3.010680801229496,
      "self_actualization": 0.25972963528414805
    }
  },
  "inter_group_metrics": {
    "final_group_populations": {
      "A": 781
    },
    "final_group_cooperation_rates": {
      "A": 0.8553137003841229
    },
    "in_group_interaction_rate": 1.0,
    "out_group_interaction_rate": 0.0,
    "avg_in_group_trust": 0.6759307965683121,
    "avg_out_group_trust": 0.6759307965683121,
    "trust_asymmetry": 0.0,
    "group_segregation_index": 1.0,
    "total_mixing_events": 0,
    "mixing_event_success_rate": 0,
    "reputational_spillover_events": 0,
    "out_group_constraint_amplifications": 0,
    "group_extinction_events": 0
  },
  "interaction_metrics": {
    "total_interactions": 334712,
    "avg_interaction_processing_time": 0.0
  }
}