{
  "run_id": 403,
  "parameters": {
    "shock_interval_years": 2,
    "homophily_bias": 0.0,
    "num_groups": 1,
    "out_group_trust_bias": 0.9519489480460349,
    "out_group_penalty": 1.3099997768586413,
    "intervention_interval": 0,
    "intervention_scale": 0.1032029174908241,
    "event_bonus": 2.2408302176999895,
    "base_trust_delta": 0.17339107270732618,
    "group_trust_bias": 1.4696388708276338,
    "resilience_profile": {
      "threshold": 0.31319172226483655,
      "noise": 0.051971564158778835
    },
    "turnover_rate": 0.035030640750983416,
    "social_diffusion": 0.06330223198042344,
    "max_rounds": 300,
    "initial_population": 200,
    "max_population": 800,
    "maslow_variation": 0.5,
    "constraint_threshold_range": [
      0.2,
      0.8
    ],
    "recovery_threshold": 0.15,
    "cooperation_bonus": 0.2,
    "trust_threshold": 0.6,
    "max_relationships_per_person": 150
  },
  "outcomes": {
    "final_cooperation_rate": 0.29020100502512564,
    "behavioral_cooperation_rate": 0.4357346234997845,
    "final_constrained_rate": 0.7097989949748744,
    "final_population": 796,
    "extinction_occurred": false,
    "rounds_completed": 300,
    "first_cascade_round": null,
    "total_cascade_events": 0,
    "total_shock_events": 29,
    "total_defections": 261693,
    "total_redemptions": 2800,
    "net_strategy_change": 258893,
    "total_births": 890,
    "total_deaths": 292,
    "max_population_reached": 800,
    "population_stability": 0.004088213837955409,
    "population_growth": 4.0,
    "avg_system_stress": 6.817696783651644,
    "max_system_stress": 14.798564979159403,
    "avg_maslow_pressure": 0.0984346729260551,
    "avg_basic_needs_crisis_rate": 0.27638190954773867,
    "avg_trust_level": 0.7191121532598245,
    "cooperation_benefit_total": 0,
    "cooperation_resilience": 0.29020100502512564
  },
  "maslow_hierarchy": {
    "initial_needs_avg": {
      "physiological": 4.811399900390186,
      "safety": 4.806447495510116,
      "love": 4.909281596838212,
      "esteem": 4.969960935778951,
      "self_actualization": 4.936624567219428
    },
    "final_needs_avg": {
      "physiological": 5.0712902143657885,
      "safety": 5.353837029734417,
      "love": 7.8686593880214035,
      "esteem": 1.3957074130533056,
      "self_actualization": 5.6603867947279705
    },
    "needs_improvement": {
      "physiological": 0.25989031397560236,
      "safety": 0.5473895342243011,
      "love": 2.9593777911831918,
      "esteem": -3.574253522725645,
      "self_actualization": 0.7237622275085425
    }
  },
  "inter_group_metrics": {
    "final_group_populations": {
      "A": 796
    },
    "final_group_cooperation_rates": {
      "A": 0.29020100502512564
    },
    "in_group_interaction_rate": 1.0,
    "out_group_interaction_rate": 0.0,
    "avg_in_group_trust": 0.7191121532598245,
    "avg_out_group_trust": 0.7191121532598245,
    "trust_asymmetry": 0.0,
    "group_segregation_index": 1.0,
    "total_mixing_events": 0,
    "mixing_event_success_rate": 0,
    "reputational_spillover_events": 0,
    "out_group_constraint_amplifications": 0,
    "group_extinction_events": 0
  },
  "interaction_metrics": {
    "total_interactions": 352616,
    "avg_interaction_processing_time": 0.0
  }
}