{
  "run_id": 463,
  "parameters": {
    "shock_interval_years": 5,
    "homophily_bias": 0.513654574719002,
    "num_groups": 3,
    "out_group_trust_bias": 0.9501892161584862,
    "out_group_penalty": 1.4429299130001918,
    "intervention_interval": 15,
    "intervention_scale": 0.064081711018816,
    "event_bonus": 1.6614661655923304,
    "base_trust_delta": 0.13051375457831904,
    "group_trust_bias": 1.2023614302455032,
    "resilience_profile": {
      "threshold": 0.39870303861329826,
      "noise": 0.14104397702678378
    },
    "turnover_rate": 0.026217236064047467,
    "social_diffusion": 0.0035463606576020437,
    "max_rounds": 300,
    "initial_population": 200,
    "max_population": 800,
    "maslow_variation": 0.5,
    "constraint_threshold_range": [
      0.2,
      0.8
    ],
    "recovery_threshold": 0.15,
    "cooperation_bonus": 0.2,
    "trust_threshold": 0.6,
    "max_relationships_per_person": 150
  },
  "outcomes": {
    "final_cooperation_rate": 0.9316688567674113,
    "behavioral_cooperation_rate": 0.3397171827966371,
    "final_constrained_rate": 0.0683311432325887,
    "final_population": 761,
    "extinction_occurred": false,
    "rounds_completed": 300,
    "first_cascade_round": null,
    "total_cascade_events": 0,
    "total_shock_events": 10,
    "total_defections": 310912,
    "total_redemptions": 1795,
    "net_strategy_change": 309117,
    "total_births": 849,
    "total_deaths": 287,
    "max_population_reached": 800,
    "population_stability": 0.020029735790519657,
    "population_growth": 4.0,
    "avg_system_stress": 3.8216083640764875,
    "max_system_stress": 5.071550308232942,
    "avg_maslow_pressure": 0.07189695066371284,
    "avg_basic_needs_crisis_rate": 0.2890932982917214,
    "avg_trust_level": 0.5468679026349009,
    "cooperation_benefit_total": 0,
    "cooperation_resilience": 0.9316688567674113
  },
  "maslow_hierarchy": {
    "initial_needs_avg": {
      "physiological": 4.97924536086953,
      "safety": 4.925542890278565,
      "love": 5.260059823271795,
      "esteem": 5.138842698137405,
      "self_actualization": 5.197798717048608
    },
    "final_needs_avg": {
      "physiological": 5.194118248318246,
      "safety": 5.300774640125501,
      "love": 9.287024982519158,
      "esteem": 3.573315368616748,
      "self_actualization": 5.77568652960796
    },
    "needs_improvement": {
      "physiological": 0.21487288744871602,
      "safety": 0.37523174984693597,
      "love": 4.026965159247363,
      "esteem": -1.5655273295206573,
      "self_actualization": 0.5778878125593518
    }
  },
  "inter_group_metrics": {
    "final_group_populations": {
      "A": 218,
      "B": 283,
      "C": 260
    },
    "final_group_cooperation_rates": {
      "A": 0.9357798165137615,
      "B": 0.9399293286219081,
      "C": 0.9192307692307692
    },
    "in_group_interaction_rate": 0.6737256710520576,
    "out_group_interaction_rate": 0.32627432894794245,
    "avg_in_group_trust": 0.6526438435808108,
    "avg_out_group_trust": 0.44109196168899095,
    "trust_asymmetry": 0.2115518818918199,
    "group_segregation_index": 0.6737256710520576,
    "total_mixing_events": 20,
    "mixing_event_success_rate": 1.0,
    "reputational_spillover_events": 0,
    "out_group_constraint_amplifications": 0,
    "group_extinction_events": 0
  },
  "interaction_metrics": {
    "total_interactions": 320914,
    "avg_interaction_processing_time": 0.0
  }
}