{
  "run_id": 285,
  "parameters": {
    "shock_interval_years": 2,
    "homophily_bias": 0.28569795315895957,
    "num_groups": 2,
    "out_group_trust_bias": 0.8196248217200304,
    "out_group_penalty": 1.2218261182200982,
    "intervention_interval": 10,
    "intervention_scale": 0.06464290206883054,
    "event_bonus": 1.6216014429645074,
    "base_trust_delta": 0.17505146475157313,
    "group_trust_bias": 1.5540186361453536,
    "resilience_profile": {
      "threshold": 0.39772558948568393,
      "noise": 0.10402979393095918
    },
    "turnover_rate": 0.04212239328984976,
    "social_diffusion": 0.02603623006262803,
    "max_rounds": 300,
    "initial_population": 200,
    "max_population": 800,
    "maslow_variation": 0.5,
    "constraint_threshold_range": [
      0.2,
      0.8
    ],
    "recovery_threshold": 0.15,
    "cooperation_bonus": 0.2,
    "trust_threshold": 0.6,
    "max_relationships_per_person": 150
  },
  "outcomes": {
    "final_cooperation_rate": 0.4633838383838384,
    "behavioral_cooperation_rate": 0.1323330796522783,
    "final_constrained_rate": 0.5366161616161617,
    "final_population": 792,
    "extinction_occurred": false,
    "rounds_completed": 300,
    "first_cascade_round": null,
    "total_cascade_events": 0,
    "total_shock_events": 38,
    "total_defections": 524878,
    "total_redemptions": 4916,
    "net_strategy_change": 519962,
    "total_births": 930,
    "total_deaths": 336,
    "max_population_reached": 800,
    "population_stability": 0.0021937480450567783,
    "population_growth": 4.0,
    "avg_system_stress": 8.74076167203275,
    "max_system_stress": 16.76849885024212,
    "avg_maslow_pressure": 0.14249974616172834,
    "avg_basic_needs_crisis_rate": 0.3055555555555556,
    "avg_trust_level": 0.40191888018940425,
    "cooperation_benefit_total": 0,
    "cooperation_resilience": 0.4633838383838384
  },
  "maslow_hierarchy": {
    "initial_needs_avg": {
      "physiological": 4.417133916702125,
      "safety": 5.285409661773535,
      "love": 5.4640379031983795,
      "esteem": 5.149312519231946,
      "self_actualization": 4.982394635469833
    },
    "final_needs_avg": {
      "physiological": 4.637844889190158,
      "safety": 5.754816430036693,
      "love": 5.7883397521942355,
      "esteem": 0.7703711001033237,
      "self_actualization": 5.308363080863882
    },
    "needs_improvement": {
      "physiological": 0.22071097248803362,
      "safety": 0.4694067682631582,
      "love": 0.324301848995856,
      "esteem": -4.378941419128623,
      "self_actualization": 0.32596844539404835
    }
  },
  "inter_group_metrics": {
    "final_group_populations": {
      "A": 418,
      "B": 374
    },
    "final_group_cooperation_rates": {
      "A": 0.44019138755980863,
      "B": 0.4893048128342246
    },
    "in_group_interaction_rate": 0.6421006935139828,
    "out_group_interaction_rate": 0.3578993064860172,
    "avg_in_group_trust": 0.45948381777444935,
    "avg_out_group_trust": 0.3443539426043591,
    "trust_asymmetry": 0.11512987517009027,
    "group_segregation_index": 0.6421006935139828,
    "total_mixing_events": 30,
    "mixing_event_success_rate": 1.0,
    "reputational_spillover_events": 0,
    "out_group_constraint_amplifications": 0,
    "group_extinction_events": 0
  },
  "interaction_metrics": {
    "total_interactions": 373172,
    "avg_interaction_processing_time": 0.0
  }
}