{
  "run_id": 159,
  "parameters": {
    "shock_interval_years": 20,
    "homophily_bias": 0.0,
    "num_groups": 1,
    "out_group_trust_bias": 0.8393946068263725,
    "out_group_penalty": 1.4701459995071047,
    "intervention_interval": 0,
    "intervention_scale": 0.102241272609283,
    "event_bonus": 2.0340551447689927,
    "base_trust_delta": 0.11239474841126243,
    "group_trust_bias": 1.7354591599257683,
    "resilience_profile": {
      "threshold": 0.3610351050854296,
      "noise": 1.4788564916839996e-05
    },
    "turnover_rate": 0.03534419832315497,
    "social_diffusion": 0.04743870141223483,
    "max_rounds": 300,
    "initial_population": 200,
    "max_population": 800,
    "maslow_variation": 0.5,
    "constraint_threshold_range": [
      0.2,
      0.8
    ],
    "recovery_threshold": 0.15,
    "cooperation_bonus": 0.2,
    "trust_threshold": 0.6,
    "max_relationships_per_person": 150
  },
  "outcomes": {
    "final_cooperation_rate": 0.9886506935687264,
    "behavioral_cooperation_rate": 0.7510734760734761,
    "final_constrained_rate": 0.011349306431273645,
    "final_population": 793,
    "extinction_occurred": false,
    "rounds_completed": 300,
    "first_cascade_round": null,
    "total_cascade_events": 0,
    "total_shock_events": 3,
    "total_defections": 91541,
    "total_redemptions": 34,
    "net_strategy_change": 91507,
    "total_births": 894,
    "total_deaths": 300,
    "max_population_reached": 800,
    "population_stability": 0.0031378119028719056,
    "population_growth": 4.0,
    "avg_system_stress": 0.11803104701498185,
    "max_system_stress": 0.8829279840705149,
    "avg_maslow_pressure": 0.02396752873859602,
    "avg_basic_needs_crisis_rate": 0.15384615384615385,
    "avg_trust_level": 0.7731578564213274,
    "cooperation_benefit_total": 0,
    "cooperation_resilience": 0.9886506935687264
  },
  "maslow_hierarchy": {
    "initial_needs_avg": {
      "physiological": 5.2356816469685405,
      "safety": 4.793520068687399,
      "love": 5.100781637061267,
      "esteem": 5.020600180141036,
      "self_actualization": 5.032592215899177
    },
    "final_needs_avg": {
      "physiological": 6.280155289008493,
      "safety": 5.837759152509482,
      "love": 9.935017573979172,
      "esteem": 5.771919049512173,
      "self_actualization": 5.758524601821551
    },
    "needs_improvement": {
      "physiological": 1.0444736420399527,
      "safety": 1.0442390838220827,
      "love": 4.834235936917905,
      "esteem": 0.7513188693711363,
      "self_actualization": 0.7259323859223743
    }
  },
  "inter_group_metrics": {
    "final_group_populations": {
      "A": 793
    },
    "final_group_cooperation_rates": {
      "A": 0.9886506935687264
    },
    "in_group_interaction_rate": 1.0,
    "out_group_interaction_rate": 0.0,
    "avg_in_group_trust": 0.7731578564213274,
    "avg_out_group_trust": 0.7731578564213274,
    "trust_asymmetry": 0.0,
    "group_segregation_index": 1.0,
    "total_mixing_events": 0,
    "mixing_event_success_rate": 0,
    "reputational_spillover_events": 0,
    "out_group_constraint_amplifications": 0,
    "group_extinction_events": 0
  },
  "interaction_metrics": {
    "total_interactions": 341880,
    "avg_interaction_processing_time": 0.0
  }
}