{
  "run_id": 373,
  "parameters": {
    "shock_interval_years": 10,
    "homophily_bias": 0.6555542819068146,
    "num_groups": 2,
    "out_group_trust_bias": 1.1974962311064847,
    "out_group_penalty": 1.398989367056775,
    "intervention_interval": 20,
    "intervention_scale": 0.1889423392872981,
    "event_bonus": 1.841144164431105,
    "base_trust_delta": 0.17889329819833644,
    "group_trust_bias": 1.9495299886380377,
    "resilience_profile": {
      "threshold": 0.3275540211894267,
      "noise": 0.05712701213940591
    },
    "turnover_rate": 0.027052143187140908,
    "social_diffusion": 0.0842494820509212,
    "max_rounds": 300,
    "initial_population": 200,
    "max_population": 800,
    "maslow_variation": 0.5,
    "constraint_threshold_range": [
      0.2,
      0.8
    ],
    "recovery_threshold": 0.15,
    "cooperation_bonus": 0.2,
    "trust_threshold": 0.6,
    "max_relationships_per_person": 150
  },
  "outcomes": {
    "final_cooperation_rate": 0.9630102040816326,
    "behavioral_cooperation_rate": 0.5733780073090722,
    "final_constrained_rate": 0.036989795918367346,
    "final_population": 784,
    "extinction_occurred": false,
    "rounds_completed": 300,
    "first_cascade_round": null,
    "total_cascade_events": 0,
    "total_shock_events": 8,
    "total_defections": 163953,
    "total_redemptions": 1193,
    "net_strategy_change": 162760,
    "total_births": 847,
    "total_deaths": 261,
    "max_population_reached": 800,
    "population_stability": 0.019067600956739258,
    "population_growth": 4.0,
    "avg_system_stress": 0.9419996835878859,
    "max_system_stress": 2.082930795123679,
    "avg_maslow_pressure": 0.05130623161340495,
    "avg_basic_needs_crisis_rate": 0.23469387755102042,
    "avg_trust_level": 0.6180249650016372,
    "cooperation_benefit_total": 0,
    "cooperation_resilience": 0.9630102040816326
  },
  "maslow_hierarchy": {
    "initial_needs_avg": {
      "physiological": 5.036277060020441,
      "safety": 4.985915613480328,
      "love": 5.242315121694839,
      "esteem": 5.134061308538612,
      "self_actualization": 4.692853756854259
    },
    "final_needs_avg": {
      "physiological": 5.709219037548199,
      "safety": 5.5693649252122475,
      "love": 9.489573605431517,
      "esteem": 4.990411611227665,
      "self_actualization": 5.330811698748172
    },
    "needs_improvement": {
      "physiological": 0.6729419775277581,
      "safety": 0.5834493117319193,
      "love": 4.247258483736678,
      "esteem": -0.14364969731094757,
      "self_actualization": 0.6379579418939132
    }
  },
  "inter_group_metrics": {
    "final_group_populations": {
      "A": 266,
      "B": 518
    },
    "final_group_cooperation_rates": {
      "A": 0.9511278195488722,
      "B": 0.9691119691119691
    },
    "in_group_interaction_rate": 0.8359901654896877,
    "out_group_interaction_rate": 0.1640098345103122,
    "avg_in_group_trust": 0.7848510221221633,
    "avg_out_group_trust": 0.4511989078811111,
    "trust_asymmetry": 0.3336521142410522,
    "group_segregation_index": 0.8359901654896877,
    "total_mixing_events": 15,
    "mixing_event_success_rate": 1.0,
    "reputational_spillover_events": 0,
    "out_group_constraint_amplifications": 0,
    "group_extinction_events": 0
  },
  "interaction_metrics": {
    "total_interactions": 299354,
    "avg_interaction_processing_time": 0.0
  }
}