{
  "run_id": 357,
  "parameters": {
    "shock_interval_years": 5,
    "homophily_bias": 0.2100579427871968,
    "num_groups": 2,
    "out_group_trust_bias": 1.1016915612519784,
    "out_group_penalty": 1.2746547350045678,
    "intervention_interval": 25,
    "intervention_scale": 0.131155672276213,
    "event_bonus": 2.1187203066924636,
    "base_trust_delta": 0.05272879285140011,
    "group_trust_bias": 1.5056251484881051,
    "resilience_profile": {
      "threshold": 0.27825966404332325,
      "noise": 0.11564341025809356
    },
    "turnover_rate": 0.03498415868278991,
    "social_diffusion": 0.0197189059228727,
    "max_rounds": 300,
    "initial_population": 200,
    "max_population": 800,
    "maslow_variation": 0.5,
    "constraint_threshold_range": [
      0.2,
      0.8
    ],
    "recovery_threshold": 0.15,
    "cooperation_bonus": 0.2,
    "trust_threshold": 0.6,
    "max_relationships_per_person": 150
  },
  "outcomes": {
    "final_cooperation_rate": 0.8813131313131313,
    "behavioral_cooperation_rate": 0.3241547271650174,
    "final_constrained_rate": 0.11868686868686869,
    "final_population": 792,
    "extinction_occurred": false,
    "rounds_completed": 300,
    "first_cascade_round": null,
    "total_cascade_events": 0,
    "total_shock_events": 14,
    "total_defections": 332774,
    "total_redemptions": 2314,
    "net_strategy_change": 330460,
    "total_births": 913,
    "total_deaths": 318,
    "max_population_reached": 800,
    "population_stability": 0.0070302799836049895,
    "population_growth": 4.0,
    "avg_system_stress": 2.0379375138772486,
    "max_system_stress": 4.8219100384973315,
    "avg_maslow_pressure": 0.06984348929467472,
    "avg_basic_needs_crisis_rate": 0.255050505050505,
    "avg_trust_level": 0.5425280145736032,
    "cooperation_benefit_total": 0,
    "cooperation_resilience": 0.8813131313131313
  },
  "maslow_hierarchy": {
    "initial_needs_avg": {
      "physiological": 4.907472106709798,
      "safety": 4.964769117486181,
      "love": 4.82469953988079,
      "esteem": 5.1032284677246835,
      "self_actualization": 5.328722258855943
    },
    "final_needs_avg": {
      "physiological": 5.367861173490084,
      "safety": 5.506540027778561,
      "love": 8.666161901512508,
      "esteem": 3.449679607076431,
      "self_actualization": 5.926091434796658
    },
    "needs_improvement": {
      "physiological": 0.46038906678028635,
      "safety": 0.5417709102923798,
      "love": 3.8414623616317183,
      "esteem": -1.6535488606482525,
      "self_actualization": 0.5973691759407149
    }
  },
  "inter_group_metrics": {
    "final_group_populations": {
      "A": 423,
      "B": 369
    },
    "final_group_cooperation_rates": {
      "A": 0.8912529550827423,
      "B": 0.8699186991869918
    },
    "in_group_interaction_rate": 0.6047979243916888,
    "out_group_interaction_rate": 0.3952020756083112,
    "avg_in_group_trust": 0.5646055379268741,
    "avg_out_group_trust": 0.5204504912203324,
    "trust_asymmetry": 0.04415504670654169,
    "group_segregation_index": 0.6047979243916888,
    "total_mixing_events": 12,
    "mixing_event_success_rate": 1.0,
    "reputational_spillover_events": 0,
    "out_group_constraint_amplifications": 0,
    "group_extinction_events": 0
  },
  "interaction_metrics": {
    "total_interactions": 364616,
    "avg_interaction_processing_time": 0.0
  }
}