{
  "run_id": 242,
  "parameters": {
    "shock_interval_years": 10,
    "homophily_bias": 0.0,
    "num_groups": 1,
    "out_group_trust_bias": 1.0914548572014617,
    "out_group_penalty": 1.3763469724945387,
    "intervention_interval": 0,
    "intervention_scale": 0.05757247237622952,
    "event_bonus": 1.5704599888541,
    "base_trust_delta": 0.13371070133515534,
    "group_trust_bias": 1.3882562348865986,
    "resilience_profile": {
      "threshold": 0.20908307856267183,
      "noise": 0.09328119990754719
    },
    "turnover_rate": 0.03536429105845125,
    "social_diffusion": 0.015117459606514061,
    "max_rounds": 300,
    "initial_population": 200,
    "max_population": 800,
    "maslow_variation": 0.5,
    "constraint_threshold_range": [
      0.2,
      0.8
    ],
    "recovery_threshold": 0.15,
    "cooperation_bonus": 0.2,
    "trust_threshold": 0.6,
    "max_relationships_per_person": 150
  },
  "outcomes": {
    "final_cooperation_rate": 0.9561952440550688,
    "behavioral_cooperation_rate": 0.6256482155008565,
    "final_constrained_rate": 0.04380475594493116,
    "final_population": 799,
    "extinction_occurred": false,
    "rounds_completed": 300,
    "first_cascade_round": null,
    "total_cascade_events": 0,
    "total_shock_events": 12,
    "total_defections": 152692,
    "total_redemptions": 822,
    "net_strategy_change": 151870,
    "total_births": 899,
    "total_deaths": 300,
    "max_population_reached": 800,
    "population_stability": 0.014850067633514184,
    "population_growth": 4.0,
    "avg_system_stress": 1.876673325538643,
    "max_system_stress": 3.2030274563923875,
    "avg_maslow_pressure": 0.03204024251813461,
    "avg_basic_needs_crisis_rate": 0.19774718397997496,
    "avg_trust_level": 0.746309378320631,
    "cooperation_benefit_total": 0,
    "cooperation_resilience": 0.9561952440550688
  },
  "maslow_hierarchy": {
    "initial_needs_avg": {
      "physiological": 5.1396967968299805,
      "safety": 4.80858591493292,
      "love": 5.087686354881435,
      "esteem": 4.958315540560218,
      "self_actualization": 5.139366540817356
    },
    "final_needs_avg": {
      "physiological": 6.076247632503753,
      "safety": 5.49110544224679,
      "love": 9.81656980323499,
      "esteem": 4.454511516708504,
      "self_actualization": 6.056909407940059
    },
    "needs_improvement": {
      "physiological": 0.9365508356737724,
      "safety": 0.68251952731387,
      "love": 4.728883448353556,
      "esteem": -0.5038040238517141,
      "self_actualization": 0.9175428671227026
    }
  },
  "inter_group_metrics": {
    "final_group_populations": {
      "A": 799
    },
    "final_group_cooperation_rates": {
      "A": 0.9561952440550688
    },
    "in_group_interaction_rate": 1.0,
    "out_group_interaction_rate": 0.0,
    "avg_in_group_trust": 0.746309378320631,
    "avg_out_group_trust": 0.746309378320631,
    "trust_asymmetry": 0.0,
    "group_segregation_index": 1.0,
    "total_mixing_events": 0,
    "mixing_event_success_rate": 0,
    "reputational_spillover_events": 0,
    "out_group_constraint_amplifications": 0,
    "group_extinction_events": 0
  },
  "interaction_metrics": {
    "total_interactions": 340936,
    "avg_interaction_processing_time": 0.0
  }
}