{
  "run_id": 338,
  "parameters": {
    "shock_interval_years": 2,
    "homophily_bias": 0.039052963124270514,
    "num_groups": 2,
    "out_group_trust_bias": 0.9692357940000536,
    "out_group_penalty": 1.3431453243583753,
    "intervention_interval": 25,
    "intervention_scale": 0.06486483975087985,
    "event_bonus": 1.5848506318676876,
    "base_trust_delta": 0.19961173010332445,
    "group_trust_bias": 1.5875938410438906,
    "resilience_profile": {
      "threshold": 0.26606885752427645,
      "noise": 0.03476777806794266
    },
    "turnover_rate": 0.048539404215184864,
    "social_diffusion": 0.05834154628901599,
    "max_rounds": 300,
    "initial_population": 200,
    "max_population": 800,
    "maslow_variation": 0.5,
    "constraint_threshold_range": [
      0.2,
      0.8
    ],
    "recovery_threshold": 0.15,
    "cooperation_bonus": 0.2,
    "trust_threshold": 0.6,
    "max_relationships_per_person": 150
  },
  "outcomes": {
    "final_cooperation_rate": 0.3822784810126582,
    "behavioral_cooperation_rate": 0.026636462241874128,
    "final_constrained_rate": 0.6177215189873417,
    "final_population": 790,
    "extinction_occurred": false,
    "rounds_completed": 300,
    "first_cascade_round": null,
    "total_cascade_events": 0,
    "total_shock_events": 26,
    "total_defections": 659821,
    "total_redemptions": 4487,
    "net_strategy_change": 655334,
    "total_births": 955,
    "total_deaths": 362,
    "max_population_reached": 800,
    "population_stability": 0.0026152547160967613,
    "population_growth": 4.0,
    "avg_system_stress": 7.528938313773407,
    "max_system_stress": 9.932364837977557,
    "avg_maslow_pressure": 0.17531955005122646,
    "avg_basic_needs_crisis_rate": 0.2670886075949367,
    "avg_trust_level": 0.17861251398979727,
    "cooperation_benefit_total": 0,
    "cooperation_resilience": 0.3822784810126582
  },
  "maslow_hierarchy": {
    "initial_needs_avg": {
      "physiological": 5.093625264659491,
      "safety": 5.371414673737909,
      "love": 4.9717969978244945,
      "esteem": 4.931886389878053,
      "self_actualization": 5.175168017160327
    },
    "final_needs_avg": {
      "physiological": 5.282562415412838,
      "safety": 5.358948754654294,
      "love": 2.58102652659156,
      "esteem": 0.9692242697050633,
      "self_actualization": 5.318008514229402
    },
    "needs_improvement": {
      "physiological": 0.18893715075334683,
      "safety": -0.012465919083614274,
      "love": -2.3907704712329343,
      "esteem": -3.9626621201729897,
      "self_actualization": 0.1428404970690753
    }
  },
  "inter_group_metrics": {
    "final_group_populations": {
      "A": 429,
      "B": 361
    },
    "final_group_cooperation_rates": {
      "A": 0.4382284382284382,
      "B": 0.3157894736842105
    },
    "in_group_interaction_rate": 0.5216542890802182,
    "out_group_interaction_rate": 0.47834571091978184,
    "avg_in_group_trust": 0.20969546647549958,
    "avg_out_group_trust": 0.147529561504095,
    "trust_asymmetry": 0.06216590497140459,
    "group_segregation_index": 0.5216542890802182,
    "total_mixing_events": 12,
    "mixing_event_success_rate": 1.0,
    "reputational_spillover_events": 0,
    "out_group_constraint_amplifications": 0,
    "group_extinction_events": 0
  },
  "interaction_metrics": {
    "total_interactions": 385374,
    "avg_interaction_processing_time": 0.0
  }
}