{
  "run_id": 230,
  "parameters": {
    "shock_interval_years": 5,
    "homophily_bias": 0.28037146626750736,
    "num_groups": 2,
    "out_group_trust_bias": 1.1748001070508223,
    "out_group_penalty": 1.2037166733469795,
    "intervention_interval": 25,
    "intervention_scale": 0.11413284384719315,
    "event_bonus": 2.0363310529766467,
    "base_trust_delta": 0.186134094182498,
    "group_trust_bias": 1.633057082893811,
    "resilience_profile": {
      "threshold": 0.3280645974592374,
      "noise": 0.052305905467260785
    },
    "turnover_rate": 0.0398381312441637,
    "social_diffusion": 0.03538860635398322,
    "max_rounds": 300,
    "initial_population": 200,
    "max_population": 800,
    "maslow_variation": 0.5,
    "constraint_threshold_range": [
      0.2,
      0.8
    ],
    "recovery_threshold": 0.15,
    "cooperation_bonus": 0.2,
    "trust_threshold": 0.6,
    "max_relationships_per_person": 150
  },
  "outcomes": {
    "final_cooperation_rate": 0.9610552763819096,
    "behavioral_cooperation_rate": 0.4577384073915888,
    "final_constrained_rate": 0.038944723618090454,
    "final_population": 796,
    "extinction_occurred": false,
    "rounds_completed": 300,
    "first_cascade_round": null,
    "total_cascade_events": 0,
    "total_shock_events": 7,
    "total_defections": 266786,
    "total_redemptions": 836,
    "net_strategy_change": 265950,
    "total_births": 928,
    "total_deaths": 332,
    "max_population_reached": 800,
    "population_stability": 0.0037149947825585385,
    "population_growth": 4.0,
    "avg_system_stress": 0.3680492924226126,
    "max_system_stress": 0.7072050796836404,
    "avg_maslow_pressure": 0.02965024056782044,
    "avg_basic_needs_crisis_rate": 0.1658291457286432,
    "avg_trust_level": 0.696892182822932,
    "cooperation_benefit_total": 0,
    "cooperation_resilience": 0.9610552763819096
  },
  "maslow_hierarchy": {
    "initial_needs_avg": {
      "physiological": 5.5015607589193385,
      "safety": 5.057472058527668,
      "love": 4.992955579212328,
      "esteem": 4.858557986893326,
      "self_actualization": 5.173455484319576
    },
    "final_needs_avg": {
      "physiological": 6.104025956314144,
      "safety": 5.825133686234713,
      "love": 9.675272807311154,
      "esteem": 5.205383705163404,
      "self_actualization": 6.000195147813835
    },
    "needs_improvement": {
      "physiological": 0.6024651973948059,
      "safety": 0.7676616277070449,
      "love": 4.682317228098826,
      "esteem": 0.346825718270078,
      "self_actualization": 0.8267396634942585
    }
  },
  "inter_group_metrics": {
    "final_group_populations": {
      "B": 456,
      "A": 340
    },
    "final_group_cooperation_rates": {
      "B": 0.9758771929824561,
      "A": 0.9411764705882353
    },
    "in_group_interaction_rate": 0.6407386182400103,
    "out_group_interaction_rate": 0.3592613817599896,
    "avg_in_group_trust": 0.8061150935366419,
    "avg_out_group_trust": 0.5876692721092222,
    "trust_asymmetry": 0.21844582142741975,
    "group_segregation_index": 0.6407386182400103,
    "total_mixing_events": 12,
    "mixing_event_success_rate": 1.0,
    "reputational_spillover_events": 0,
    "out_group_constraint_amplifications": 0,
    "group_extinction_events": 0
  },
  "interaction_metrics": {
    "total_interactions": 369934,
    "avg_interaction_processing_time": 0.0
  }
}