{
  "run_id": 64,
  "parameters": {
    "shock_interval_years": 5,
    "homophily_bias": 0.12738967756442918,
    "num_groups": 3,
    "out_group_trust_bias": 0.9116844311204798,
    "out_group_penalty": 1.390649540109386,
    "intervention_interval": 10,
    "intervention_scale": 0.26899948341563734,
    "event_bonus": 1.5350504411381243,
    "base_trust_delta": 0.19099214969590078,
    "group_trust_bias": 1.924675034779259,
    "resilience_profile": {
      "threshold": 0.16302378377735188,
      "noise": 0.09271074381106767
    },
    "turnover_rate": 0.028834789004855692,
    "social_diffusion": 0.05822806877168771,
    "max_rounds": 300,
    "initial_population": 200,
    "max_population": 800,
    "maslow_variation": 0.5,
    "constraint_threshold_range": [
      0.2,
      0.8
    ],
    "recovery_threshold": 0.15,
    "cooperation_bonus": 0.2,
    "trust_threshold": 0.6,
    "max_relationships_per_person": 150
  },
  "outcomes": {
    "final_cooperation_rate": 0.27284263959390864,
    "behavioral_cooperation_rate": 0.010893155791596982,
    "final_constrained_rate": 0.7271573604060914,
    "final_population": 788,
    "extinction_occurred": false,
    "rounds_completed": 300,
    "first_cascade_round": null,
    "total_cascade_events": 0,
    "total_shock_events": 14,
    "total_defections": 568668,
    "total_redemptions": 5019,
    "net_strategy_change": 563649,
    "total_births": 866,
    "total_deaths": 278,
    "max_population_reached": 800,
    "population_stability": 0.022127280058660426,
    "population_growth": 4.0,
    "avg_system_stress": 2.571074686308821,
    "max_system_stress": 3.925590749338035,
    "avg_maslow_pressure": 0.18940315040855435,
    "avg_basic_needs_crisis_rate": 0.3096446700507614,
    "avg_trust_level": 0.15371421807994587,
    "cooperation_benefit_total": 0,
    "cooperation_resilience": 0.27284263959390864
  },
  "maslow_hierarchy": {
    "initial_needs_avg": {
      "physiological": 5.064016855718321,
      "safety": 4.913760175147347,
      "love": 4.570194861854896,
      "esteem": 4.763395062531583,
      "self_actualization": 4.881174337332779
    },
    "final_needs_avg": {
      "physiological": 5.091346958499909,
      "safety": 5.097336635342006,
      "love": 1.9104963740879533,
      "esteem": 0.962633124065668,
      "self_actualization": 5.386969447971253
    },
    "needs_improvement": {
      "physiological": 0.02733010278158865,
      "safety": 0.18357646019465879,
      "love": -2.6596984877669425,
      "esteem": -3.8007619384659144,
      "self_actualization": 0.5057951106384735
    }
  },
  "inter_group_metrics": {
    "final_group_populations": {
      "B": 252,
      "A": 270,
      "C": 266
    },
    "final_group_cooperation_rates": {
      "B": 0.24603174603174602,
      "A": 0.3,
      "C": 0.2706766917293233
    },
    "in_group_interaction_rate": 0.4196178937558248,
    "out_group_interaction_rate": 0.5803821062441752,
    "avg_in_group_trust": 0.12251797054561918,
    "avg_out_group_trust": 0.18491046561427257,
    "trust_asymmetry": -0.062392495068653395,
    "group_segregation_index": 0.4196178937558248,
    "total_mixing_events": 30,
    "mixing_event_success_rate": 1.0,
    "reputational_spillover_events": 0,
    "out_group_constraint_amplifications": 0,
    "group_extinction_events": 0
  },
  "interaction_metrics": {
    "total_interactions": 313316,
    "avg_interaction_processing_time": 0.0
  }
}