{
  "run_id": 148,
  "parameters": {
    "shock_interval_years": 2,
    "homophily_bias": 0.49831042672159126,
    "num_groups": 3,
    "out_group_trust_bias": 1.009152550713096,
    "out_group_penalty": 1.3767329418658545,
    "intervention_interval": 15,
    "intervention_scale": 0.26588790179081156,
    "event_bonus": 2.052277629261888,
    "base_trust_delta": 0.15919195033761774,
    "group_trust_bias": 1.2226667674939826,
    "resilience_profile": {
      "threshold": 0.16285294724501953,
      "noise": 0.02158012913497315
    },
    "turnover_rate": 0.02761278922120479,
    "social_diffusion": 0.09809217479846172,
    "max_rounds": 300,
    "initial_population": 200,
    "max_population": 800,
    "maslow_variation": 0.5,
    "constraint_threshold_range": [
      0.2,
      0.8
    ],
    "recovery_threshold": 0.15,
    "cooperation_bonus": 0.2,
    "trust_threshold": 0.6,
    "max_relationships_per_person": 150
  },
  "outcomes": {
    "final_cooperation_rate": 0.3819796954314721,
    "behavioral_cooperation_rate": 0.03875077413076174,
    "final_constrained_rate": 0.618020304568528,
    "final_population": 788,
    "extinction_occurred": false,
    "rounds_completed": 300,
    "first_cascade_round": null,
    "total_cascade_events": 0,
    "total_shock_events": 35,
    "total_defections": 538629,
    "total_redemptions": 2782,
    "net_strategy_change": 535847,
    "total_births": 857,
    "total_deaths": 267,
    "max_population_reached": 800,
    "population_stability": 0.019513300685325648,
    "population_growth": 4.0,
    "avg_system_stress": 9.906186510749937,
    "max_system_stress": 18.07607075577502,
    "avg_maslow_pressure": 0.16555040749676386,
    "avg_basic_needs_crisis_rate": 0.31091370558375636,
    "avg_trust_level": 0.209100801980539,
    "cooperation_benefit_total": 0,
    "cooperation_resilience": 0.3819796954314721
  },
  "maslow_hierarchy": {
    "initial_needs_avg": {
      "physiological": 4.9620829209275845,
      "safety": 5.228836303500193,
      "love": 5.34118061563195,
      "esteem": 4.968367086143465,
      "self_actualization": 4.9716341608907495
    },
    "final_needs_avg": {
      "physiological": 5.320498310857498,
      "safety": 5.310804719988493,
      "love": 3.3328760100169763,
      "esteem": 1.341034660951028,
      "self_actualization": 5.067649584120949
    },
    "needs_improvement": {
      "physiological": 0.3584153899299132,
      "safety": 0.08196841648829967,
      "love": -2.008304605614974,
      "esteem": -3.627332425192437,
      "self_actualization": 0.09601542323019974
    }
  },
  "inter_group_metrics": {
    "final_group_populations": {
      "B": 239,
      "C": 292,
      "A": 257
    },
    "final_group_cooperation_rates": {
      "B": 0.3514644351464435,
      "C": 0.4041095890410959,
      "A": 0.3852140077821012
    },
    "in_group_interaction_rate": 0.6637207568155105,
    "out_group_interaction_rate": 0.3362792431844896,
    "avg_in_group_trust": 0.17546741489865797,
    "avg_out_group_trust": 0.24273418906241997,
    "trust_asymmetry": -0.067266774163762,
    "group_segregation_index": 0.6637207568155105,
    "total_mixing_events": 20,
    "mixing_event_success_rate": 1.0,
    "reputational_spillover_events": 0,
    "out_group_constraint_amplifications": 0,
    "group_extinction_events": 0
  },
  "interaction_metrics": {
    "total_interactions": 316484,
    "avg_interaction_processing_time": 0.0
  }
}