{
  "run_id": 151,
  "parameters": {
    "shock_interval_years": 20,
    "homophily_bias": 0.0,
    "num_groups": 1,
    "out_group_trust_bias": 1.065914751311413,
    "out_group_penalty": 1.3637002188964895,
    "intervention_interval": 0,
    "intervention_scale": 0.09655836594826632,
    "event_bonus": 2.0425265792543152,
    "base_trust_delta": 0.07538477819345073,
    "group_trust_bias": 1.7004084524811802,
    "resilience_profile": {
      "threshold": 0.12277007435556107,
      "noise": 0.002406013497514298
    },
    "turnover_rate": 0.049004904195802855,
    "social_diffusion": 0.030223137507370792,
    "max_rounds": 300,
    "initial_population": 200,
    "max_population": 800,
    "maslow_variation": 0.5,
    "constraint_threshold_range": [
      0.2,
      0.8
    ],
    "recovery_threshold": 0.15,
    "cooperation_bonus": 0.2,
    "trust_threshold": 0.6,
    "max_relationships_per_person": 150
  },
  "outcomes": {
    "final_cooperation_rate": 0.9961928934010152,
    "behavioral_cooperation_rate": 0.6614952620343304,
    "final_constrained_rate": 0.0038071065989847717,
    "final_population": 788,
    "extinction_occurred": false,
    "rounds_completed": 300,
    "first_cascade_round": null,
    "total_cascade_events": 0,
    "total_shock_events": 7,
    "total_defections": 153008,
    "total_redemptions": 357,
    "net_strategy_change": 152651,
    "total_births": 979,
    "total_deaths": 385,
    "max_population_reached": 800,
    "population_stability": 0.003920694950500174,
    "population_growth": 4.0,
    "avg_system_stress": 1.3486639630700992,
    "max_system_stress": 2.288100148218315,
    "avg_maslow_pressure": 0.03546470293313058,
    "avg_basic_needs_crisis_rate": 0.18781725888324874,
    "avg_trust_level": 0.686662032913178,
    "cooperation_benefit_total": 0,
    "cooperation_resilience": 0.9961928934010152
  },
  "maslow_hierarchy": {
    "initial_needs_avg": {
      "physiological": 4.92121532652433,
      "safety": 5.010085725017505,
      "love": 5.3672237394284075,
      "esteem": 4.76535637295234,
      "self_actualization": 4.76984138448953
    },
    "final_needs_avg": {
      "physiological": 5.78204573960781,
      "safety": 5.748467039671087,
      "love": 9.949360462594226,
      "esteem": 4.999414793203819,
      "self_actualization": 5.7412391511754235
    },
    "needs_improvement": {
      "physiological": 0.8608304130834794,
      "safety": 0.7383813146535818,
      "love": 4.582136723165819,
      "esteem": 0.23405842025147905,
      "self_actualization": 0.9713977666858931
    }
  },
  "inter_group_metrics": {
    "final_group_populations": {
      "A": 788
    },
    "final_group_cooperation_rates": {
      "A": 0.9961928934010152
    },
    "in_group_interaction_rate": 1.0,
    "out_group_interaction_rate": 0.0,
    "avg_in_group_trust": 0.686662032913178,
    "avg_out_group_trust": 0.686662032913178,
    "trust_asymmetry": 0.0,
    "group_segregation_index": 1.0,
    "total_mixing_events": 0,
    "mixing_event_success_rate": 0,
    "reputational_spillover_events": 0,
    "out_group_constraint_amplifications": 0,
    "group_extinction_events": 0
  },
  "interaction_metrics": {
    "total_interactions": 390674,
    "avg_interaction_processing_time": 0.0
  }
}