{
  "run_id": 292,
  "parameters": {
    "shock_interval_years": 10,
    "homophily_bias": 0.3512452761820936,
    "num_groups": 2,
    "out_group_trust_bias": 1.180964435233867,
    "out_group_penalty": 1.2671603290497253,
    "intervention_interval": 15,
    "intervention_scale": 0.21689821023909395,
    "event_bonus": 2.294954479104564,
    "base_trust_delta": 0.12669205414198398,
    "group_trust_bias": 1.8923562411387986,
    "resilience_profile": {
      "threshold": 0.10384291842988035,
      "noise": 0.06135044766412136
    },
    "turnover_rate": 0.024477486791091685,
    "social_diffusion": 0.05585486906788746,
    "max_rounds": 300,
    "initial_population": 200,
    "max_population": 800,
    "maslow_variation": 0.5,
    "constraint_threshold_range": [
      0.2,
      0.8
    ],
    "recovery_threshold": 0.15,
    "cooperation_bonus": 0.2,
    "trust_threshold": 0.6,
    "max_relationships_per_person": 150
  },
  "outcomes": {
    "final_cooperation_rate": 0.5979772439949431,
    "behavioral_cooperation_rate": 0.07923916228796521,
    "final_constrained_rate": 0.4020227560050569,
    "final_population": 791,
    "extinction_occurred": false,
    "rounds_completed": 300,
    "first_cascade_round": null,
    "total_cascade_events": 0,
    "total_shock_events": 8,
    "total_defections": 448091,
    "total_redemptions": 1855,
    "net_strategy_change": 446236,
    "total_births": 865,
    "total_deaths": 271,
    "max_population_reached": 799,
    "population_stability": 0.016460042440366127,
    "population_growth": 3.995,
    "avg_system_stress": 1.171182476068199,
    "max_system_stress": 3.2488257182938414,
    "avg_maslow_pressure": 0.126251112083119,
    "avg_basic_needs_crisis_rate": 0.32364096080910243,
    "avg_trust_level": 0.25561605755394395,
    "cooperation_benefit_total": 0,
    "cooperation_resilience": 0.5979772439949431
  },
  "maslow_hierarchy": {
    "initial_needs_avg": {
      "physiological": 4.999058103807608,
      "safety": 4.865855563383217,
      "love": 4.842609167733245,
      "esteem": 5.0517723088072986,
      "self_actualization": 5.167253619603755
    },
    "final_needs_avg": {
      "physiological": 5.168468732375622,
      "safety": 4.922678672916851,
      "love": 5.570552549373977,
      "esteem": 2.4871283510490527,
      "self_actualization": 5.51496687732455
    },
    "needs_improvement": {
      "physiological": 0.1694106285680146,
      "safety": 0.05682310953363334,
      "love": 0.7279433816407321,
      "esteem": -2.564643957758246,
      "self_actualization": 0.34771325772079553
    }
  },
  "inter_group_metrics": {
    "final_group_populations": {
      "A": 391,
      "B": 400
    },
    "final_group_cooperation_rates": {
      "A": 0.6138107416879796,
      "B": 0.5825
    },
    "in_group_interaction_rate": 0.6731171583760981,
    "out_group_interaction_rate": 0.3268828416239019,
    "avg_in_group_trust": 0.24841678163116004,
    "avg_out_group_trust": 0.26281533347672786,
    "trust_asymmetry": -0.01439855184556782,
    "group_segregation_index": 0.6731171583760981,
    "total_mixing_events": 20,
    "mixing_event_success_rate": 1.0,
    "reputational_spillover_events": 0,
    "out_group_constraint_amplifications": 0,
    "group_extinction_events": 0
  },
  "interaction_metrics": {
    "total_interactions": 293466,
    "avg_interaction_processing_time": 0.0
  }
}