{
  "run_id": 488,
  "parameters": {
    "shock_interval_years": 20,
    "homophily_bias": 0.0,
    "num_groups": 1,
    "out_group_trust_bias": 1.0841125413228156,
    "out_group_penalty": 1.4061465445159116,
    "intervention_interval": 0,
    "intervention_scale": 0.13557430114529756,
    "event_bonus": 1.6449401325667883,
    "base_trust_delta": 0.055537116407096486,
    "group_trust_bias": 1.8136100245311602,
    "resilience_profile": {
      "threshold": 0.16624792374305752,
      "noise": 0.12525776973962602
    },
    "turnover_rate": 0.03978170674836855,
    "social_diffusion": 0.047238495320153506,
    "max_rounds": 300,
    "initial_population": 200,
    "max_population": 800,
    "maslow_variation": 0.5,
    "constraint_threshold_range": [
      0.2,
      0.8
    ],
    "recovery_threshold": 0.15,
    "cooperation_bonus": 0.2,
    "trust_threshold": 0.6,
    "max_relationships_per_person": 150
  },
  "outcomes": {
    "final_cooperation_rate": 0.9024081115335868,
    "behavioral_cooperation_rate": 0.7487883240493004,
    "final_constrained_rate": 0.09759188846641319,
    "final_population": 789,
    "extinction_occurred": false,
    "rounds_completed": 300,
    "first_cascade_round": null,
    "total_cascade_events": 0,
    "total_shock_events": 7,
    "total_defections": 98664,
    "total_redemptions": 252,
    "net_strategy_change": 98412,
    "total_births": 910,
    "total_deaths": 317,
    "max_population_reached": 800,
    "population_stability": 0.004479534143873879,
    "population_growth": 4.0,
    "avg_system_stress": 0.2525932680003102,
    "max_system_stress": 1.235030359555155,
    "avg_maslow_pressure": 0.03152340290311652,
    "avg_basic_needs_crisis_rate": 0.18377693282636248,
    "avg_trust_level": 0.6545966635245085,
    "cooperation_benefit_total": 0,
    "cooperation_resilience": 0.9024081115335868
  },
  "maslow_hierarchy": {
    "initial_needs_avg": {
      "physiological": 4.838039798944146,
      "safety": 4.987509945172717,
      "love": 5.085400933729204,
      "esteem": 5.135157774966241,
      "self_actualization": 4.956776589599671
    },
    "final_needs_avg": {
      "physiological": 5.796568965260298,
      "safety": 6.011408008408564,
      "love": 9.654601765283726,
      "esteem": 5.443616578186152,
      "self_actualization": 5.767683775026907
    },
    "needs_improvement": {
      "physiological": 0.9585291663161524,
      "safety": 1.0238980632358468,
      "love": 4.569200831554522,
      "esteem": 0.3084588032199109,
      "self_actualization": 0.8109071854272365
    }
  },
  "inter_group_metrics": {
    "final_group_populations": {
      "A": 789
    },
    "final_group_cooperation_rates": {
      "A": 0.9024081115335868
    },
    "in_group_interaction_rate": 1.0,
    "out_group_interaction_rate": 0.0,
    "avg_in_group_trust": 0.6545966635245085,
    "avg_out_group_trust": 0.6545966635245085,
    "trust_asymmetry": 0.0,
    "group_segregation_index": 1.0,
    "total_mixing_events": 0,
    "mixing_event_success_rate": 0,
    "reputational_spillover_events": 0,
    "out_group_constraint_amplifications": 0,
    "group_extinction_events": 0
  },
  "interaction_metrics": {
    "total_interactions": 364784,
    "avg_interaction_processing_time": 0.0
  }
}