{
  "run_id": 393,
  "parameters": {
    "shock_interval_years": 2,
    "homophily_bias": 0.0,
    "num_groups": 1,
    "out_group_trust_bias": 1.0604810092132493,
    "out_group_penalty": 1.2205842865735135,
    "intervention_interval": 0,
    "intervention_scale": 0.05154545408170545,
    "event_bonus": 1.747090339997214,
    "base_trust_delta": 0.13698265653681513,
    "group_trust_bias": 1.3595892970874883,
    "resilience_profile": {
      "threshold": 0.27858123918689337,
      "noise": 0.13841125568038445
    },
    "turnover_rate": 0.04279809085758,
    "social_diffusion": 0.04922944838914384,
    "max_rounds": 300,
    "initial_population": 200,
    "max_population": 800,
    "maslow_variation": 0.5,
    "constraint_threshold_range": [
      0.2,
      0.8
    ],
    "recovery_threshold": 0.15,
    "cooperation_bonus": 0.2,
    "trust_threshold": 0.6,
    "max_relationships_per_person": 150
  },
  "outcomes": {
    "final_cooperation_rate": 0.7490542244640606,
    "behavioral_cooperation_rate": 0.472344293392349,
    "final_constrained_rate": 0.2509457755359395,
    "final_population": 793,
    "extinction_occurred": false,
    "rounds_completed": 300,
    "first_cascade_round": null,
    "total_cascade_events": 0,
    "total_shock_events": 28,
    "total_defections": 254991,
    "total_redemptions": 2567,
    "net_strategy_change": 252424,
    "total_births": 939,
    "total_deaths": 344,
    "max_population_reached": 800,
    "population_stability": 0.002604510530727156,
    "population_growth": 4.0,
    "avg_system_stress": 6.380372126859699,
    "max_system_stress": 9.89026515704125,
    "avg_maslow_pressure": 0.08207512729459138,
    "avg_basic_needs_crisis_rate": 0.28247162673392184,
    "avg_trust_level": 0.6907265153745846,
    "cooperation_benefit_total": 0,
    "cooperation_resilience": 0.7490542244640606
  },
  "maslow_hierarchy": {
    "initial_needs_avg": {
      "physiological": 4.812134005103066,
      "safety": 4.768127889318878,
      "love": 5.062536019779021,
      "esteem": 4.995863577530068,
      "self_actualization": 4.866378539126246
    },
    "final_needs_avg": {
      "physiological": 5.1991152425604374,
      "safety": 5.318731524279618,
      "love": 8.682760463449913,
      "esteem": 2.0734834385730436,
      "self_actualization": 5.71428153213442
    },
    "needs_improvement": {
      "physiological": 0.38698123745737156,
      "safety": 0.5506036349607397,
      "love": 3.6202244436708924,
      "esteem": -2.9223801389570245,
      "self_actualization": 0.8479029930081738
    }
  },
  "inter_group_metrics": {
    "final_group_populations": {
      "A": 793
    },
    "final_group_cooperation_rates": {
      "A": 0.7490542244640606
    },
    "in_group_interaction_rate": 1.0,
    "out_group_interaction_rate": 0.0,
    "avg_in_group_trust": 0.6907265153745846,
    "avg_out_group_trust": 0.6907265153745846,
    "trust_asymmetry": 0.0,
    "group_segregation_index": 1.0,
    "total_mixing_events": 0,
    "mixing_event_success_rate": 0,
    "reputational_spillover_events": 0,
    "out_group_constraint_amplifications": 0,
    "group_extinction_events": 0
  },
  "interaction_metrics": {
    "total_interactions": 379560,
    "avg_interaction_processing_time": 0.0
  }
}