{
  "run_id": 241,
  "parameters": {
    "shock_interval_years": 2,
    "homophily_bias": 0.6520388065138158,
    "num_groups": 2,
    "out_group_trust_bias": 1.0550177182286684,
    "out_group_penalty": 1.1405124161505462,
    "intervention_interval": 10,
    "intervention_scale": 0.23298481692544587,
    "event_bonus": 2.0385784738178288,
    "base_trust_delta": 0.1841193522116088,
    "group_trust_bias": 1.9080749485590982,
    "resilience_profile": {
      "threshold": 0.2426832463872154,
      "noise": 0.09076897876638783
    },
    "turnover_rate": 0.04664084564855335,
    "social_diffusion": 0.0526925284596527,
    "max_rounds": 300,
    "initial_population": 200,
    "max_population": 800,
    "maslow_variation": 0.5,
    "constraint_threshold_range": [
      0.2,
      0.8
    ],
    "recovery_threshold": 0.15,
    "cooperation_bonus": 0.2,
    "trust_threshold": 0.6,
    "max_relationships_per_person": 150
  },
  "outcomes": {
    "final_cooperation_rate": 0.8297055057618438,
    "behavioral_cooperation_rate": 0.36929938548035557,
    "final_constrained_rate": 0.1702944942381562,
    "final_population": 781,
    "extinction_occurred": false,
    "rounds_completed": 300,
    "first_cascade_round": null,
    "total_cascade_events": 0,
    "total_shock_events": 26,
    "total_defections": 337726,
    "total_redemptions": 3362,
    "net_strategy_change": 334364,
    "total_births": 963,
    "total_deaths": 379,
    "max_population_reached": 800,
    "population_stability": 0.005152630498282908,
    "population_growth": 4.0,
    "avg_system_stress": 5.072153167732009,
    "max_system_stress": 9.92162080692163,
    "avg_maslow_pressure": 0.06103808278185482,
    "avg_basic_needs_crisis_rate": 0.19718309859154928,
    "avg_trust_level": 0.716348766724554,
    "cooperation_benefit_total": 0,
    "cooperation_resilience": 0.8297055057618438
  },
  "maslow_hierarchy": {
    "initial_needs_avg": {
      "physiological": 5.273741879164227,
      "safety": 4.982005356891619,
      "love": 4.765030485753051,
      "esteem": 5.084082724715664,
      "self_actualization": 5.0235508741646715
    },
    "final_needs_avg": {
      "physiological": 5.939074046448603,
      "safety": 5.6831053727559935,
      "love": 8.869467591858964,
      "esteem": 3.2637512886314233,
      "self_actualization": 5.306205727133675
    },
    "needs_improvement": {
      "physiological": 0.6653321672843759,
      "safety": 0.7011000158643741,
      "love": 4.104437106105912,
      "esteem": -1.8203314360842406,
      "self_actualization": 0.28265485296900383
    }
  },
  "inter_group_metrics": {
    "final_group_populations": {
      "B": 342,
      "A": 439
    },
    "final_group_cooperation_rates": {
      "B": 0.8304093567251462,
      "A": 0.8291571753986332
    },
    "in_group_interaction_rate": 0.8255556303356303,
    "out_group_interaction_rate": 0.17444436966436977,
    "avg_in_group_trust": 0.7609042409771042,
    "avg_out_group_trust": 0.671793292472004,
    "trust_asymmetry": 0.08911094850510015,
    "group_segregation_index": 0.8255556303356303,
    "total_mixing_events": 30,
    "mixing_event_success_rate": 1.0,
    "reputational_spillover_events": 0,
    "out_group_constraint_amplifications": 0,
    "group_extinction_events": 0
  },
  "interaction_metrics": {
    "total_interactions": 386318,
    "avg_interaction_processing_time": 0.0
  }
}