{
  "run_id": 329,
  "parameters": {
    "shock_interval_years": 5,
    "homophily_bias": 0.5152310911718249,
    "num_groups": 2,
    "out_group_trust_bias": 0.8381029747268154,
    "out_group_penalty": 1.4245780191973734,
    "intervention_interval": 10,
    "intervention_scale": 0.29165898177917654,
    "event_bonus": 2.485400111227896,
    "base_trust_delta": 0.08819702538149296,
    "group_trust_bias": 1.2677872117486415,
    "resilience_profile": {
      "threshold": 0.35206495149302497,
      "noise": 0.06933853582046197
    },
    "turnover_rate": 0.04693545840381842,
    "social_diffusion": 0.02301418616338652,
    "max_rounds": 300,
    "initial_population": 200,
    "max_population": 800,
    "maslow_variation": 0.5,
    "constraint_threshold_range": [
      0.2,
      0.8
    ],
    "recovery_threshold": 0.15,
    "cooperation_bonus": 0.2,
    "trust_threshold": 0.6,
    "max_relationships_per_person": 150
  },
  "outcomes": {
    "final_cooperation_rate": 0.7153652392947103,
    "behavioral_cooperation_rate": 0.5327119942180943,
    "final_constrained_rate": 0.28463476070528965,
    "final_population": 794,
    "extinction_occurred": false,
    "rounds_completed": 300,
    "first_cascade_round": null,
    "total_cascade_events": 0,
    "total_shock_events": 10,
    "total_defections": 217120,
    "total_redemptions": 2075,
    "net_strategy_change": 215045,
    "total_births": 925,
    "total_deaths": 330,
    "max_population_reached": 800,
    "population_stability": 0.0033484349178898093,
    "population_growth": 4.0,
    "avg_system_stress": 0.6709014494333086,
    "max_system_stress": 2.2498278665986917,
    "avg_maslow_pressure": 0.03792792982817608,
    "avg_basic_needs_crisis_rate": 0.18639798488664988,
    "avg_trust_level": 0.7694170235825142,
    "cooperation_benefit_total": 0,
    "cooperation_resilience": 0.7153652392947103
  },
  "maslow_hierarchy": {
    "initial_needs_avg": {
      "physiological": 5.207394526275732,
      "safety": 5.249506359662122,
      "love": 5.035012223707581,
      "esteem": 4.8741369273651465,
      "self_actualization": 5.183360513483519
    },
    "final_needs_avg": {
      "physiological": 5.887295962699238,
      "safety": 5.9750078528754775,
      "love": 8.740676851618158,
      "esteem": 5.439804504469111,
      "self_actualization": 5.942542595131639
    },
    "needs_improvement": {
      "physiological": 0.6799014364235054,
      "safety": 0.7255014932133559,
      "love": 3.7056646279105765,
      "esteem": 0.5656675771039641,
      "self_actualization": 0.7591820816481194
    }
  },
  "inter_group_metrics": {
    "final_group_populations": {
      "B": 390,
      "A": 404
    },
    "final_group_cooperation_rates": {
      "B": 0.7384615384615385,
      "A": 0.693069306930693
    },
    "in_group_interaction_rate": 0.7570224264586907,
    "out_group_interaction_rate": 0.24297757354130933,
    "avg_in_group_trust": 0.7283803854738108,
    "avg_out_group_trust": 0.8104536616912177,
    "trust_asymmetry": -0.0820732762174069,
    "group_segregation_index": 0.7570224264586907,
    "total_mixing_events": 30,
    "mixing_event_success_rate": 1.0,
    "reputational_spillover_events": 0,
    "out_group_constraint_amplifications": 0,
    "group_extinction_events": 0
  },
  "interaction_metrics": {
    "total_interactions": 370812,
    "avg_interaction_processing_time": 0.0
  }
}