{
  "run_id": 421,
  "parameters": {
    "shock_interval_years": 5,
    "homophily_bias": 0.5724018035334415,
    "num_groups": 3,
    "out_group_trust_bias": 0.8686989584059662,
    "out_group_penalty": 1.4634707441223629,
    "intervention_interval": 10,
    "intervention_scale": 0.06521602144077489,
    "event_bonus": 1.5216789382188767,
    "base_trust_delta": 0.15709274679242025,
    "group_trust_bias": 1.244546872593911,
    "resilience_profile": {
      "threshold": 0.10686044598912305,
      "noise": 0.029380582703323936
    },
    "turnover_rate": 0.026876632757391813,
    "social_diffusion": 0.0990851590232121,
    "max_rounds": 300,
    "initial_population": 200,
    "max_population": 800,
    "maslow_variation": 0.5,
    "constraint_threshold_range": [
      0.2,
      0.8
    ],
    "recovery_threshold": 0.15,
    "cooperation_bonus": 0.2,
    "trust_threshold": 0.6,
    "max_relationships_per_person": 150
  },
  "outcomes": {
    "final_cooperation_rate": 0.4002509410288582,
    "behavioral_cooperation_rate": 0.031721835075493615,
    "final_constrained_rate": 0.5997490589711418,
    "final_population": 797,
    "extinction_occurred": false,
    "rounds_completed": 300,
    "first_cascade_round": null,
    "total_cascade_events": 0,
    "total_shock_events": 22,
    "total_defections": 544491,
    "total_redemptions": 2732,
    "net_strategy_change": 541759,
    "total_births": 877,
    "total_deaths": 279,
    "max_population_reached": 800,
    "population_stability": 0.010943557486652555,
    "population_growth": 4.0,
    "avg_system_stress": 6.05663540526044,
    "max_system_stress": 9.427787564275743,
    "avg_maslow_pressure": 0.19540830594747094,
    "avg_basic_needs_crisis_rate": 0.35006273525721454,
    "avg_trust_level": 0.1926838769223559,
    "cooperation_benefit_total": 0,
    "cooperation_resilience": 0.4002509410288582
  },
  "maslow_hierarchy": {
    "initial_needs_avg": {
      "physiological": 4.815748872690754,
      "safety": 4.93685027061442,
      "love": 5.0535885860334195,
      "esteem": 5.215196504967247,
      "self_actualization": 4.797326701175284
    },
    "final_needs_avg": {
      "physiological": 4.9229530442512015,
      "safety": 4.944973214270652,
      "love": 2.7953692949548903,
      "esteem": 1.047349064791157,
      "self_actualization": 4.948028733941364
    },
    "needs_improvement": {
      "physiological": 0.10720417156044793,
      "safety": 0.008122943656231563,
      "love": -2.2582192910785293,
      "esteem": -4.16784744017609,
      "self_actualization": 0.1507020327660804
    }
  },
  "inter_group_metrics": {
    "final_group_populations": {
      "B": 311,
      "C": 268,
      "A": 218
    },
    "final_group_cooperation_rates": {
      "B": 0.4340836012861736,
      "C": 0.3880597014925373,
      "A": 0.3669724770642202
    },
    "in_group_interaction_rate": 0.7149800535272434,
    "out_group_interaction_rate": 0.28501994647275664,
    "avg_in_group_trust": 0.14845984067772242,
    "avg_out_group_trust": 0.23690791316698934,
    "trust_asymmetry": -0.08844807248926692,
    "group_segregation_index": 0.7149800535272434,
    "total_mixing_events": 30,
    "mixing_event_success_rate": 1.0,
    "reputational_spillover_events": 0,
    "out_group_constraint_amplifications": 0,
    "group_extinction_events": 0
  },
  "interaction_metrics": {
    "total_interactions": 316848,
    "avg_interaction_processing_time": 0.0
  }
}