{
  "run_id": 314,
  "parameters": {
    "shock_interval_years": 2,
    "homophily_bias": 0.0,
    "num_groups": 1,
    "out_group_trust_bias": 1.0490986836410137,
    "out_group_penalty": 1.319218811987286,
    "intervention_interval": 0,
    "intervention_scale": 0.17985684162995041,
    "event_bonus": 2.184908935762989,
    "base_trust_delta": 0.10341104797767675,
    "group_trust_bias": 1.2339684751615112,
    "resilience_profile": {
      "threshold": 0.27386132377587086,
      "noise": 0.11916371807632337
    },
    "turnover_rate": 0.020763930784089488,
    "social_diffusion": 0.06511645878450224,
    "max_rounds": 300,
    "initial_population": 200,
    "max_population": 800,
    "maslow_variation": 0.5,
    "constraint_threshold_range": [
      0.2,
      0.8
    ],
    "recovery_threshold": 0.15,
    "cooperation_bonus": 0.2,
    "trust_threshold": 0.6,
    "max_relationships_per_person": 150
  },
  "outcomes": {
    "final_cooperation_rate": 0.3686274509803922,
    "behavioral_cooperation_rate": 0.3224512703705828,
    "final_constrained_rate": 0.6313725490196078,
    "final_population": 510,
    "extinction_occurred": false,
    "rounds_completed": 300,
    "first_cascade_round": null,
    "total_cascade_events": 0,
    "total_shock_events": 40,
    "total_defections": 228615,
    "total_redemptions": 3158,
    "net_strategy_change": 225457,
    "total_births": 573,
    "total_deaths": 261,
    "max_population_reached": 628,
    "population_stability": 0.006083613098898432,
    "population_growth": 3.14,
    "avg_system_stress": 7.054655664199975,
    "max_system_stress": 19.193673014631553,
    "avg_maslow_pressure": 0.12628562012093691,
    "avg_basic_needs_crisis_rate": 0.28823529411764703,
    "avg_trust_level": 0.48365645210082986,
    "cooperation_benefit_total": 0,
    "cooperation_resilience": 0.3686274509803922
  },
  "maslow_hierarchy": {
    "initial_needs_avg": {
      "physiological": 4.795771554370271,
      "safety": 4.9219076566198945,
      "love": 4.523920580697524,
      "esteem": 5.235638414457809,
      "self_actualization": 5.000020064564559
    },
    "final_needs_avg": {
      "physiological": 5.317748290182506,
      "safety": 5.16163131681601,
      "love": 6.5388541076933615,
      "esteem": 0.7098337744802647,
      "self_actualization": 5.338707178021126
    },
    "needs_improvement": {
      "physiological": 0.5219767358122356,
      "safety": 0.23972366019611524,
      "love": 2.0149335269958373,
      "esteem": -4.525804639977545,
      "self_actualization": 0.338687113456567
    }
  },
  "inter_group_metrics": {
    "final_group_populations": {
      "A": 510
    },
    "final_group_cooperation_rates": {
      "A": 0.3686274509803922
    },
    "in_group_interaction_rate": 1.0,
    "out_group_interaction_rate": 0.0,
    "avg_in_group_trust": 0.48365645210082986,
    "avg_out_group_trust": 0.48365645210082986,
    "trust_asymmetry": 0.0,
    "group_segregation_index": 1.0,
    "total_mixing_events": 0,
    "mixing_event_success_rate": 0,
    "reputational_spillover_events": 0,
    "out_group_constraint_amplifications": 0,
    "group_extinction_events": 0
  },
  "interaction_metrics": {
    "total_interactions": 244102,
    "avg_interaction_processing_time": 0.0
  }
}