{
  "run_id": 92,
  "parameters": {
    "shock_interval_years": 5,
    "homophily_bias": 0.0,
    "num_groups": 1,
    "out_group_trust_bias": 0.959505961655059,
    "out_group_penalty": 1.2902007888517182,
    "intervention_interval": 0,
    "intervention_scale": 0.15339267918671784,
    "event_bonus": 1.7182688847529173,
    "base_trust_delta": 0.14097861616440066,
    "group_trust_bias": 1.500031702082369,
    "resilience_profile": {
      "threshold": 0.35011307340223763,
      "noise": 0.11273832124025981
    },
    "turnover_rate": 0.03228211378656138,
    "social_diffusion": 0.036533310477562385,
    "max_rounds": 300,
    "initial_population": 200,
    "max_population": 800,
    "maslow_variation": 0.5,
    "constraint_threshold_range": [
      0.2,
      0.8
    ],
    "recovery_threshold": 0.15,
    "cooperation_bonus": 0.2,
    "trust_threshold": 0.6,
    "max_relationships_per_person": 150
  },
  "outcomes": {
    "final_cooperation_rate": 0.9282115869017632,
    "behavioral_cooperation_rate": 0.5654173714353542,
    "final_constrained_rate": 0.07178841309823678,
    "final_population": 794,
    "extinction_occurred": false,
    "rounds_completed": 300,
    "first_cascade_round": null,
    "total_cascade_events": 0,
    "total_shock_events": 17,
    "total_defections": 178707,
    "total_redemptions": 2167,
    "net_strategy_change": 176540,
    "total_births": 891,
    "total_deaths": 296,
    "max_population_reached": 800,
    "population_stability": 0.004357057066181502,
    "population_growth": 4.0,
    "avg_system_stress": 2.9483395728516153,
    "max_system_stress": 5.54655844583479,
    "avg_maslow_pressure": 0.05043486792836311,
    "avg_basic_needs_crisis_rate": 0.18261964735516373,
    "avg_trust_level": 0.7260404976870493,
    "cooperation_benefit_total": 0,
    "cooperation_resilience": 0.9282115869017632
  },
  "maslow_hierarchy": {
    "initial_needs_avg": {
      "physiological": 4.908485700801965,
      "safety": 4.888676643720409,
      "love": 4.772187174325932,
      "esteem": 4.837166984985415,
      "self_actualization": 5.0751730544368066
    },
    "final_needs_avg": {
      "physiological": 5.629969114372689,
      "safety": 5.968931035015735,
      "love": 9.381748460538999,
      "esteem": 3.056300474994006,
      "self_actualization": 5.961197224093919
    },
    "needs_improvement": {
      "physiological": 0.7214834135707244,
      "safety": 1.080254391295326,
      "love": 4.609561286213067,
      "esteem": -1.7808665099914087,
      "self_actualization": 0.8860241696571123
    }
  },
  "inter_group_metrics": {
    "final_group_populations": {
      "A": 794
    },
    "final_group_cooperation_rates": {
      "A": 0.9282115869017632
    },
    "in_group_interaction_rate": 1.0,
    "out_group_interaction_rate": 0.0,
    "avg_in_group_trust": 0.7260404976870493,
    "avg_out_group_trust": 0.7260404976870493,
    "trust_asymmetry": 0.0,
    "group_segregation_index": 1.0,
    "total_mixing_events": 0,
    "mixing_event_success_rate": 0,
    "reputational_spillover_events": 0,
    "out_group_constraint_amplifications": 0,
    "group_extinction_events": 0
  },
  "interaction_metrics": {
    "total_interactions": 336990,
    "avg_interaction_processing_time": 0.0
  }
}