{
  "run_id": 49,
  "parameters": {
    "shock_interval_years": 20,
    "homophily_bias": 0.0,
    "num_groups": 1,
    "out_group_trust_bias": 0.8364844890668863,
    "out_group_penalty": 1.2411259729283455,
    "intervention_interval": 0,
    "intervention_scale": 0.07288628134270698,
    "event_bonus": 2.2021641524968008,
    "base_trust_delta": 0.18140550868215094,
    "group_trust_bias": 1.9067747774042672,
    "resilience_profile": {
      "threshold": 0.3164899481420725,
      "noise": 0.1423912610213598
    },
    "turnover_rate": 0.044816435946221304,
    "social_diffusion": 0.09501557955419145,
    "max_rounds": 300,
    "initial_population": 200,
    "max_population": 800,
    "maslow_variation": 0.5,
    "constraint_threshold_range": [
      0.2,
      0.8
    ],
    "recovery_threshold": 0.15,
    "cooperation_bonus": 0.2,
    "trust_threshold": 0.6,
    "max_relationships_per_person": 150
  },
  "outcomes": {
    "final_cooperation_rate": 1.0,
    "behavioral_cooperation_rate": 0.7056888354554893,
    "final_constrained_rate": 0.0,
    "final_population": 798,
    "extinction_occurred": false,
    "rounds_completed": 300,
    "first_cascade_round": null,
    "total_cascade_events": 0,
    "total_shock_events": 3,
    "total_defections": 118645,
    "total_redemptions": 870,
    "net_strategy_change": 117775,
    "total_births": 907,
    "total_deaths": 308,
    "max_population_reached": 800,
    "population_stability": 0.0038967184654762044,
    "population_growth": 4.0,
    "avg_system_stress": 0.8424209667235009,
    "max_system_stress": 2.7024771178024505,
    "avg_maslow_pressure": 0.04422486683679555,
    "avg_basic_needs_crisis_rate": 0.24812030075187969,
    "avg_trust_level": 0.8840677611835125,
    "cooperation_benefit_total": 0,
    "cooperation_resilience": 1.0
  },
  "maslow_hierarchy": {
    "initial_needs_avg": {
      "physiological": 5.355060623668899,
      "safety": 4.557291740001765,
      "love": 4.888761958463218,
      "esteem": 4.969739331318235,
      "self_actualization": 4.7112396058466866
    },
    "final_needs_avg": {
      "physiological": 5.818486190300431,
      "safety": 5.183362914677707,
      "love": 9.972935265469872,
      "esteem": 4.833174222621211,
      "self_actualization": 5.52965358926025
    },
    "needs_improvement": {
      "physiological": 0.4634255666315319,
      "safety": 0.6260711746759418,
      "love": 5.084173307006654,
      "esteem": -0.13656510869702387,
      "self_actualization": 0.8184139834135635
    }
  },
  "inter_group_metrics": {
    "final_group_populations": {
      "A": 798
    },
    "final_group_cooperation_rates": {
      "A": 1.0
    },
    "in_group_interaction_rate": 1.0,
    "out_group_interaction_rate": 0.0,
    "avg_in_group_trust": 0.8840677611835125,
    "avg_out_group_trust": 0.8840677611835125,
    "trust_asymmetry": 0.0,
    "group_segregation_index": 1.0,
    "total_mixing_events": 0,
    "mixing_event_success_rate": 0,
    "reputational_spillover_events": 0,
    "out_group_constraint_amplifications": 0,
    "group_extinction_events": 0
  },
  "interaction_metrics": {
    "total_interactions": 365980,
    "avg_interaction_processing_time": 0.0
  }
}