{
  "run_id": 415,
  "parameters": {
    "shock_interval_years": 5,
    "homophily_bias": 0.47312220882130385,
    "num_groups": 3,
    "out_group_trust_bias": 1.0322351481697696,
    "out_group_penalty": 1.3818547534407248,
    "intervention_interval": 15,
    "intervention_scale": 0.2652498018666534,
    "event_bonus": 1.7541021455409518,
    "base_trust_delta": 0.17429659145202972,
    "group_trust_bias": 1.2584404961191353,
    "resilience_profile": {
      "threshold": 0.11487959153838617,
      "noise": 0.08808110605248862
    },
    "turnover_rate": 0.02314753604764223,
    "social_diffusion": 0.03540214668689411,
    "max_rounds": 300,
    "initial_population": 200,
    "max_population": 800,
    "maslow_variation": 0.5,
    "constraint_threshold_range": [
      0.2,
      0.8
    ],
    "recovery_threshold": 0.15,
    "cooperation_bonus": 0.2,
    "trust_threshold": 0.6,
    "max_relationships_per_person": 150
  },
  "outcomes": {
    "final_cooperation_rate": 0.2781954887218045,
    "behavioral_cooperation_rate": 0.038170507453343244,
    "final_constrained_rate": 0.7218045112781954,
    "final_population": 665,
    "extinction_occurred": false,
    "rounds_completed": 300,
    "first_cascade_round": null,
    "total_cascade_events": 0,
    "total_shock_events": 15,
    "total_defections": 434273,
    "total_redemptions": 2190,
    "net_strategy_change": 432083,
    "total_births": 716,
    "total_deaths": 250,
    "max_population_reached": 690,
    "population_stability": 0.02093127062122266,
    "population_growth": 3.45,
    "avg_system_stress": 2.110479241279488,
    "max_system_stress": 6.182918893701206,
    "avg_maslow_pressure": 0.16321988383514593,
    "avg_basic_needs_crisis_rate": 0.2721804511278195,
    "avg_trust_level": 0.15926251688327436,
    "cooperation_benefit_total": 0,
    "cooperation_resilience": 0.2781954887218045
  },
  "maslow_hierarchy": {
    "initial_needs_avg": {
      "physiological": 5.039756613821464,
      "safety": 4.761854964946304,
      "love": 5.254644741077909,
      "esteem": 4.689121829938945,
      "self_actualization": 4.977770019931323
    },
    "final_needs_avg": {
      "physiological": 5.427424524158987,
      "safety": 4.990151913905769,
      "love": 3.746949855255833,
      "esteem": 1.7043130964136226,
      "self_actualization": 4.816724932142787
    },
    "needs_improvement": {
      "physiological": 0.3876679103375231,
      "safety": 0.22829694895946506,
      "love": -1.507694885822076,
      "esteem": -2.9848087335253224,
      "self_actualization": -0.1610450877885361
    }
  },
  "inter_group_metrics": {
    "final_group_populations": {
      "B": 278,
      "A": 140,
      "C": 247
    },
    "final_group_cooperation_rates": {
      "B": 0.31654676258992803,
      "A": 0.2357142857142857,
      "C": 0.2591093117408907
    },
    "in_group_interaction_rate": 0.6534527954927815,
    "out_group_interaction_rate": 0.3465472045072186,
    "avg_in_group_trust": 0.14989872859172226,
    "avg_out_group_trust": 0.16862630517482644,
    "trust_asymmetry": -0.018727576583104172,
    "group_segregation_index": 0.6534527954927815,
    "total_mixing_events": 20,
    "mixing_event_success_rate": 1.0,
    "reputational_spillover_events": 0,
    "out_group_constraint_amplifications": 0,
    "group_extinction_events": 0
  },
  "interaction_metrics": {
    "total_interactions": 255590,
    "avg_interaction_processing_time": 0.0
  }
}