{
  "run_id": 458,
  "parameters": {
    "shock_interval_years": 2,
    "homophily_bias": 0.17883369694102946,
    "num_groups": 2,
    "out_group_trust_bias": 0.8024932306638185,
    "out_group_penalty": 1.2026127232860353,
    "intervention_interval": 25,
    "intervention_scale": 0.13432534766886212,
    "event_bonus": 1.755409848246401,
    "base_trust_delta": 0.12240800365080355,
    "group_trust_bias": 1.5672769171619971,
    "resilience_profile": {
      "threshold": 0.22607715435078,
      "noise": 0.12106254543887779
    },
    "turnover_rate": 0.04215214396279904,
    "social_diffusion": 0.03275618968412976,
    "max_rounds": 300,
    "initial_population": 200,
    "max_population": 800,
    "maslow_variation": 0.5,
    "constraint_threshold_range": [
      0.2,
      0.8
    ],
    "recovery_threshold": 0.15,
    "cooperation_bonus": 0.2,
    "trust_threshold": 0.6,
    "max_relationships_per_person": 150
  },
  "outcomes": {
    "final_cooperation_rate": 0.36742424242424243,
    "behavioral_cooperation_rate": 0.04079856901948741,
    "final_constrained_rate": 0.6325757575757576,
    "final_population": 792,
    "extinction_occurred": false,
    "rounds_completed": 300,
    "first_cascade_round": null,
    "total_cascade_events": 0,
    "total_shock_events": 40,
    "total_defections": 620420,
    "total_redemptions": 3806,
    "net_strategy_change": 616614,
    "total_births": 933,
    "total_deaths": 337,
    "max_population_reached": 800,
    "population_stability": 0.0033779529644083857,
    "population_growth": 4.0,
    "avg_system_stress": 8.915383159884367,
    "max_system_stress": 18.143681366357075,
    "avg_maslow_pressure": 0.20322286619390278,
    "avg_basic_needs_crisis_rate": 0.31186868686868685,
    "avg_trust_level": 0.2750909034235876,
    "cooperation_benefit_total": 0,
    "cooperation_resilience": 0.36742424242424243
  },
  "maslow_hierarchy": {
    "initial_needs_avg": {
      "physiological": 5.108447650916676,
      "safety": 4.761057457301777,
      "love": 5.412147954482325,
      "esteem": 5.289781467612547,
      "self_actualization": 4.82137950248612
    },
    "final_needs_avg": {
      "physiological": 5.381614732424734,
      "safety": 4.679698970166714,
      "love": 2.27436185207354,
      "esteem": 0.6147184782082161,
      "self_actualization": 4.831441038796408
    },
    "needs_improvement": {
      "physiological": 0.273167081508058,
      "safety": -0.08135848713506277,
      "love": -3.137786102408785,
      "esteem": -4.675062989404331,
      "self_actualization": 0.010061536310288055
    }
  },
  "inter_group_metrics": {
    "final_group_populations": {
      "B": 387,
      "A": 405
    },
    "final_group_cooperation_rates": {
      "B": 0.37209302325581395,
      "A": 0.362962962962963
    },
    "in_group_interaction_rate": 0.5891237938224313,
    "out_group_interaction_rate": 0.41087620617756876,
    "avg_in_group_trust": 0.22141053363907187,
    "avg_out_group_trust": 0.32877127320810334,
    "trust_asymmetry": -0.10736073956903147,
    "group_segregation_index": 0.5891237938224313,
    "total_mixing_events": 12,
    "mixing_event_success_rate": 1.0,
    "reputational_spillover_events": 0,
    "out_group_constraint_amplifications": 0,
    "group_extinction_events": 0
  },
  "interaction_metrics": {
    "total_interactions": 371214,
    "avg_interaction_processing_time": 0.0
  }
}