{
  "run_id": 387,
  "parameters": {
    "shock_interval_years": 10,
    "homophily_bias": 0.7827830307574346,
    "num_groups": 3,
    "out_group_trust_bias": 1.0291687401059537,
    "out_group_penalty": 1.3247287466203916,
    "intervention_interval": 25,
    "intervention_scale": 0.24019731585213616,
    "event_bonus": 2.2947384640292374,
    "base_trust_delta": 0.052893079997809095,
    "group_trust_bias": 1.5345920967884723,
    "resilience_profile": {
      "threshold": 0.1589310517108787,
      "noise": 0.035439486941334475
    },
    "turnover_rate": 0.03427535393324894,
    "social_diffusion": 0.055223881817023396,
    "max_rounds": 300,
    "initial_population": 200,
    "max_population": 800,
    "maslow_variation": 0.5,
    "constraint_threshold_range": [
      0.2,
      0.8
    ],
    "recovery_threshold": 0.15,
    "cooperation_bonus": 0.2,
    "trust_threshold": 0.6,
    "max_relationships_per_person": 150
  },
  "outcomes": {
    "final_cooperation_rate": 0.9849624060150376,
    "behavioral_cooperation_rate": 0.5844318109007031,
    "final_constrained_rate": 0.015037593984962405,
    "final_population": 798,
    "extinction_occurred": false,
    "rounds_completed": 300,
    "first_cascade_round": null,
    "total_cascade_events": 0,
    "total_shock_events": 8,
    "total_defections": 185118,
    "total_redemptions": 590,
    "net_strategy_change": 184528,
    "total_births": 896,
    "total_deaths": 296,
    "max_population_reached": 800,
    "population_stability": 0.0052428755163478535,
    "population_growth": 4.0,
    "avg_system_stress": 1.8546719530426266,
    "max_system_stress": 3.1259386952242583,
    "avg_maslow_pressure": 0.03843465404350589,
    "avg_basic_needs_crisis_rate": 0.21303258145363407,
    "avg_trust_level": 0.5996146229751966,
    "cooperation_benefit_total": 0,
    "cooperation_resilience": 0.9849624060150376
  },
  "maslow_hierarchy": {
    "initial_needs_avg": {
      "physiological": 5.371770993397818,
      "safety": 5.223038634829894,
      "love": 5.135335245750728,
      "esteem": 4.950727771219624,
      "self_actualization": 4.687294080974473
    },
    "final_needs_avg": {
      "physiological": 6.105221389083071,
      "safety": 5.578832358907391,
      "love": 9.917559461916206,
      "esteem": 5.185465072736458,
      "self_actualization": 5.47456487820808
    },
    "needs_improvement": {
      "physiological": 0.7334503956852529,
      "safety": 0.3557937240774969,
      "love": 4.782224216165478,
      "esteem": 0.23473730151683458,
      "self_actualization": 0.7872707972336066
    }
  },
  "inter_group_metrics": {
    "final_group_populations": {
      "A": 266,
      "C": 259,
      "B": 273
    },
    "final_group_cooperation_rates": {
      "A": 0.9924812030075187,
      "C": 0.9691119691119691,
      "B": 0.9926739926739927
    },
    "in_group_interaction_rate": 0.853640848803276,
    "out_group_interaction_rate": 0.14635915119672407,
    "avg_in_group_trust": 0.6414376600900631,
    "avg_out_group_trust": 0.5577915858603301,
    "trust_asymmetry": 0.08364607422973303,
    "group_segregation_index": 0.853640848803276,
    "total_mixing_events": 12,
    "mixing_event_success_rate": 1.0,
    "reputational_spillover_events": 0,
    "out_group_constraint_amplifications": 0,
    "group_extinction_events": 0
  },
  "interaction_metrics": {
    "total_interactions": 343354,
    "avg_interaction_processing_time": 0.0
  }
}