{
  "run_id": 29,
  "parameters": {
    "shock_interval_years": 5,
    "homophily_bias": 0.0,
    "num_groups": 1,
    "out_group_trust_bias": 0.9659535513883326,
    "out_group_penalty": 1.1968410130588574,
    "intervention_interval": 0,
    "intervention_scale": 0.22172805817992125,
    "event_bonus": 2.0275388211488354,
    "base_trust_delta": 0.1742175769855459,
    "group_trust_bias": 1.35211169179231,
    "resilience_profile": {
      "threshold": 0.280486799724057,
      "noise": 0.143162900270563
    },
    "turnover_rate": 0.04569917685615947,
    "social_diffusion": 0.01811179441632177,
    "max_rounds": 300,
    "initial_population": 200,
    "max_population": 800,
    "maslow_variation": 0.5,
    "constraint_threshold_range": [
      0.2,
      0.8
    ],
    "recovery_threshold": 0.15,
    "cooperation_bonus": 0.2,
    "trust_threshold": 0.6,
    "max_relationships_per_person": 150
  },
  "outcomes": {
    "final_cooperation_rate": 0.8598726114649682,
    "behavioral_cooperation_rate": 0.5845193775611324,
    "final_constrained_rate": 0.14012738853503184,
    "final_population": 785,
    "extinction_occurred": false,
    "rounds_completed": 300,
    "first_cascade_round": null,
    "total_cascade_events": 0,
    "total_shock_events": 12,
    "total_defections": 188187,
    "total_redemptions": 1542,
    "net_strategy_change": 186645,
    "total_births": 911,
    "total_deaths": 322,
    "max_population_reached": 800,
    "population_stability": 0.003375820283708757,
    "population_growth": 4.0,
    "avg_system_stress": 3.2898830625637476,
    "max_system_stress": 4.8487084659285005,
    "avg_maslow_pressure": 0.04433969304836173,
    "avg_basic_needs_crisis_rate": 0.19745222929936307,
    "avg_trust_level": 0.7916022659871088,
    "cooperation_benefit_total": 0,
    "cooperation_resilience": 0.8598726114649682
  },
  "maslow_hierarchy": {
    "initial_needs_avg": {
      "physiological": 4.907794720478887,
      "safety": 4.908014701928073,
      "love": 4.846739209155985,
      "esteem": 4.870771849828367,
      "self_actualization": 5.210088363134271
    },
    "final_needs_avg": {
      "physiological": 5.813428642786018,
      "safety": 5.690307139590054,
      "love": 9.592859368551926,
      "esteem": 4.134098896167739,
      "self_actualization": 5.7677974962013705
    },
    "needs_improvement": {
      "physiological": 0.905633922307131,
      "safety": 0.7822924376619813,
      "love": 4.74612015939594,
      "esteem": -0.7366729536606282,
      "self_actualization": 0.5577091330670996
    }
  },
  "inter_group_metrics": {
    "final_group_populations": {
      "A": 785
    },
    "final_group_cooperation_rates": {
      "A": 0.8598726114649682
    },
    "in_group_interaction_rate": 1.0,
    "out_group_interaction_rate": 0.0,
    "avg_in_group_trust": 0.7916022659871088,
    "avg_out_group_trust": 0.7916022659871088,
    "trust_asymmetry": 0.0,
    "group_segregation_index": 1.0,
    "total_mixing_events": 0,
    "mixing_event_success_rate": 0,
    "reputational_spillover_events": 0,
    "out_group_constraint_amplifications": 0,
    "group_extinction_events": 0
  },
  "interaction_metrics": {
    "total_interactions": 373370,
    "avg_interaction_processing_time": 0.0
  }
}