{
  "run_id": 299,
  "parameters": {
    "shock_interval_years": 10,
    "homophily_bias": 0.0,
    "num_groups": 1,
    "out_group_trust_bias": 1.0880507126680277,
    "out_group_penalty": 1.4262372053268393,
    "intervention_interval": 0,
    "intervention_scale": 0.12690298474069928,
    "event_bonus": 2.188822185709186,
    "base_trust_delta": 0.054844570627157,
    "group_trust_bias": 1.4913823478041515,
    "resilience_profile": {
      "threshold": 0.27494363369436314,
      "noise": 0.062455453935276316
    },
    "turnover_rate": 0.02103733901170488,
    "social_diffusion": 0.08336003099068962,
    "max_rounds": 300,
    "initial_population": 200,
    "max_population": 800,
    "maslow_variation": 0.5,
    "constraint_threshold_range": [
      0.2,
      0.8
    ],
    "recovery_threshold": 0.15,
    "cooperation_bonus": 0.2,
    "trust_threshold": 0.6,
    "max_relationships_per_person": 150
  },
  "outcomes": {
    "final_cooperation_rate": 1.0,
    "behavioral_cooperation_rate": 0.7849692868947024,
    "final_constrained_rate": 0.0,
    "final_population": 597,
    "extinction_occurred": false,
    "rounds_completed": 300,
    "first_cascade_round": null,
    "total_cascade_events": 0,
    "total_shock_events": 6,
    "total_defections": 58949,
    "total_redemptions": 330,
    "net_strategy_change": 58619,
    "total_births": 659,
    "total_deaths": 260,
    "max_population_reached": 671,
    "population_stability": 0.011074604697912155,
    "population_growth": 3.355,
    "avg_system_stress": 0.5009302672949149,
    "max_system_stress": 1.0210535190336527,
    "avg_maslow_pressure": 0.02873991942763344,
    "avg_basic_needs_crisis_rate": 0.21943048576214405,
    "avg_trust_level": 0.6105687740718196,
    "cooperation_benefit_total": 0,
    "cooperation_resilience": 1.0
  },
  "maslow_hierarchy": {
    "initial_needs_avg": {
      "physiological": 5.111681016333722,
      "safety": 4.927502959295951,
      "love": 4.847453537074396,
      "esteem": 5.072117397225132,
      "self_actualization": 5.032037052468713
    },
    "final_needs_avg": {
      "physiological": 5.690514926599921,
      "safety": 5.795292946900877,
      "love": 9.983817088625862,
      "esteem": 5.625211148263602,
      "self_actualization": 5.827963728595708
    },
    "needs_improvement": {
      "physiological": 0.5788339102661988,
      "safety": 0.867789987604926,
      "love": 5.136363551551466,
      "esteem": 0.5530937510384693,
      "self_actualization": 0.795926676126995
    }
  },
  "inter_group_metrics": {
    "final_group_populations": {
      "A": 597
    },
    "final_group_cooperation_rates": {
      "A": 1.0
    },
    "in_group_interaction_rate": 1.0,
    "out_group_interaction_rate": 0.0,
    "avg_in_group_trust": 0.6105687740718196,
    "avg_out_group_trust": 0.6105687740718196,
    "trust_asymmetry": 0.0,
    "group_segregation_index": 1.0,
    "total_mixing_events": 0,
    "mixing_event_success_rate": 0,
    "reputational_spillover_events": 0,
    "out_group_constraint_amplifications": 0,
    "group_extinction_events": 0
  },
  "interaction_metrics": {
    "total_interactions": 256568,
    "avg_interaction_processing_time": 0.0
  }
}