{
  "run_id": 383,
  "parameters": {
    "shock_interval_years": 20,
    "homophily_bias": 0.0,
    "num_groups": 1,
    "out_group_trust_bias": 0.87330801489976,
    "out_group_penalty": 1.1270374847855882,
    "intervention_interval": 0,
    "intervention_scale": 0.266823874144787,
    "event_bonus": 2.0018869150544196,
    "base_trust_delta": 0.14082861567071941,
    "group_trust_bias": 1.8005589468663903,
    "resilience_profile": {
      "threshold": 0.13247240573374963,
      "noise": 0.004413247056923103
    },
    "turnover_rate": 0.03674549082920929,
    "social_diffusion": 0.04508113652270186,
    "max_rounds": 300,
    "initial_population": 200,
    "max_population": 800,
    "maslow_variation": 0.5,
    "constraint_threshold_range": [
      0.2,
      0.8
    ],
    "recovery_threshold": 0.15,
    "cooperation_bonus": 0.2,
    "trust_threshold": 0.6,
    "max_relationships_per_person": 150
  },
  "outcomes": {
    "final_cooperation_rate": 0.9849246231155779,
    "behavioral_cooperation_rate": 0.7460890937368738,
    "final_constrained_rate": 0.01507537688442211,
    "final_population": 796,
    "extinction_occurred": false,
    "rounds_completed": 300,
    "first_cascade_round": null,
    "total_cascade_events": 0,
    "total_shock_events": 5,
    "total_defections": 97050,
    "total_redemptions": 16,
    "net_strategy_change": 97034,
    "total_births": 906,
    "total_deaths": 308,
    "max_population_reached": 800,
    "population_stability": 0.002916282505899682,
    "population_growth": 4.0,
    "avg_system_stress": 0.11710734344826816,
    "max_system_stress": 0.7693251618293553,
    "avg_maslow_pressure": 0.029506754401282625,
    "avg_basic_needs_crisis_rate": 0.21733668341708542,
    "avg_trust_level": 0.8360191294328749,
    "cooperation_benefit_total": 0,
    "cooperation_resilience": 0.9849246231155779
  },
  "maslow_hierarchy": {
    "initial_needs_avg": {
      "physiological": 4.682565020823997,
      "safety": 5.305899285458378,
      "love": 4.977132810447774,
      "esteem": 5.074792114976163,
      "self_actualization": 4.924752923324562
    },
    "final_needs_avg": {
      "physiological": 5.618590615635436,
      "safety": 5.998562306188189,
      "love": 9.950561509398685,
      "esteem": 5.945733053454389,
      "self_actualization": 5.797271426507341
    },
    "needs_improvement": {
      "physiological": 0.9360255948114391,
      "safety": 0.6926630207298112,
      "love": 4.9734286989509116,
      "esteem": 0.8709409384782258,
      "self_actualization": 0.8725185031827785
    }
  },
  "inter_group_metrics": {
    "final_group_populations": {
      "A": 796
    },
    "final_group_cooperation_rates": {
      "A": 0.9849246231155779
    },
    "in_group_interaction_rate": 1.0,
    "out_group_interaction_rate": 0.0,
    "avg_in_group_trust": 0.8360191294328749,
    "avg_out_group_trust": 0.8360191294328749,
    "trust_asymmetry": 0.0,
    "group_segregation_index": 1.0,
    "total_mixing_events": 0,
    "mixing_event_success_rate": 0,
    "reputational_spillover_events": 0,
    "out_group_constraint_amplifications": 0,
    "group_extinction_events": 0
  },
  "interaction_metrics": {
    "total_interactions": 352348,
    "avg_interaction_processing_time": 0.0
  }
}