{
  "run_id": 377,
  "parameters": {
    "shock_interval_years": 5,
    "homophily_bias": 0.3717731017895014,
    "num_groups": 3,
    "out_group_trust_bias": 1.07898589546325,
    "out_group_penalty": 1.1590295696127686,
    "intervention_interval": 25,
    "intervention_scale": 0.2358627882920616,
    "event_bonus": 2.0202799668518865,
    "base_trust_delta": 0.05702603455504716,
    "group_trust_bias": 1.3490197915442959,
    "resilience_profile": {
      "threshold": 0.29878531853806295,
      "noise": 0.050999209208421305
    },
    "turnover_rate": 0.026884709350267804,
    "social_diffusion": 0.04948513548790615,
    "max_rounds": 300,
    "initial_population": 200,
    "max_population": 800,
    "maslow_variation": 0.5,
    "constraint_threshold_range": [
      0.2,
      0.8
    ],
    "recovery_threshold": 0.15,
    "cooperation_bonus": 0.2,
    "trust_threshold": 0.6,
    "max_relationships_per_person": 150
  },
  "outcomes": {
    "final_cooperation_rate": 0.8576874205844981,
    "behavioral_cooperation_rate": 0.3659123933227367,
    "final_constrained_rate": 0.1423125794155019,
    "final_population": 787,
    "extinction_occurred": false,
    "rounds_completed": 300,
    "first_cascade_round": null,
    "total_cascade_events": 0,
    "total_shock_events": 16,
    "total_defections": 252027,
    "total_redemptions": 2031,
    "net_strategy_change": 249996,
    "total_births": 846,
    "total_deaths": 255,
    "max_population_reached": 800,
    "population_stability": 0.01542084922447753,
    "population_growth": 4.0,
    "avg_system_stress": 3.603460665822269,
    "max_system_stress": 7.286799328648461,
    "avg_maslow_pressure": 0.07590033400257702,
    "avg_basic_needs_crisis_rate": 0.22236340533672172,
    "avg_trust_level": 0.4856429887384297,
    "cooperation_benefit_total": 0,
    "cooperation_resilience": 0.8576874205844981
  },
  "maslow_hierarchy": {
    "initial_needs_avg": {
      "physiological": 4.8281510991578305,
      "safety": 5.308459998637915,
      "love": 4.655631506597987,
      "esteem": 4.945808164918721,
      "self_actualization": 5.071862916212596
    },
    "final_needs_avg": {
      "physiological": 5.416468798092644,
      "safety": 5.784133371687524,
      "love": 8.926599567457993,
      "esteem": 3.1847780174473157,
      "self_actualization": 5.4715312273806855
    },
    "needs_improvement": {
      "physiological": 0.5883176989348131,
      "safety": 0.47567337304960944,
      "love": 4.270968060860006,
      "esteem": -1.7610301474714052,
      "self_actualization": 0.39966831116808965
    }
  },
  "inter_group_metrics": {
    "final_group_populations": {
      "A": 294,
      "B": 244,
      "C": 249
    },
    "final_group_cooperation_rates": {
      "A": 0.8435374149659864,
      "B": 0.8688524590163934,
      "C": 0.8634538152610441
    },
    "in_group_interaction_rate": 0.5797580958748048,
    "out_group_interaction_rate": 0.4202419041251953,
    "avg_in_group_trust": 0.5136868646595623,
    "avg_out_group_trust": 0.4575991128172972,
    "trust_asymmetry": 0.056087751842265055,
    "group_segregation_index": 0.5797580958748048,
    "total_mixing_events": 12,
    "mixing_event_success_rate": 1.0,
    "reputational_spillover_events": 0,
    "out_group_constraint_amplifications": 0,
    "group_extinction_events": 0
  },
  "interaction_metrics": {
    "total_interactions": 293174,
    "avg_interaction_processing_time": 0.0
  }
}