{
  "run_id": 184,
  "parameters": {
    "shock_interval_years": 10,
    "homophily_bias": 0.0,
    "num_groups": 1,
    "out_group_trust_bias": 1.0663192903693002,
    "out_group_penalty": 1.4577038007269223,
    "intervention_interval": 0,
    "intervention_scale": 0.2528637507818033,
    "event_bonus": 2.3388122094164516,
    "base_trust_delta": 0.1840744459738587,
    "group_trust_bias": 1.4322780804498758,
    "resilience_profile": {
      "threshold": 0.23237369254618437,
      "noise": 0.02284432729312999
    },
    "turnover_rate": 0.02341393151619491,
    "social_diffusion": 0.0019128078442580577,
    "max_rounds": 300,
    "initial_population": 200,
    "max_population": 800,
    "maslow_variation": 0.5,
    "constraint_threshold_range": [
      0.2,
      0.8
    ],
    "recovery_threshold": 0.15,
    "cooperation_bonus": 0.2,
    "trust_threshold": 0.6,
    "max_relationships_per_person": 150
  },
  "outcomes": {
    "final_cooperation_rate": 1.0,
    "behavioral_cooperation_rate": 0.7312242965661296,
    "final_constrained_rate": 0.0,
    "final_population": 679,
    "extinction_occurred": false,
    "rounds_completed": 300,
    "first_cascade_round": null,
    "total_cascade_events": 0,
    "total_shock_events": 4,
    "total_defections": 83364,
    "total_redemptions": 110,
    "net_strategy_change": 83254,
    "total_births": 754,
    "total_deaths": 274,
    "max_population_reached": 749,
    "population_stability": 0.01615972572893817,
    "population_growth": 3.745,
    "avg_system_stress": 0.32535228253365894,
    "max_system_stress": 0.9271934910390982,
    "avg_maslow_pressure": 0.028532468365207182,
    "avg_basic_needs_crisis_rate": 0.15905743740795286,
    "avg_trust_level": 0.7997323151919224,
    "cooperation_benefit_total": 0,
    "cooperation_resilience": 1.0
  },
  "maslow_hierarchy": {
    "initial_needs_avg": {
      "physiological": 5.083293517938217,
      "safety": 5.043059968316262,
      "love": 5.262464351318291,
      "esteem": 5.457150414067578,
      "self_actualization": 4.81668600824412
    },
    "final_needs_avg": {
      "physiological": 6.014706078818676,
      "safety": 5.818428670843638,
      "love": 9.982936699735141,
      "esteem": 5.8480159329009345,
      "self_actualization": 5.468097190713553
    },
    "needs_improvement": {
      "physiological": 0.9314125608804593,
      "safety": 0.7753687025273761,
      "love": 4.72047234841685,
      "esteem": 0.3908655188333565,
      "self_actualization": 0.6514111824694329
    }
  },
  "inter_group_metrics": {
    "final_group_populations": {
      "A": 679
    },
    "final_group_cooperation_rates": {
      "A": 1.0
    },
    "in_group_interaction_rate": 1.0,
    "out_group_interaction_rate": 0.0,
    "avg_in_group_trust": 0.7997323151919224,
    "avg_out_group_trust": 0.7997323151919224,
    "trust_asymmetry": 0.0,
    "group_segregation_index": 1.0,
    "total_mixing_events": 0,
    "mixing_event_success_rate": 0,
    "reputational_spillover_events": 0,
    "out_group_constraint_amplifications": 0,
    "group_extinction_events": 0
  },
  "interaction_metrics": {
    "total_interactions": 276714,
    "avg_interaction_processing_time": 0.0
  }
}