{
  "run_id": 79,
  "parameters": {
    "shock_interval_years": 20,
    "homophily_bias": 0.6432278391988984,
    "num_groups": 2,
    "out_group_trust_bias": 1.1575784417676107,
    "out_group_penalty": 1.127063990745216,
    "intervention_interval": 10,
    "intervention_scale": 0.21151893436038754,
    "event_bonus": 1.9581673284895924,
    "base_trust_delta": 0.12780411977099138,
    "group_trust_bias": 1.3053748917133403,
    "resilience_profile": {
      "threshold": 0.3513529959927669,
      "noise": 0.025938271058056926
    },
    "turnover_rate": 0.04994022133094339,
    "social_diffusion": 0.016539297500169293,
    "max_rounds": 300,
    "initial_population": 200,
    "max_population": 800,
    "maslow_variation": 0.5,
    "constraint_threshold_range": [
      0.2,
      0.8
    ],
    "recovery_threshold": 0.15,
    "cooperation_bonus": 0.2,
    "trust_threshold": 0.6,
    "max_relationships_per_person": 150
  },
  "outcomes": {
    "final_cooperation_rate": 0.9936305732484076,
    "behavioral_cooperation_rate": 0.6542007962873735,
    "final_constrained_rate": 0.006369426751592357,
    "final_population": 785,
    "extinction_occurred": false,
    "rounds_completed": 300,
    "first_cascade_round": null,
    "total_cascade_events": 0,
    "total_shock_events": 6,
    "total_defections": 162427,
    "total_redemptions": 823,
    "net_strategy_change": 161604,
    "total_births": 968,
    "total_deaths": 377,
    "max_population_reached": 800,
    "population_stability": 0.002410249901801028,
    "population_growth": 4.0,
    "avg_system_stress": 0.24801084113528554,
    "max_system_stress": 0.9544283508737206,
    "avg_maslow_pressure": 0.03247976894188094,
    "avg_basic_needs_crisis_rate": 0.21910828025477708,
    "avg_trust_level": 0.7894538223283522,
    "cooperation_benefit_total": 0,
    "cooperation_resilience": 0.9936305732484076
  },
  "maslow_hierarchy": {
    "initial_needs_avg": {
      "physiological": 4.832328612954641,
      "safety": 4.748237692528018,
      "love": 5.196854264924545,
      "esteem": 4.886674797452996,
      "self_actualization": 5.03828614105315
    },
    "final_needs_avg": {
      "physiological": 5.530151633137008,
      "safety": 5.6487801951826295,
      "love": 9.867587244635763,
      "esteem": 6.5802043939204715,
      "self_actualization": 5.958128827102592
    },
    "needs_improvement": {
      "physiological": 0.6978230201823665,
      "safety": 0.9005425026546119,
      "love": 4.670732979711218,
      "esteem": 1.6935295964674753,
      "self_actualization": 0.9198426860494422
    }
  },
  "inter_group_metrics": {
    "final_group_populations": {
      "B": 386,
      "A": 399
    },
    "final_group_cooperation_rates": {
      "B": 0.9922279792746114,
      "A": 0.9949874686716792
    },
    "in_group_interaction_rate": 0.8188877336241219,
    "out_group_interaction_rate": 0.18111226637587807,
    "avg_in_group_trust": 0.7875056952390915,
    "avg_out_group_trust": 0.7914019494176128,
    "trust_asymmetry": -0.0038962541785212412,
    "group_segregation_index": 0.8188877336241219,
    "total_mixing_events": 30,
    "mixing_event_success_rate": 1.0,
    "reputational_spillover_events": 0,
    "out_group_constraint_amplifications": 0,
    "group_extinction_events": 0
  },
  "interaction_metrics": {
    "total_interactions": 394330,
    "avg_interaction_processing_time": 0.0
  }
}