{
  "run_id": 481,
  "parameters": {
    "shock_interval_years": 10,
    "homophily_bias": 0.22927313106876204,
    "num_groups": 2,
    "out_group_trust_bias": 0.8220732394293533,
    "out_group_penalty": 1.4363199645003315,
    "intervention_interval": 15,
    "intervention_scale": 0.07583861113814956,
    "event_bonus": 1.9839647696848848,
    "base_trust_delta": 0.1579280643325388,
    "group_trust_bias": 1.741678381380002,
    "resilience_profile": {
      "threshold": 0.18748610408931027,
      "noise": 0.03275729251623945
    },
    "turnover_rate": 0.04774122688860739,
    "social_diffusion": 0.043496483241629615,
    "max_rounds": 300,
    "initial_population": 200,
    "max_population": 800,
    "maslow_variation": 0.5,
    "constraint_threshold_range": [
      0.2,
      0.8
    ],
    "recovery_threshold": 0.15,
    "cooperation_bonus": 0.2,
    "trust_threshold": 0.6,
    "max_relationships_per_person": 150
  },
  "outcomes": {
    "final_cooperation_rate": 0.4829329962073325,
    "behavioral_cooperation_rate": 0.059568438840504355,
    "final_constrained_rate": 0.5170670037926675,
    "final_population": 791,
    "extinction_occurred": false,
    "rounds_completed": 300,
    "first_cascade_round": null,
    "total_cascade_events": 0,
    "total_shock_events": 10,
    "total_defections": 607039,
    "total_redemptions": 3377,
    "net_strategy_change": 603662,
    "total_births": 958,
    "total_deaths": 363,
    "max_population_reached": 800,
    "population_stability": 0.0034320286716452804,
    "population_growth": 4.0,
    "avg_system_stress": 1.893663861139172,
    "max_system_stress": 2.7775219393013986,
    "avg_maslow_pressure": 0.1570084788199703,
    "avg_basic_needs_crisis_rate": 0.2857142857142857,
    "avg_trust_level": 0.2772006311442886,
    "cooperation_benefit_total": 0,
    "cooperation_resilience": 0.4829329962073325
  },
  "maslow_hierarchy": {
    "initial_needs_avg": {
      "physiological": 4.912292055630291,
      "safety": 5.061567188632642,
      "love": 5.226675675331739,
      "esteem": 5.069305517031126,
      "self_actualization": 4.726683613832404
    },
    "final_needs_avg": {
      "physiological": 4.956405057192255,
      "safety": 5.191004492471934,
      "love": 4.458739593638512,
      "esteem": 1.8256615404793346,
      "self_actualization": 5.16024789796523
    },
    "needs_improvement": {
      "physiological": 0.044113001561963294,
      "safety": 0.12943730383929175,
      "love": -0.767936081693227,
      "esteem": -3.243643976551792,
      "self_actualization": 0.4335642841328262
    }
  },
  "inter_group_metrics": {
    "final_group_populations": {
      "A": 428,
      "B": 363
    },
    "final_group_cooperation_rates": {
      "A": 0.4976635514018692,
      "B": 0.465564738292011
    },
    "in_group_interaction_rate": 0.613646171844534,
    "out_group_interaction_rate": 0.386353828155466,
    "avg_in_group_trust": 0.2614938781018608,
    "avg_out_group_trust": 0.29290738418671636,
    "trust_asymmetry": -0.03141350608485555,
    "group_segregation_index": 0.613646171844534,
    "total_mixing_events": 20,
    "mixing_event_success_rate": 1.0,
    "reputational_spillover_events": 0,
    "out_group_constraint_amplifications": 0,
    "group_extinction_events": 0
  },
  "interaction_metrics": {
    "total_interactions": 384650,
    "avg_interaction_processing_time": 0.0
  }
}