{
  "run_id": 76,
  "parameters": {
    "shock_interval_years": 10,
    "homophily_bias": 0.41151072224544544,
    "num_groups": 2,
    "out_group_trust_bias": 0.8575528869951494,
    "out_group_penalty": 1.426620724575504,
    "intervention_interval": 25,
    "intervention_scale": 0.10146075539772702,
    "event_bonus": 1.7282441467891663,
    "base_trust_delta": 0.08760836161734914,
    "group_trust_bias": 1.8139505619273102,
    "resilience_profile": {
      "threshold": 0.27233241979863027,
      "noise": 0.13583846180564213
    },
    "turnover_rate": 0.03369706097652091,
    "social_diffusion": 0.016643778117522535,
    "max_rounds": 300,
    "initial_population": 200,
    "max_population": 800,
    "maslow_variation": 0.5,
    "constraint_threshold_range": [
      0.2,
      0.8
    ],
    "recovery_threshold": 0.15,
    "cooperation_bonus": 0.2,
    "trust_threshold": 0.6,
    "max_relationships_per_person": 150
  },
  "outcomes": {
    "final_cooperation_rate": 0.8639798488664987,
    "behavioral_cooperation_rate": 0.4946925155875868,
    "final_constrained_rate": 0.13602015113350127,
    "final_population": 794,
    "extinction_occurred": false,
    "rounds_completed": 300,
    "first_cascade_round": null,
    "total_cascade_events": 0,
    "total_shock_events": 7,
    "total_defections": 219783,
    "total_redemptions": 814,
    "net_strategy_change": 218969,
    "total_births": 894,
    "total_deaths": 299,
    "max_population_reached": 800,
    "population_stability": 0.014624293964475886,
    "population_growth": 4.0,
    "avg_system_stress": 0.17951607662728464,
    "max_system_stress": 1.235450123592688,
    "avg_maslow_pressure": 0.04286212323371822,
    "avg_basic_needs_crisis_rate": 0.20151133501259447,
    "avg_trust_level": 0.5990669655526418,
    "cooperation_benefit_total": 0,
    "cooperation_resilience": 0.8639798488664987
  },
  "maslow_hierarchy": {
    "initial_needs_avg": {
      "physiological": 4.91274694205844,
      "safety": 5.163303191736628,
      "love": 5.0536566102877165,
      "esteem": 4.737813128765604,
      "self_actualization": 5.277995495393395
    },
    "final_needs_avg": {
      "physiological": 5.544021182564607,
      "safety": 5.695091072025229,
      "love": 9.300774945975299,
      "esteem": 4.373949081224744,
      "self_actualization": 6.226181935471047
    },
    "needs_improvement": {
      "physiological": 0.6312742405061664,
      "safety": 0.5317878802886007,
      "love": 4.247118335687582,
      "esteem": -0.36386404754085966,
      "self_actualization": 0.9481864400776514
    }
  },
  "inter_group_metrics": {
    "final_group_populations": {
      "A": 403,
      "B": 391
    },
    "final_group_cooperation_rates": {
      "A": 0.8461538461538461,
      "B": 0.8823529411764706
    },
    "in_group_interaction_rate": 0.7045322538583723,
    "out_group_interaction_rate": 0.29546774614162774,
    "avg_in_group_trust": 0.699962729552079,
    "avg_out_group_trust": 0.49817120155320466,
    "trust_asymmetry": 0.2017915279988744,
    "group_segregation_index": 0.7045322538583723,
    "total_mixing_events": 12,
    "mixing_event_success_rate": 1.0,
    "reputational_spillover_events": 0,
    "out_group_constraint_amplifications": 0,
    "group_extinction_events": 0
  },
  "interaction_metrics": {
    "total_interactions": 337448,
    "avg_interaction_processing_time": 0.0
  }
}