{
  "run_id": 189,
  "parameters": {
    "shock_interval_years": 10,
    "homophily_bias": 0.0,
    "num_groups": 1,
    "out_group_trust_bias": 1.0439025121960541,
    "out_group_penalty": 1.1709242187114606,
    "intervention_interval": 0,
    "intervention_scale": 0.1944054361230565,
    "event_bonus": 2.4246735478483394,
    "base_trust_delta": 0.13046257445279746,
    "group_trust_bias": 1.730381991157159,
    "resilience_profile": {
      "threshold": 0.10294438162800061,
      "noise": 0.11693475042447155
    },
    "turnover_rate": 0.04691658208087304,
    "social_diffusion": 0.058275409224548005,
    "max_rounds": 300,
    "initial_population": 200,
    "max_population": 800,
    "maslow_variation": 0.5,
    "constraint_threshold_range": [
      0.2,
      0.8
    ],
    "recovery_threshold": 0.15,
    "cooperation_bonus": 0.2,
    "trust_threshold": 0.6,
    "max_relationships_per_person": 150
  },
  "outcomes": {
    "final_cooperation_rate": 0.9949367088607595,
    "behavioral_cooperation_rate": 0.7434124720052794,
    "final_constrained_rate": 0.005063291139240506,
    "final_population": 790,
    "extinction_occurred": false,
    "rounds_completed": 300,
    "first_cascade_round": null,
    "total_cascade_events": 0,
    "total_shock_events": 2,
    "total_defections": 106371,
    "total_redemptions": 55,
    "net_strategy_change": 106316,
    "total_births": 951,
    "total_deaths": 355,
    "max_population_reached": 800,
    "population_stability": 0.004585024551135473,
    "population_growth": 4.0,
    "avg_system_stress": 0.17129023829481896,
    "max_system_stress": 0.9580542871728245,
    "avg_maslow_pressure": 0.02065065540587531,
    "avg_basic_needs_crisis_rate": 0.14556962025316456,
    "avg_trust_level": 0.8095090540125093,
    "cooperation_benefit_total": 0,
    "cooperation_resilience": 0.9949367088607595
  },
  "maslow_hierarchy": {
    "initial_needs_avg": {
      "physiological": 5.108730792243906,
      "safety": 5.1624480534066945,
      "love": 5.39698249979151,
      "esteem": 5.366177757078922,
      "self_actualization": 5.328677172837598
    },
    "final_needs_avg": {
      "physiological": 5.849612440728732,
      "safety": 6.022847022314118,
      "love": 9.958708146602792,
      "esteem": 5.902290048532984,
      "self_actualization": 6.346940614518905
    },
    "needs_improvement": {
      "physiological": 0.7408816484848266,
      "safety": 0.8603989689074236,
      "love": 4.561725646811282,
      "esteem": 0.5361122914540619,
      "self_actualization": 1.0182634416813068
    }
  },
  "inter_group_metrics": {
    "final_group_populations": {
      "A": 790
    },
    "final_group_cooperation_rates": {
      "A": 0.9949367088607595
    },
    "in_group_interaction_rate": 1.0,
    "out_group_interaction_rate": 0.0,
    "avg_in_group_trust": 0.8095090540125093,
    "avg_out_group_trust": 0.8095090540125093,
    "trust_asymmetry": 0.0,
    "group_segregation_index": 1.0,
    "total_mixing_events": 0,
    "mixing_event_success_rate": 0,
    "reputational_spillover_events": 0,
    "out_group_constraint_amplifications": 0,
    "group_extinction_events": 0
  },
  "interaction_metrics": {
    "total_interactions": 384894,
    "avg_interaction_processing_time": 0.0
  }
}