{
  "run_id": 58,
  "parameters": {
    "shock_interval_years": 20,
    "homophily_bias": 0.6228558200528013,
    "num_groups": 2,
    "out_group_trust_bias": 1.010105868550227,
    "out_group_penalty": 1.4904956551884814,
    "intervention_interval": 15,
    "intervention_scale": 0.297234855705078,
    "event_bonus": 1.7184285236871988,
    "base_trust_delta": 0.09235945099657174,
    "group_trust_bias": 1.73302851940016,
    "resilience_profile": {
      "threshold": 0.343305284198302,
      "noise": 0.10008365012026553
    },
    "turnover_rate": 0.04305789968791365,
    "social_diffusion": 0.07330285758982497,
    "max_rounds": 300,
    "initial_population": 200,
    "max_population": 800,
    "maslow_variation": 0.5,
    "constraint_threshold_range": [
      0.2,
      0.8
    ],
    "recovery_threshold": 0.15,
    "cooperation_bonus": 0.2,
    "trust_threshold": 0.6,
    "max_relationships_per_person": 150
  },
  "outcomes": {
    "final_cooperation_rate": 0.9508196721311475,
    "behavioral_cooperation_rate": 0.6081402545679611,
    "final_constrained_rate": 0.04918032786885246,
    "final_population": 793,
    "extinction_occurred": false,
    "rounds_completed": 300,
    "first_cascade_round": null,
    "total_cascade_events": 0,
    "total_shock_events": 4,
    "total_defections": 181461,
    "total_redemptions": 1162,
    "net_strategy_change": 180299,
    "total_births": 919,
    "total_deaths": 325,
    "max_population_reached": 800,
    "population_stability": 0.003063796340180172,
    "population_growth": 4.0,
    "avg_system_stress": 0.21890004356027565,
    "max_system_stress": 0.9911476536381731,
    "avg_maslow_pressure": 0.0358987193929243,
    "avg_basic_needs_crisis_rate": 0.21689785624211855,
    "avg_trust_level": 0.7710186385156438,
    "cooperation_benefit_total": 0,
    "cooperation_resilience": 0.9508196721311475
  },
  "maslow_hierarchy": {
    "initial_needs_avg": {
      "physiological": 5.051564765313735,
      "safety": 5.265743249012414,
      "love": 4.81036225782102,
      "esteem": 5.302241791404072,
      "self_actualization": 4.901784037456698
    },
    "final_needs_avg": {
      "physiological": 5.770074501611158,
      "safety": 5.831741039397972,
      "love": 9.696476406811625,
      "esteem": 6.598136997649518,
      "self_actualization": 5.3112463686094395
    },
    "needs_improvement": {
      "physiological": 0.7185097362974231,
      "safety": 0.5659977903855582,
      "love": 4.886114148990605,
      "esteem": 1.2958952062454463,
      "self_actualization": 0.4094623311527412
    }
  },
  "inter_group_metrics": {
    "final_group_populations": {
      "A": 409,
      "B": 384
    },
    "final_group_cooperation_rates": {
      "A": 0.9462102689486552,
      "B": 0.9557291666666666
    },
    "in_group_interaction_rate": 0.8096445197922553,
    "out_group_interaction_rate": 0.19035548020774468,
    "avg_in_group_trust": 0.7752885785711063,
    "avg_out_group_trust": 0.7667486984601812,
    "trust_asymmetry": 0.008539880110925102,
    "group_segregation_index": 0.8096445197922553,
    "total_mixing_events": 20,
    "mixing_event_success_rate": 1.0,
    "reputational_spillover_events": 0,
    "out_group_constraint_amplifications": 0,
    "group_extinction_events": 0
  },
  "interaction_metrics": {
    "total_interactions": 371610,
    "avg_interaction_processing_time": 0.0
  }
}