{
  "run_id": 368,
  "parameters": {
    "shock_interval_years": 5,
    "homophily_bias": 0.6809050929905511,
    "num_groups": 2,
    "out_group_trust_bias": 1.1826455614365932,
    "out_group_penalty": 1.4249111221268953,
    "intervention_interval": 20,
    "intervention_scale": 0.0838397495622842,
    "event_bonus": 2.0566017623584028,
    "base_trust_delta": 0.14490758272606186,
    "group_trust_bias": 1.4251344631359237,
    "resilience_profile": {
      "threshold": 0.10448227585709646,
      "noise": 0.13680621631324075
    },
    "turnover_rate": 0.0453148114942839,
    "social_diffusion": 0.06439616395781654,
    "max_rounds": 300,
    "initial_population": 200,
    "max_population": 800,
    "maslow_variation": 0.5,
    "constraint_threshold_range": [
      0.2,
      0.8
    ],
    "recovery_threshold": 0.15,
    "cooperation_bonus": 0.2,
    "trust_threshold": 0.6,
    "max_relationships_per_person": 150
  },
  "outcomes": {
    "final_cooperation_rate": 0.3533834586466165,
    "behavioral_cooperation_rate": 0.13861383494627103,
    "final_constrained_rate": 0.6466165413533834,
    "final_population": 798,
    "extinction_occurred": false,
    "rounds_completed": 300,
    "first_cascade_round": null,
    "total_cascade_events": 0,
    "total_shock_events": 26,
    "total_defections": 537381,
    "total_redemptions": 3458,
    "net_strategy_change": 533923,
    "total_births": 929,
    "total_deaths": 331,
    "max_population_reached": 800,
    "population_stability": 0.0030223143091905663,
    "population_growth": 4.0,
    "avg_system_stress": 5.855493194362538,
    "max_system_stress": 11.78141554252231,
    "avg_maslow_pressure": 0.1543749644065013,
    "avg_basic_needs_crisis_rate": 0.2706766917293233,
    "avg_trust_level": 0.2750894778260386,
    "cooperation_benefit_total": 0,
    "cooperation_resilience": 0.3533834586466165
  },
  "maslow_hierarchy": {
    "initial_needs_avg": {
      "physiological": 4.962764904210901,
      "safety": 4.929643625737205,
      "love": 5.201226806512105,
      "esteem": 4.60451467378738,
      "self_actualization": 4.820669896139089
    },
    "final_needs_avg": {
      "physiological": 5.272376949288094,
      "safety": 5.181586038805435,
      "love": 4.981051028299131,
      "esteem": 0.9167466559348038,
      "self_actualization": 4.93664838129896
    },
    "needs_improvement": {
      "physiological": 0.3096120450771931,
      "safety": 0.25194241306822995,
      "love": -0.2201757782129743,
      "esteem": -3.687768017852576,
      "self_actualization": 0.11597848515987152
    }
  },
  "inter_group_metrics": {
    "final_group_populations": {
      "A": 381,
      "B": 417
    },
    "final_group_cooperation_rates": {
      "A": 0.33858267716535434,
      "B": 0.3669064748201439
    },
    "in_group_interaction_rate": 0.8380653293170117,
    "out_group_interaction_rate": 0.1619346706829883,
    "avg_in_group_trust": 0.2858482336515705,
    "avg_out_group_trust": 0.26433072200050667,
    "trust_asymmetry": 0.02151751165106386,
    "group_segregation_index": 0.8380653293170117,
    "total_mixing_events": 15,
    "mixing_event_success_rate": 1.0,
    "reputational_spillover_events": 0,
    "out_group_constraint_amplifications": 0,
    "group_extinction_events": 0
  },
  "interaction_metrics": {
    "total_interactions": 374472,
    "avg_interaction_processing_time": 0.0
  }
}