{
  "run_id": 39,
  "parameters": {
    "shock_interval_years": 20,
    "homophily_bias": 0.0,
    "num_groups": 1,
    "out_group_trust_bias": 1.0474456764093507,
    "out_group_penalty": 1.4846708924826664,
    "intervention_interval": 0,
    "intervention_scale": 0.24889607821044019,
    "event_bonus": 2.403277299501221,
    "base_trust_delta": 0.1450047649077874,
    "group_trust_bias": 1.6759882994251885,
    "resilience_profile": {
      "threshold": 0.11676257276648688,
      "noise": 0.08383104318842921
    },
    "turnover_rate": 0.02198980547847052,
    "social_diffusion": 0.0937552133332847,
    "max_rounds": 300,
    "initial_population": 200,
    "max_population": 800,
    "maslow_variation": 0.5,
    "constraint_threshold_range": [
      0.2,
      0.8
    ],
    "recovery_threshold": 0.15,
    "cooperation_bonus": 0.2,
    "trust_threshold": 0.6,
    "max_relationships_per_person": 150
  },
  "outcomes": {
    "final_cooperation_rate": 1.0,
    "behavioral_cooperation_rate": 0.751811187131467,
    "final_constrained_rate": 0.0,
    "final_population": 623,
    "extinction_occurred": false,
    "rounds_completed": 300,
    "first_cascade_round": null,
    "total_cascade_events": 0,
    "total_shock_events": 3,
    "total_defections": 69466,
    "total_redemptions": 4,
    "net_strategy_change": 69462,
    "total_births": 687,
    "total_deaths": 264,
    "max_population_reached": 699,
    "population_stability": 0.008193743795987054,
    "population_growth": 3.495,
    "avg_system_stress": 0.12233269210990265,
    "max_system_stress": 0.5668969590053903,
    "avg_maslow_pressure": 0.023404593858052415,
    "avg_basic_needs_crisis_rate": 0.15890850722311398,
    "avg_trust_level": 0.7890707990264216,
    "cooperation_benefit_total": 0,
    "cooperation_resilience": 1.0
  },
  "maslow_hierarchy": {
    "initial_needs_avg": {
      "physiological": 5.317187692651378,
      "safety": 5.114374081916427,
      "love": 5.5073220572962285,
      "esteem": 5.01253016820598,
      "self_actualization": 4.800135639313969
    },
    "final_needs_avg": {
      "physiological": 6.346082297860388,
      "safety": 5.968126784989998,
      "love": 9.984562221497294,
      "esteem": 5.871995406923338,
      "self_actualization": 5.559072076016596
    },
    "needs_improvement": {
      "physiological": 1.0288946052090102,
      "safety": 0.853752703073571,
      "love": 4.477240164201065,
      "esteem": 0.859465238717358,
      "self_actualization": 0.7589364367026272
    }
  },
  "inter_group_metrics": {
    "final_group_populations": {
      "A": 623
    },
    "final_group_cooperation_rates": {
      "A": 1.0
    },
    "in_group_interaction_rate": 1.0,
    "out_group_interaction_rate": 0.0,
    "avg_in_group_trust": 0.7890707990264216,
    "avg_out_group_trust": 0.7890707990264216,
    "trust_asymmetry": 0.0,
    "group_segregation_index": 1.0,
    "total_mixing_events": 0,
    "mixing_event_success_rate": 0,
    "reputational_spillover_events": 0,
    "out_group_constraint_amplifications": 0,
    "group_extinction_events": 0
  },
  "interaction_metrics": {
    "total_interactions": 258118,
    "avg_interaction_processing_time": 0.0
  }
}