{
  "run_id": 344,
  "parameters": {
    "shock_interval_years": 20,
    "homophily_bias": 0.0,
    "num_groups": 1,
    "out_group_trust_bias": 1.0397169049618258,
    "out_group_penalty": 1.3930866168239424,
    "intervention_interval": 0,
    "intervention_scale": 0.22542334354071158,
    "event_bonus": 2.4244779930670286,
    "base_trust_delta": 0.12811526721386432,
    "group_trust_bias": 1.4930409036701004,
    "resilience_profile": {
      "threshold": 0.1835931071986972,
      "noise": 0.1264675221099596
    },
    "turnover_rate": 0.04824767252858144,
    "social_diffusion": 0.09987839201329411,
    "max_rounds": 300,
    "initial_population": 200,
    "max_population": 800,
    "maslow_variation": 0.5,
    "constraint_threshold_range": [
      0.2,
      0.8
    ],
    "recovery_threshold": 0.15,
    "cooperation_bonus": 0.2,
    "trust_threshold": 0.6,
    "max_relationships_per_person": 150
  },
  "outcomes": {
    "final_cooperation_rate": 1.0,
    "behavioral_cooperation_rate": 0.756766480607724,
    "final_constrained_rate": 0.0,
    "final_population": 792,
    "extinction_occurred": false,
    "rounds_completed": 300,
    "first_cascade_round": null,
    "total_cascade_events": 0,
    "total_shock_events": 2,
    "total_defections": 101405,
    "total_redemptions": 0,
    "net_strategy_change": 101405,
    "total_births": 965,
    "total_deaths": 368,
    "max_population_reached": 800,
    "population_stability": 0.003504267532432694,
    "population_growth": 4.0,
    "avg_system_stress": 0.02728278337958012,
    "max_system_stress": 0.3564388408214236,
    "avg_maslow_pressure": 0.023626556710097595,
    "avg_basic_needs_crisis_rate": 0.1893939393939394,
    "avg_trust_level": 0.7835371358264415,
    "cooperation_benefit_total": 0,
    "cooperation_resilience": 1.0
  },
  "maslow_hierarchy": {
    "initial_needs_avg": {
      "physiological": 4.659639852162552,
      "safety": 4.989272925786281,
      "love": 5.162337617822041,
      "esteem": 5.210183567253202,
      "self_actualization": 5.134259633560029
    },
    "final_needs_avg": {
      "physiological": 5.4784275471912265,
      "safety": 6.07860574564718,
      "love": 9.982667165811629,
      "esteem": 6.01509524425653,
      "self_actualization": 5.9128143112036
    },
    "needs_improvement": {
      "physiological": 0.8187876950286741,
      "safety": 1.089332819860899,
      "love": 4.820329547989588,
      "esteem": 0.8049116770033278,
      "self_actualization": 0.7785546776435712
    }
  },
  "inter_group_metrics": {
    "final_group_populations": {
      "A": 792
    },
    "final_group_cooperation_rates": {
      "A": 1.0
    },
    "in_group_interaction_rate": 1.0,
    "out_group_interaction_rate": 0.0,
    "avg_in_group_trust": 0.7835371358264415,
    "avg_out_group_trust": 0.7835371358264415,
    "trust_asymmetry": 0.0,
    "group_segregation_index": 1.0,
    "total_mixing_events": 0,
    "mixing_event_success_rate": 0,
    "reputational_spillover_events": 0,
    "out_group_constraint_amplifications": 0,
    "group_extinction_events": 0
  },
  "interaction_metrics": {
    "total_interactions": 389124,
    "avg_interaction_processing_time": 0.0
  }
}