{
  "run_id": 101,
  "parameters": {
    "shock_interval_years": 10,
    "homophily_bias": 0.6427716088326316,
    "num_groups": 2,
    "out_group_trust_bias": 0.824413589742685,
    "out_group_penalty": 1.1237149211098638,
    "intervention_interval": 10,
    "intervention_scale": 0.06630801477985661,
    "event_bonus": 1.5806385161380252,
    "base_trust_delta": 0.09989302251175922,
    "group_trust_bias": 1.6676722131544728,
    "resilience_profile": {
      "threshold": 0.2711392592227435,
      "noise": 0.07046185188915294
    },
    "turnover_rate": 0.03289807432736336,
    "social_diffusion": 0.09955229861614275,
    "max_rounds": 300,
    "initial_population": 200,
    "max_population": 800,
    "maslow_variation": 0.5,
    "constraint_threshold_range": [
      0.2,
      0.8
    ],
    "recovery_threshold": 0.15,
    "cooperation_bonus": 0.2,
    "trust_threshold": 0.6,
    "max_relationships_per_person": 150
  },
  "outcomes": {
    "final_cooperation_rate": 0.9047619047619048,
    "behavioral_cooperation_rate": 0.6377045043776259,
    "final_constrained_rate": 0.09523809523809523,
    "final_population": 798,
    "extinction_occurred": false,
    "rounds_completed": 300,
    "first_cascade_round": null,
    "total_cascade_events": 0,
    "total_shock_events": 7,
    "total_defections": 149961,
    "total_redemptions": 683,
    "net_strategy_change": 149278,
    "total_births": 890,
    "total_deaths": 292,
    "max_population_reached": 800,
    "population_stability": 0.006806318124486143,
    "population_growth": 4.0,
    "avg_system_stress": 0.6805831640837168,
    "max_system_stress": 1.952925076754715,
    "avg_maslow_pressure": 0.032771595081838065,
    "avg_basic_needs_crisis_rate": 0.17042606516290726,
    "avg_trust_level": 0.6526245341168737,
    "cooperation_benefit_total": 0,
    "cooperation_resilience": 0.9047619047619048
  },
  "maslow_hierarchy": {
    "initial_needs_avg": {
      "physiological": 5.207140508575239,
      "safety": 5.254422275741774,
      "love": 4.942286957895369,
      "esteem": 4.559599939174281,
      "self_actualization": 5.1518237905178985
    },
    "final_needs_avg": {
      "physiological": 5.654544193462898,
      "safety": 6.052807396557225,
      "love": 9.552955206072106,
      "esteem": 5.153489014564372,
      "self_actualization": 5.826542055992532
    },
    "needs_improvement": {
      "physiological": 0.447403684887659,
      "safety": 0.7983851208154507,
      "love": 4.6106682481767365,
      "esteem": 0.5938890753900914,
      "self_actualization": 0.6747182654746338
    }
  },
  "inter_group_metrics": {
    "final_group_populations": {
      "B": 363,
      "A": 435
    },
    "final_group_cooperation_rates": {
      "B": 0.8953168044077136,
      "A": 0.9126436781609195
    },
    "in_group_interaction_rate": 0.8203471586507992,
    "out_group_interaction_rate": 0.17965284134920076,
    "avg_in_group_trust": 0.7447160590405456,
    "avg_out_group_trust": 0.5605330091932018,
    "trust_asymmetry": 0.1841830498473438,
    "group_segregation_index": 0.8203471586507992,
    "total_mixing_events": 30,
    "mixing_event_success_rate": 1.0,
    "reputational_spillover_events": 0,
    "out_group_constraint_amplifications": 0,
    "group_extinction_events": 0
  },
  "interaction_metrics": {
    "total_interactions": 340824,
    "avg_interaction_processing_time": 0.0
  }
}