{
  "run_id": 146,
  "parameters": {
    "shock_interval_years": 5,
    "homophily_bias": 0.0,
    "num_groups": 1,
    "out_group_trust_bias": 1.1082478148021644,
    "out_group_penalty": 1.188380244948727,
    "intervention_interval": 0,
    "intervention_scale": 0.22441238898851484,
    "event_bonus": 1.6565658181119045,
    "base_trust_delta": 0.1632961303996996,
    "group_trust_bias": 1.9689123425561863,
    "resilience_profile": {
      "threshold": 0.3667223930218322,
      "noise": 0.144733223865635
    },
    "turnover_rate": 0.04720247129454355,
    "social_diffusion": 0.08680225420563546,
    "max_rounds": 300,
    "initial_population": 200,
    "max_population": 800,
    "maslow_variation": 0.5,
    "constraint_threshold_range": [
      0.2,
      0.8
    ],
    "recovery_threshold": 0.15,
    "cooperation_bonus": 0.2,
    "trust_threshold": 0.6,
    "max_relationships_per_person": 150
  },
  "outcomes": {
    "final_cooperation_rate": 0.9848866498740554,
    "behavioral_cooperation_rate": 0.5943036249659308,
    "final_constrained_rate": 0.015113350125944584,
    "final_population": 794,
    "extinction_occurred": false,
    "rounds_completed": 300,
    "first_cascade_round": null,
    "total_cascade_events": 0,
    "total_shock_events": 11,
    "total_defections": 187397,
    "total_redemptions": 2750,
    "net_strategy_change": 184647,
    "total_births": 972,
    "total_deaths": 376,
    "max_population_reached": 800,
    "population_stability": 0.0022258934057395796,
    "population_growth": 4.0,
    "avg_system_stress": 1.87051471681847,
    "max_system_stress": 3.758212686428368,
    "avg_maslow_pressure": 0.046735740234361424,
    "avg_basic_needs_crisis_rate": 0.20906801007556675,
    "avg_trust_level": 0.8285181366044645,
    "cooperation_benefit_total": 0,
    "cooperation_resilience": 0.9848866498740554
  },
  "maslow_hierarchy": {
    "initial_needs_avg": {
      "physiological": 4.774821319143349,
      "safety": 4.861985255958084,
      "love": 5.595609106555688,
      "esteem": 4.9448038778577805,
      "self_actualization": 5.082068226132788
    },
    "final_needs_avg": {
      "physiological": 5.8037596280061505,
      "safety": 5.690637947931679,
      "love": 9.470368565894352,
      "esteem": 3.763835240661327,
      "self_actualization": 5.9281766975111685
    },
    "needs_improvement": {
      "physiological": 1.0289383088628012,
      "safety": 0.8286526919735948,
      "love": 3.874759459338664,
      "esteem": -1.1809686371964534,
      "self_actualization": 0.8461084713783809
    }
  },
  "inter_group_metrics": {
    "final_group_populations": {
      "A": 794
    },
    "final_group_cooperation_rates": {
      "A": 0.9848866498740554
    },
    "in_group_interaction_rate": 1.0,
    "out_group_interaction_rate": 0.0,
    "avg_in_group_trust": 0.8285181366044645,
    "avg_out_group_trust": 0.8285181366044645,
    "trust_asymmetry": 0.0,
    "group_segregation_index": 1.0,
    "total_mixing_events": 0,
    "mixing_event_success_rate": 0,
    "reputational_spillover_events": 0,
    "out_group_constraint_amplifications": 0,
    "group_extinction_events": 0
  },
  "interaction_metrics": {
    "total_interactions": 388914,
    "avg_interaction_processing_time": 0.0
  }
}