{
  "run_id": 328,
  "parameters": {
    "shock_interval_years": 5,
    "homophily_bias": 0.0,
    "num_groups": 1,
    "out_group_trust_bias": 0.9380027757365264,
    "out_group_penalty": 1.3080132011157306,
    "intervention_interval": 0,
    "intervention_scale": 0.1943159432779964,
    "event_bonus": 1.8303358850950113,
    "base_trust_delta": 0.08431145036656323,
    "group_trust_bias": 1.8846941344901496,
    "resilience_profile": {
      "threshold": 0.11818622244056934,
      "noise": 0.007710395728500052
    },
    "turnover_rate": 0.020331965650427025,
    "social_diffusion": 0.0058908831647850775,
    "max_rounds": 300,
    "initial_population": 200,
    "max_population": 800,
    "maslow_variation": 0.5,
    "constraint_threshold_range": [
      0.2,
      0.8
    ],
    "recovery_threshold": 0.15,
    "cooperation_bonus": 0.2,
    "trust_threshold": 0.6,
    "max_relationships_per_person": 150
  },
  "outcomes": {
    "final_cooperation_rate": 0.9936575052854123,
    "behavioral_cooperation_rate": 0.6889206320864208,
    "final_constrained_rate": 0.006342494714587738,
    "final_population": 473,
    "extinction_occurred": false,
    "rounds_completed": 300,
    "first_cascade_round": null,
    "total_cascade_events": 0,
    "total_shock_events": 9,
    "total_defections": 81677,
    "total_redemptions": 141,
    "net_strategy_change": 81536,
    "total_births": 527,
    "total_deaths": 253,
    "max_population_reached": 580,
    "population_stability": 0.003938586714628177,
    "population_growth": 2.9,
    "avg_system_stress": 0.8387714149171267,
    "max_system_stress": 1.5019811372314362,
    "avg_maslow_pressure": 0.03272517285825153,
    "avg_basic_needs_crisis_rate": 0.18181818181818182,
    "avg_trust_level": 0.6767366939792777,
    "cooperation_benefit_total": 0,
    "cooperation_resilience": 0.9936575052854123
  },
  "maslow_hierarchy": {
    "initial_needs_avg": {
      "physiological": 5.336682333502301,
      "safety": 4.970661373611548,
      "love": 4.674833089927392,
      "esteem": 4.755575839680099,
      "self_actualization": 5.065905842277372
    },
    "final_needs_avg": {
      "physiological": 6.165973512503448,
      "safety": 5.692062975398421,
      "love": 9.961415216455904,
      "esteem": 4.826241021031493,
      "self_actualization": 5.68624466175282
    },
    "needs_improvement": {
      "physiological": 0.8292911790011468,
      "safety": 0.721401601786873,
      "love": 5.286582126528512,
      "esteem": 0.07066518135139432,
      "self_actualization": 0.6203388194754478
    }
  },
  "inter_group_metrics": {
    "final_group_populations": {
      "A": 473
    },
    "final_group_cooperation_rates": {
      "A": 0.9936575052854123
    },
    "in_group_interaction_rate": 1.0,
    "out_group_interaction_rate": 0.0,
    "avg_in_group_trust": 0.6767366939792777,
    "avg_out_group_trust": 0.6767366939792777,
    "trust_asymmetry": 0.0,
    "group_segregation_index": 1.0,
    "total_mixing_events": 0,
    "mixing_event_success_rate": 0,
    "reputational_spillover_events": 0,
    "out_group_constraint_amplifications": 0,
    "group_extinction_events": 0
  },
  "interaction_metrics": {
    "total_interactions": 224020,
    "avg_interaction_processing_time": 0.0
  }
}