{
  "run_id": 226,
  "parameters": {
    "shock_interval_years": 20,
    "homophily_bias": 0.0,
    "num_groups": 1,
    "out_group_trust_bias": 1.1066314333475746,
    "out_group_penalty": 1.2033803879807665,
    "intervention_interval": 0,
    "intervention_scale": 0.16454611044625628,
    "event_bonus": 2.0459727856458754,
    "base_trust_delta": 0.14887892910409378,
    "group_trust_bias": 1.5986617898594169,
    "resilience_profile": {
      "threshold": 0.1637516455639392,
      "noise": 0.1265773680894405
    },
    "turnover_rate": 0.034286498847643586,
    "social_diffusion": 0.08628246261841795,
    "max_rounds": 300,
    "initial_population": 200,
    "max_population": 800,
    "maslow_variation": 0.5,
    "constraint_threshold_range": [
      0.2,
      0.8
    ],
    "recovery_threshold": 0.15,
    "cooperation_bonus": 0.2,
    "trust_threshold": 0.6,
    "max_relationships_per_person": 150
  },
  "outcomes": {
    "final_cooperation_rate": 0.9899623588456713,
    "behavioral_cooperation_rate": 0.7131897133738415,
    "final_constrained_rate": 0.010037641154328732,
    "final_population": 797,
    "extinction_occurred": false,
    "rounds_completed": 300,
    "first_cascade_round": null,
    "total_cascade_events": 0,
    "total_shock_events": 5,
    "total_defections": 114738,
    "total_redemptions": 133,
    "net_strategy_change": 114605,
    "total_births": 927,
    "total_deaths": 328,
    "max_population_reached": 800,
    "population_stability": 0.013354547861691405,
    "population_growth": 4.0,
    "avg_system_stress": 0.3330940047525978,
    "max_system_stress": 1.0081960078055938,
    "avg_maslow_pressure": 0.03384969538456307,
    "avg_basic_needs_crisis_rate": 0.2371392722710163,
    "avg_trust_level": 0.819622719376932,
    "cooperation_benefit_total": 0,
    "cooperation_resilience": 0.9899623588456713
  },
  "maslow_hierarchy": {
    "initial_needs_avg": {
      "physiological": 5.002710118462601,
      "safety": 4.806769835418123,
      "love": 5.294041714588872,
      "esteem": 4.653636707026606,
      "self_actualization": 5.494402063340923
    },
    "final_needs_avg": {
      "physiological": 5.3500890579879306,
      "safety": 5.5993229371450175,
      "love": 9.94233191058893,
      "esteem": 5.265345525867105,
      "self_actualization": 6.331355028682367
    },
    "needs_improvement": {
      "physiological": 0.3473789395253295,
      "safety": 0.7925531017268943,
      "love": 4.648290196000058,
      "esteem": 0.6117088188404995,
      "self_actualization": 0.8369529653414443
    }
  },
  "inter_group_metrics": {
    "final_group_populations": {
      "A": 797
    },
    "final_group_cooperation_rates": {
      "A": 0.9899623588456713
    },
    "in_group_interaction_rate": 1.0,
    "out_group_interaction_rate": 0.0,
    "avg_in_group_trust": 0.819622719376932,
    "avg_out_group_trust": 0.819622719376932,
    "trust_asymmetry": 0.0,
    "group_segregation_index": 1.0,
    "total_mixing_events": 0,
    "mixing_event_success_rate": 0,
    "reputational_spillover_events": 0,
    "out_group_constraint_amplifications": 0,
    "group_extinction_events": 0
  },
  "interaction_metrics": {
    "total_interactions": 358446,
    "avg_interaction_processing_time": 0.0
  }
}