{
  "run_id": 132,
  "parameters": {
    "shock_interval_years": 20,
    "homophily_bias": 0.06466449387726429,
    "num_groups": 3,
    "out_group_trust_bias": 1.0395240631442717,
    "out_group_penalty": 1.1904861588998656,
    "intervention_interval": 10,
    "intervention_scale": 0.27550966585733716,
    "event_bonus": 1.9646738127262486,
    "base_trust_delta": 0.15269010861209564,
    "group_trust_bias": 1.683389600775048,
    "resilience_profile": {
      "threshold": 0.21749098271716621,
      "noise": 0.13686759169294402
    },
    "turnover_rate": 0.02059096600495621,
    "social_diffusion": 0.01942105579635054,
    "max_rounds": 300,
    "initial_population": 200,
    "max_population": 800,
    "maslow_variation": 0.5,
    "constraint_threshold_range": [
      0.2,
      0.8
    ],
    "recovery_threshold": 0.15,
    "cooperation_bonus": 0.2,
    "trust_threshold": 0.6,
    "max_relationships_per_person": 150
  },
  "outcomes": {
    "final_cooperation_rate": 0.437137330754352,
    "behavioral_cooperation_rate": 0.043181762530914075,
    "final_constrained_rate": 0.562862669245648,
    "final_population": 517,
    "extinction_occurred": false,
    "rounds_completed": 300,
    "first_cascade_round": null,
    "total_cascade_events": 0,
    "total_shock_events": 5,
    "total_defections": 409854,
    "total_redemptions": 2815,
    "net_strategy_change": 407039,
    "total_births": 573,
    "total_deaths": 254,
    "max_population_reached": 634,
    "population_stability": 0.009068209848202927,
    "population_growth": 3.17,
    "avg_system_stress": 0.14423002964303125,
    "max_system_stress": 0.6613747856261392,
    "avg_maslow_pressure": 0.15253379674589182,
    "avg_basic_needs_crisis_rate": 0.2862669245647969,
    "avg_trust_level": 0.18083142944853592,
    "cooperation_benefit_total": 0,
    "cooperation_resilience": 0.437137330754352
  },
  "maslow_hierarchy": {
    "initial_needs_avg": {
      "physiological": 5.210384082890323,
      "safety": 5.279233790682205,
      "love": 4.671716634253352,
      "esteem": 4.826626193850152,
      "self_actualization": 4.9853227931069934
    },
    "final_needs_avg": {
      "physiological": 5.163542703799474,
      "safety": 5.234552621936849,
      "love": 4.350825374277865,
      "esteem": 2.427042786121139,
      "self_actualization": 5.016406263128395
    },
    "needs_improvement": {
      "physiological": -0.04684137909084907,
      "safety": -0.044681168745356103,
      "love": -0.32089125997548695,
      "esteem": -2.399583407729013,
      "self_actualization": 0.031083470021401993
    }
  },
  "inter_group_metrics": {
    "final_group_populations": {
      "C": 192,
      "B": 176,
      "A": 149
    },
    "final_group_cooperation_rates": {
      "C": 0.4427083333333333,
      "B": 0.4659090909090909,
      "A": 0.3959731543624161
    },
    "in_group_interaction_rate": 0.3776986050915383,
    "out_group_interaction_rate": 0.6223013949084617,
    "avg_in_group_trust": 0.16079302859299022,
    "avg_out_group_trust": 0.20086983030408165,
    "trust_asymmetry": -0.04007680171109143,
    "group_segregation_index": 0.3776986050915383,
    "total_mixing_events": 30,
    "mixing_event_success_rate": 1.0,
    "reputational_spillover_events": 0,
    "out_group_constraint_amplifications": 0,
    "group_extinction_events": 0
  },
  "interaction_metrics": {
    "total_interactions": 245034,
    "avg_interaction_processing_time": 0.0
  }
}