{
  "run_id": 108,
  "parameters": {
    "shock_interval_years": 5,
    "homophily_bias": 0.4384371133217876,
    "num_groups": 2,
    "out_group_trust_bias": 1.0960526278523188,
    "out_group_penalty": 1.2022492661289033,
    "intervention_interval": 20,
    "intervention_scale": 0.22651818911451044,
    "event_bonus": 2.2448752466726183,
    "base_trust_delta": 0.16049732518328946,
    "group_trust_bias": 1.9264578615924584,
    "resilience_profile": {
      "threshold": 0.370738495870218,
      "noise": 0.0928627642295957
    },
    "turnover_rate": 0.029237895668129864,
    "social_diffusion": 0.06318618752302756,
    "max_rounds": 300,
    "initial_population": 200,
    "max_population": 800,
    "maslow_variation": 0.5,
    "constraint_threshold_range": [
      0.2,
      0.8
    ],
    "recovery_threshold": 0.15,
    "cooperation_bonus": 0.2,
    "trust_threshold": 0.6,
    "max_relationships_per_person": 150
  },
  "outcomes": {
    "final_cooperation_rate": 0.9329962073324906,
    "behavioral_cooperation_rate": 0.48065359631093235,
    "final_constrained_rate": 0.06700379266750948,
    "final_population": 791,
    "extinction_occurred": false,
    "rounds_completed": 300,
    "first_cascade_round": null,
    "total_cascade_events": 0,
    "total_shock_events": 13,
    "total_defections": 232983,
    "total_redemptions": 1256,
    "net_strategy_change": 231727,
    "total_births": 888,
    "total_deaths": 295,
    "max_population_reached": 800,
    "population_stability": 0.015599532269391706,
    "population_growth": 4.0,
    "avg_system_stress": 2.0569519363239337,
    "max_system_stress": 3.0193201074098255,
    "avg_maslow_pressure": 0.04195900916889289,
    "avg_basic_needs_crisis_rate": 0.21618204804045513,
    "avg_trust_level": 0.71217515941012,
    "cooperation_benefit_total": 0,
    "cooperation_resilience": 0.9329962073324906
  },
  "maslow_hierarchy": {
    "initial_needs_avg": {
      "physiological": 5.30895633839965,
      "safety": 5.018965594486432,
      "love": 4.907543001634617,
      "esteem": 4.953148842975121,
      "self_actualization": 5.31517418941436
    },
    "final_needs_avg": {
      "physiological": 5.684100258679377,
      "safety": 5.520930944056458,
      "love": 9.571714657547616,
      "esteem": 4.811446437762532,
      "self_actualization": 5.945638748128974
    },
    "needs_improvement": {
      "physiological": 0.37514392027972754,
      "safety": 0.5019653495700256,
      "love": 4.664171655912999,
      "esteem": -0.14170240521258926,
      "self_actualization": 0.630464558714614
    }
  },
  "inter_group_metrics": {
    "final_group_populations": {
      "A": 393,
      "B": 398
    },
    "final_group_cooperation_rates": {
      "A": 0.926208651399491,
      "B": 0.9396984924623115
    },
    "in_group_interaction_rate": 0.7184465161750069,
    "out_group_interaction_rate": 0.28155348382499307,
    "avg_in_group_trust": 0.8225661065643985,
    "avg_out_group_trust": 0.6017842122558416,
    "trust_asymmetry": 0.220781894308557,
    "group_segregation_index": 0.7184465161750069,
    "total_mixing_events": 15,
    "mixing_event_success_rate": 1.0,
    "reputational_spillover_events": 0,
    "out_group_constraint_amplifications": 0,
    "group_extinction_events": 0
  },
  "interaction_metrics": {
    "total_interactions": 339598,
    "avg_interaction_processing_time": 0.0
  }
}