{
  "run_id": 88,
  "parameters": {
    "shock_interval_years": 10,
    "homophily_bias": 0.5450228991713081,
    "num_groups": 2,
    "out_group_trust_bias": 1.0948993329150785,
    "out_group_penalty": 1.2042986817495729,
    "intervention_interval": 20,
    "intervention_scale": 0.07630110936020514,
    "event_bonus": 2.328921836333894,
    "base_trust_delta": 0.12380305454455119,
    "group_trust_bias": 1.9112878887810874,
    "resilience_profile": {
      "threshold": 0.30701264940320694,
      "noise": 0.0691603666954876
    },
    "turnover_rate": 0.04054973724736548,
    "social_diffusion": 0.039362904381105124,
    "max_rounds": 300,
    "initial_population": 200,
    "max_population": 800,
    "maslow_variation": 0.5,
    "constraint_threshold_range": [
      0.2,
      0.8
    ],
    "recovery_threshold": 0.15,
    "cooperation_bonus": 0.2,
    "trust_threshold": 0.6,
    "max_relationships_per_person": 150
  },
  "outcomes": {
    "final_cooperation_rate": 0.8400503778337531,
    "behavioral_cooperation_rate": 0.605034005634763,
    "final_constrained_rate": 0.15994962216624686,
    "final_population": 794,
    "extinction_occurred": false,
    "rounds_completed": 300,
    "first_cascade_round": null,
    "total_cascade_events": 0,
    "total_shock_events": 5,
    "total_defections": 184344,
    "total_redemptions": 447,
    "net_strategy_change": 183897,
    "total_births": 935,
    "total_deaths": 338,
    "max_population_reached": 800,
    "population_stability": 0.002813607790955556,
    "population_growth": 4.0,
    "avg_system_stress": 0.47788372212440855,
    "max_system_stress": 2.4520941804389054,
    "avg_maslow_pressure": 0.029057667152139463,
    "avg_basic_needs_crisis_rate": 0.15113350125944586,
    "avg_trust_level": 0.7273801454179292,
    "cooperation_benefit_total": 0,
    "cooperation_resilience": 0.8400503778337531
  },
  "maslow_hierarchy": {
    "initial_needs_avg": {
      "physiological": 5.005401873601025,
      "safety": 4.8825465368826215,
      "love": 5.129190808503702,
      "esteem": 4.94770594164103,
      "self_actualization": 5.08276112321381
    },
    "final_needs_avg": {
      "physiological": 5.78571990962372,
      "safety": 5.944592490787969,
      "love": 9.426256886128508,
      "esteem": 5.404669373515064,
      "self_actualization": 5.775022879202551
    },
    "needs_improvement": {
      "physiological": 0.7803180360226945,
      "safety": 1.062045953905347,
      "love": 4.297066077624806,
      "esteem": 0.4569634318740343,
      "self_actualization": 0.6922617559887403
    }
  },
  "inter_group_metrics": {
    "final_group_populations": {
      "B": 444,
      "A": 350
    },
    "final_group_cooperation_rates": {
      "B": 0.8468468468468469,
      "A": 0.8314285714285714
    },
    "in_group_interaction_rate": 0.7731075877569064,
    "out_group_interaction_rate": 0.2268924122430937,
    "avg_in_group_trust": 0.8160738035663282,
    "avg_out_group_trust": 0.6386864872695303,
    "trust_asymmetry": 0.17738731629679794,
    "group_segregation_index": 0.7731075877569064,
    "total_mixing_events": 15,
    "mixing_event_success_rate": 1.0,
    "reputational_spillover_events": 0,
    "out_group_constraint_amplifications": 0,
    "group_extinction_events": 0
  },
  "interaction_metrics": {
    "total_interactions": 375526,
    "avg_interaction_processing_time": 0.0
  }
}