{
  "run_id": 354,
  "parameters": {
    "shock_interval_years": 5,
    "homophily_bias": 0.0,
    "num_groups": 1,
    "out_group_trust_bias": 0.8086468218482875,
    "out_group_penalty": 1.3237987769475565,
    "intervention_interval": 0,
    "intervention_scale": 0.2983286747626049,
    "event_bonus": 2.1042864818295666,
    "base_trust_delta": 0.09149962827068948,
    "group_trust_bias": 1.2482955982388984,
    "resilience_profile": {
      "threshold": 0.2448590225893219,
      "noise": 0.07068206141419865
    },
    "turnover_rate": 0.03181309092293112,
    "social_diffusion": 0.04037645646732181,
    "max_rounds": 300,
    "initial_population": 200,
    "max_population": 800,
    "maslow_variation": 0.5,
    "constraint_threshold_range": [
      0.2,
      0.8
    ],
    "recovery_threshold": 0.15,
    "cooperation_bonus": 0.2,
    "trust_threshold": 0.6,
    "max_relationships_per_person": 150
  },
  "outcomes": {
    "final_cooperation_rate": 0.9760705289672544,
    "behavioral_cooperation_rate": 0.57057748515894,
    "final_constrained_rate": 0.02392947103274559,
    "final_population": 794,
    "extinction_occurred": false,
    "rounds_completed": 300,
    "first_cascade_round": null,
    "total_cascade_events": 0,
    "total_shock_events": 18,
    "total_defections": 172265,
    "total_redemptions": 1240,
    "net_strategy_change": 171025,
    "total_births": 882,
    "total_deaths": 285,
    "max_population_reached": 800,
    "population_stability": 0.002659574586338028,
    "population_growth": 4.0,
    "avg_system_stress": 4.65403518167298,
    "max_system_stress": 5.908749710096858,
    "avg_maslow_pressure": 0.06110987797943166,
    "avg_basic_needs_crisis_rate": 0.2518891687657431,
    "avg_trust_level": 0.6433114843739042,
    "cooperation_benefit_total": 0,
    "cooperation_resilience": 0.9760705289672544
  },
  "maslow_hierarchy": {
    "initial_needs_avg": {
      "physiological": 4.755176401013176,
      "safety": 4.734576812421056,
      "love": 4.884269767164595,
      "esteem": 5.355687220220671,
      "self_actualization": 4.910706744273163
    },
    "final_needs_avg": {
      "physiological": 5.499653966780437,
      "safety": 5.281708951277672,
      "love": 9.829147724440046,
      "esteem": 3.526346971642132,
      "self_actualization": 5.480142236379391
    },
    "needs_improvement": {
      "physiological": 0.7444775657672613,
      "safety": 0.5471321388566155,
      "love": 4.944877957275452,
      "esteem": -1.8293402485785388,
      "self_actualization": 0.5694354921062272
    }
  },
  "inter_group_metrics": {
    "final_group_populations": {
      "A": 794
    },
    "final_group_cooperation_rates": {
      "A": 0.9760705289672544
    },
    "in_group_interaction_rate": 1.0,
    "out_group_interaction_rate": 0.0,
    "avg_in_group_trust": 0.6433114843739042,
    "avg_out_group_trust": 0.6433114843739042,
    "trust_asymmetry": 0.0,
    "group_segregation_index": 1.0,
    "total_mixing_events": 0,
    "mixing_event_success_rate": 0,
    "reputational_spillover_events": 0,
    "out_group_constraint_amplifications": 0,
    "group_extinction_events": 0
  },
  "interaction_metrics": {
    "total_interactions": 330502,
    "avg_interaction_processing_time": 0.0
  }
}