{
  "run_id": 269,
  "parameters": {
    "shock_interval_years": 2,
    "homophily_bias": 0.12840330105745884,
    "num_groups": 3,
    "out_group_trust_bias": 1.1220174512044,
    "out_group_penalty": 1.1272605559557998,
    "intervention_interval": 25,
    "intervention_scale": 0.2211609113672232,
    "event_bonus": 1.886422855634315,
    "base_trust_delta": 0.18584735720647227,
    "group_trust_bias": 1.8480933518944656,
    "resilience_profile": {
      "threshold": 0.3514502305935505,
      "noise": 0.11219374245210631
    },
    "turnover_rate": 0.028101191173348708,
    "social_diffusion": 0.06531490549838945,
    "max_rounds": 300,
    "initial_population": 200,
    "max_population": 800,
    "maslow_variation": 0.5,
    "constraint_threshold_range": [
      0.2,
      0.8
    ],
    "recovery_threshold": 0.15,
    "cooperation_bonus": 0.2,
    "trust_threshold": 0.6,
    "max_relationships_per_person": 150
  },
  "outcomes": {
    "final_cooperation_rate": 0.3031446540880503,
    "behavioral_cooperation_rate": 0.04572592380853386,
    "final_constrained_rate": 0.6968553459119496,
    "final_population": 795,
    "extinction_occurred": false,
    "rounds_completed": 300,
    "first_cascade_round": null,
    "total_cascade_events": 0,
    "total_shock_events": 40,
    "total_defections": 509101,
    "total_redemptions": 3012,
    "net_strategy_change": 506089,
    "total_births": 862,
    "total_deaths": 264,
    "max_population_reached": 800,
    "population_stability": 0.021017675677343674,
    "population_growth": 4.0,
    "avg_system_stress": 7.251885583405795,
    "max_system_stress": 14.928524377862294,
    "avg_maslow_pressure": 0.1885006207003453,
    "avg_basic_needs_crisis_rate": 0.32578616352201256,
    "avg_trust_level": 0.1656544328335538,
    "cooperation_benefit_total": 0,
    "cooperation_resilience": 0.3031446540880503
  },
  "maslow_hierarchy": {
    "initial_needs_avg": {
      "physiological": 4.921407994734691,
      "safety": 5.134668632640257,
      "love": 4.503696238501161,
      "esteem": 4.900973896166286,
      "self_actualization": 4.846987444128339
    },
    "final_needs_avg": {
      "physiological": 4.908982815262746,
      "safety": 5.358965177877177,
      "love": 3.1857436586344954,
      "esteem": 0.8920007396149062,
      "self_actualization": 4.889047936597188
    },
    "needs_improvement": {
      "physiological": -0.012425179471945214,
      "safety": 0.22429654523692033,
      "love": -1.3179525798666654,
      "esteem": -4.008973156551379,
      "self_actualization": 0.04206049246884902
    }
  },
  "inter_group_metrics": {
    "final_group_populations": {
      "B": 288,
      "A": 285,
      "C": 222
    },
    "final_group_cooperation_rates": {
      "B": 0.3263888888888889,
      "A": 0.28421052631578947,
      "C": 0.2972972972972973
    },
    "in_group_interaction_rate": 0.41836118185125515,
    "out_group_interaction_rate": 0.5816388181487449,
    "avg_in_group_trust": 0.20335726716729663,
    "avg_out_group_trust": 0.12795159849981094,
    "trust_asymmetry": 0.07540566866748569,
    "group_segregation_index": 0.41836118185125515,
    "total_mixing_events": 12,
    "mixing_event_success_rate": 1.0,
    "reputational_spillover_events": 0,
    "out_group_constraint_amplifications": 0,
    "group_extinction_events": 0
  },
  "interaction_metrics": {
    "total_interactions": 307856,
    "avg_interaction_processing_time": 0.0
  }
}