{
  "run_id": 126,
  "parameters": {
    "shock_interval_years": 2,
    "homophily_bias": 0.0,
    "num_groups": 1,
    "out_group_trust_bias": 0.9883413661985135,
    "out_group_penalty": 1.4864876251975487,
    "intervention_interval": 0,
    "intervention_scale": 0.24098040201157483,
    "event_bonus": 2.1231340192846613,
    "base_trust_delta": 0.15186418313998987,
    "group_trust_bias": 1.2887490654333784,
    "resilience_profile": {
      "threshold": 0.2706831257938212,
      "noise": 0.10985561443445652
    },
    "turnover_rate": 0.0336113308916592,
    "social_diffusion": 0.00242645654346676,
    "max_rounds": 300,
    "initial_population": 200,
    "max_population": 800,
    "maslow_variation": 0.5,
    "constraint_threshold_range": [
      0.2,
      0.8
    ],
    "recovery_threshold": 0.15,
    "cooperation_bonus": 0.2,
    "trust_threshold": 0.6,
    "max_relationships_per_person": 150
  },
  "outcomes": {
    "final_cooperation_rate": 0.8537200504413619,
    "behavioral_cooperation_rate": 0.3522270508324498,
    "final_constrained_rate": 0.14627994955863807,
    "final_population": 793,
    "extinction_occurred": false,
    "rounds_completed": 300,
    "first_cascade_round": null,
    "total_cascade_events": 0,
    "total_shock_events": 32,
    "total_defections": 301186,
    "total_redemptions": 4006,
    "net_strategy_change": 297180,
    "total_births": 894,
    "total_deaths": 299,
    "max_population_reached": 800,
    "population_stability": 0.0028365181377811746,
    "population_growth": 4.0,
    "avg_system_stress": 5.733147717237239,
    "max_system_stress": 11.573637787202701,
    "avg_maslow_pressure": 0.08842395231478689,
    "avg_basic_needs_crisis_rate": 0.21059268600252207,
    "avg_trust_level": 0.6339251769039405,
    "cooperation_benefit_total": 0,
    "cooperation_resilience": 0.8537200504413619
  },
  "maslow_hierarchy": {
    "initial_needs_avg": {
      "physiological": 5.174116400840458,
      "safety": 4.802974686608433,
      "love": 5.287190371903761,
      "esteem": 5.100560720824354,
      "self_actualization": 4.804897738556072
    },
    "final_needs_avg": {
      "physiological": 5.889847370379602,
      "safety": 5.393017882821093,
      "love": 8.653683195415743,
      "esteem": 1.2602279658875697,
      "self_actualization": 5.467618157544572
    },
    "needs_improvement": {
      "physiological": 0.7157309695391438,
      "safety": 0.59004319621266,
      "love": 3.366492823511982,
      "esteem": -3.8403327549367843,
      "self_actualization": 0.6627204189885001
    }
  },
  "inter_group_metrics": {
    "final_group_populations": {
      "A": 793
    },
    "final_group_cooperation_rates": {
      "A": 0.8537200504413619
    },
    "in_group_interaction_rate": 1.0,
    "out_group_interaction_rate": 0.0,
    "avg_in_group_trust": 0.6339251769039405,
    "avg_out_group_trust": 0.6339251769039405,
    "trust_asymmetry": 0.0,
    "group_segregation_index": 1.0,
    "total_mixing_events": 0,
    "mixing_event_success_rate": 0,
    "reputational_spillover_events": 0,
    "out_group_constraint_amplifications": 0,
    "group_extinction_events": 0
  },
  "interaction_metrics": {
    "total_interactions": 343324,
    "avg_interaction_processing_time": 0.0
  }
}