{
  "run_id": 84,
  "parameters": {
    "shock_interval_years": 20,
    "homophily_bias": 0.0,
    "num_groups": 1,
    "out_group_trust_bias": 0.8759624374657884,
    "out_group_penalty": 1.366585252538542,
    "intervention_interval": 0,
    "intervention_scale": 0.29246416297232203,
    "event_bonus": 1.8565633533431583,
    "base_trust_delta": 0.09670431429610335,
    "group_trust_bias": 1.5944525804272096,
    "resilience_profile": {
      "threshold": 0.15888754091083765,
      "noise": 0.1280430316860497
    },
    "turnover_rate": 0.04790730818605316,
    "social_diffusion": 0.019242409132150265,
    "max_rounds": 300,
    "initial_population": 200,
    "max_population": 800,
    "maslow_variation": 0.5,
    "constraint_threshold_range": [
      0.2,
      0.8
    ],
    "recovery_threshold": 0.15,
    "cooperation_bonus": 0.2,
    "trust_threshold": 0.6,
    "max_relationships_per_person": 150
  },
  "outcomes": {
    "final_cooperation_rate": 1.0,
    "behavioral_cooperation_rate": 0.7657408765240709,
    "final_constrained_rate": 0.0,
    "final_population": 790,
    "extinction_occurred": false,
    "rounds_completed": 300,
    "first_cascade_round": null,
    "total_cascade_events": 0,
    "total_shock_events": 1,
    "total_defections": 95453,
    "total_redemptions": 0,
    "net_strategy_change": 95453,
    "total_births": 941,
    "total_deaths": 347,
    "max_population_reached": 800,
    "population_stability": 0.004187963606259322,
    "population_growth": 4.0,
    "avg_system_stress": 0.07600550450858033,
    "max_system_stress": 0.6703184022437371,
    "avg_maslow_pressure": 0.025674623092628197,
    "avg_basic_needs_crisis_rate": 0.2240506329113924,
    "avg_trust_level": 0.7409873797762446,
    "cooperation_benefit_total": 0,
    "cooperation_resilience": 1.0
  },
  "maslow_hierarchy": {
    "initial_needs_avg": {
      "physiological": 5.209231267055901,
      "safety": 4.6594901270313285,
      "love": 4.9482231303967446,
      "esteem": 5.004971723766874,
      "self_actualization": 4.966986249871747
    },
    "final_needs_avg": {
      "physiological": 6.083393788076422,
      "safety": 5.067905779580669,
      "love": 9.979920422231034,
      "esteem": 5.7368664930983835,
      "self_actualization": 6.159892539624213
    },
    "needs_improvement": {
      "physiological": 0.874162521020521,
      "safety": 0.40841565254934054,
      "love": 5.0316972918342895,
      "esteem": 0.7318947693315092,
      "self_actualization": 1.1929062897524663
    }
  },
  "inter_group_metrics": {
    "final_group_populations": {
      "A": 790
    },
    "final_group_cooperation_rates": {
      "A": 1.0
    },
    "in_group_interaction_rate": 1.0,
    "out_group_interaction_rate": 0.0,
    "avg_in_group_trust": 0.7409873797762446,
    "avg_out_group_trust": 0.7409873797762446,
    "trust_asymmetry": 0.0,
    "group_segregation_index": 1.0,
    "total_mixing_events": 0,
    "mixing_event_success_rate": 0,
    "reputational_spillover_events": 0,
    "out_group_constraint_amplifications": 0,
    "group_extinction_events": 0
  },
  "interaction_metrics": {
    "total_interactions": 381872,
    "avg_interaction_processing_time": 0.0
  }
}