{
  "run_id": 136,
  "parameters": {
    "shock_interval_years": 5,
    "homophily_bias": 0.0,
    "num_groups": 1,
    "out_group_trust_bias": 1.0755670109777313,
    "out_group_penalty": 1.3134290865913845,
    "intervention_interval": 0,
    "intervention_scale": 0.1256299546100293,
    "event_bonus": 1.8026669522855006,
    "base_trust_delta": 0.0763107531096464,
    "group_trust_bias": 1.678074721251256,
    "resilience_profile": {
      "threshold": 0.2301145792729669,
      "noise": 0.11181183772348972
    },
    "turnover_rate": 0.04169673763364448,
    "social_diffusion": 0.03136367150281762,
    "max_rounds": 300,
    "initial_population": 200,
    "max_population": 800,
    "maslow_variation": 0.5,
    "constraint_threshold_range": [
      0.05,
      0.25
    ],
    "recovery_threshold": 0.3,
    "cooperation_bonus": 0.2,
    "trust_threshold": 0.6,
    "max_relationships_per_person": 150
  },
  "outcomes": {
    "final_cooperation_rate": 0.0,
    "final_constrained_rate": 1.0,
    "final_population": 4,
    "extinction_occurred": false,
    "rounds_completed": 300,
    "first_cascade_round": null,
    "total_cascade_events": 0,
    "total_shock_events": 13,
    "total_defections": 2161432,
    "total_redemptions": 298,
    "net_strategy_change": 2161134,
    "total_births": 535,
    "total_deaths": 731,
    "max_population_reached": 735,
    "population_stability": 0.6241429309278078,
    "population_growth": 3.675,
    "avg_system_stress": 4.227103636184973,
    "max_system_stress": 5.8723958072785285,
    "avg_maslow_pressure": 0.15657674683948505,
    "avg_basic_needs_crisis_rate": 0.0,
    "avg_trust_level": 0.1286390606018503,
    "cooperation_benefit_total": 0,
    "cooperation_resilience": 0.0
  },
  "maslow_hierarchy": {
    "initial_needs_avg": {
      "physiological": 4.777906510834913,
      "safety": 6.917385296308577,
      "love": 1.699813772981218,
      "esteem": 0.9147506634772574,
      "self_actualization": 5.5744994474433485
    },
    "final_needs_avg": {
      "physiological": 4.777906510834913,
      "safety": 6.917385296308577,
      "love": 1.699813772981218,
      "esteem": 0.9147506634772574,
      "self_actualization": 5.5744994474433485
    },
    "needs_improvement": {
      "physiological": 0.0,
      "safety": 0.0,
      "love": 0.0,
      "esteem": 0.0,
      "self_actualization": 0.0
    }
  },
  "inter_group_metrics": {
    "final_group_populations": {
      "A": 4
    },
    "final_group_cooperation_rates": {
      "A": 0.0
    },
    "in_group_interaction_rate": 1.0,
    "out_group_interaction_rate": 0.0,
    "avg_in_group_trust": 0.1286390606018503,
    "avg_out_group_trust": 0.1286390606018503,
    "trust_asymmetry": 0.0,
    "group_segregation_index": 1.0,
    "total_mixing_events": 0,
    "mixing_event_success_rate": 0,
    "reputational_spillover_events": 0,
    "out_group_constraint_amplifications": 0,
    "group_extinction_events": 0
  },
  "interaction_metrics": {
    "total_interactions": 2173985,
    "avg_interaction_processing_time": 0.0
  }
}