{
  "run_id": 35,
  "parameters": {
    "shock_interval_years": 20,
    "homophily_bias": 0.0,
    "num_groups": 1,
    "out_group_trust_bias": 0.9328528855604896,
    "out_group_penalty": 1.3436022388121902,
    "intervention_interval": 0,
    "intervention_scale": 0.10461235417493485,
    "event_bonus": 1.568635333636939,
    "base_trust_delta": 0.11594760558407115,
    "group_trust_bias": 1.3207891397644396,
    "resilience_profile": {
      "threshold": 0.19095078811947486,
      "noise": 0.05967164967476341
    },
    "turnover_rate": 0.04794856752430024,
    "social_diffusion": 0.030090171531585466,
    "max_rounds": 300,
    "initial_population": 200,
    "max_population": 800,
    "maslow_variation": 0.5,
    "constraint_threshold_range": [
      0.05,
      0.25
    ],
    "recovery_threshold": 0.3,
    "cooperation_bonus": 0.2,
    "trust_threshold": 0.6,
    "max_relationships_per_person": 150
  },
  "outcomes": {
    "final_cooperation_rate": 0.0,
    "final_constrained_rate": 1.0,
    "final_population": 3,
    "extinction_occurred": false,
    "rounds_completed": 300,
    "first_cascade_round": null,
    "total_cascade_events": 0,
    "total_shock_events": 0,
    "total_defections": 2329011,
    "total_redemptions": 494,
    "net_strategy_change": 2328517,
    "total_births": 600,
    "total_deaths": 797,
    "max_population_reached": 800,
    "population_stability": 0.6481545167392309,
    "population_growth": 4.0,
    "avg_system_stress": 0.0,
    "max_system_stress": 0.0,
    "avg_maslow_pressure": 0.13215595622162432,
    "avg_basic_needs_crisis_rate": 0.3333333333333333,
    "avg_trust_level": 0.0888544164241592,
    "cooperation_benefit_total": 0,
    "cooperation_resilience": 0.0
  },
  "maslow_hierarchy": {
    "initial_needs_avg": {
      "physiological": 3.936408384958755,
      "safety": 6.0405929688914535,
      "love": 1.4708763852895819,
      "esteem": 1.661456656177742,
      "self_actualization": 6.9190278670684835
    },
    "final_needs_avg": {
      "physiological": 3.936408384958755,
      "safety": 6.0405929688914535,
      "love": 1.4708763852895819,
      "esteem": 1.661456656177742,
      "self_actualization": 6.9190278670684835
    },
    "needs_improvement": {
      "physiological": 0.0,
      "safety": 0.0,
      "love": 0.0,
      "esteem": 0.0,
      "self_actualization": 0.0
    }
  },
  "inter_group_metrics": {
    "final_group_populations": {
      "A": 3
    },
    "final_group_cooperation_rates": {
      "A": 0.0
    },
    "in_group_interaction_rate": 1.0,
    "out_group_interaction_rate": 0.0,
    "avg_in_group_trust": 0.0888544164241592,
    "avg_out_group_trust": 0.0888544164241592,
    "trust_asymmetry": 0.0,
    "group_segregation_index": 1.0,
    "total_mixing_events": 0,
    "mixing_event_success_rate": 0,
    "reputational_spillover_events": 0,
    "out_group_constraint_amplifications": 0,
    "group_extinction_events": 0
  },
  "interaction_metrics": {
    "total_interactions": 2355801,
    "avg_interaction_processing_time": 0.0
  }
}