{
  "run_id": 31,
  "parameters": {
    "shock_interval_years": 2,
    "homophily_bias": 0.0,
    "num_groups": 1,
    "out_group_trust_bias": 1.084801223281257,
    "out_group_penalty": 1.353383871961768,
    "intervention_interval": 0,
    "intervention_scale": 0.27301659943751505,
    "event_bonus": 1.6934712599690789,
    "base_trust_delta": 0.1272186077065232,
    "group_trust_bias": 1.3812284651022364,
    "resilience_profile": {
      "threshold": 0.20913288757089182,
      "noise": 0.08303937669212522
    },
    "turnover_rate": 0.03867251531363879,
    "social_diffusion": 0.020785207197417846,
    "max_rounds": 300,
    "initial_population": 200,
    "max_population": 800,
    "maslow_variation": 0.5,
    "constraint_threshold_range": [
      0.05,
      0.25
    ],
    "recovery_threshold": 0.3,
    "cooperation_bonus": 0.2,
    "trust_threshold": 0.6,
    "max_relationships_per_person": 150
  },
  "outcomes": {
    "final_cooperation_rate": 0.0,
    "final_constrained_rate": 1.0,
    "final_population": 2,
    "extinction_occurred": false,
    "rounds_completed": 300,
    "first_cascade_round": null,
    "total_cascade_events": 0,
    "total_shock_events": 32,
    "total_defections": 2340355,
    "total_redemptions": 389,
    "net_strategy_change": 2339966,
    "total_births": 600,
    "total_deaths": 797,
    "max_population_reached": 800,
    "population_stability": 0.6282691371244693,
    "population_growth": 4.0,
    "avg_system_stress": 8.870925318582968,
    "max_system_stress": 17.87941231731705,
    "avg_maslow_pressure": 0.13844695702486798,
    "avg_basic_needs_crisis_rate": 0.5,
    "avg_trust_level": 0.08324084077182818,
    "cooperation_benefit_total": 0,
    "cooperation_resilience": 0.0
  },
  "maslow_hierarchy": {
    "initial_needs_avg": {
      "physiological": 3.12594597237946,
      "safety": 8.506525082035946,
      "love": 1.9885048228989557,
      "esteem": 0.42278961379104163,
      "self_actualization": 6.479837832306125
    },
    "final_needs_avg": {
      "physiological": 3.12594597237946,
      "safety": 8.506525082035946,
      "love": 1.9885048228989557,
      "esteem": 0.42278961379104163,
      "self_actualization": 6.479837832306125
    },
    "needs_improvement": {
      "physiological": 0.0,
      "safety": 0.0,
      "love": 0.0,
      "esteem": 0.0,
      "self_actualization": 0.0
    }
  },
  "inter_group_metrics": {
    "final_group_populations": {
      "A": 2
    },
    "final_group_cooperation_rates": {
      "A": 0.0
    },
    "in_group_interaction_rate": 1.0,
    "out_group_interaction_rate": 0.0,
    "avg_in_group_trust": 0.08324084077182818,
    "avg_out_group_trust": 0.08324084077182818,
    "trust_asymmetry": 0.0,
    "group_segregation_index": 1.0,
    "total_mixing_events": 0,
    "mixing_event_success_rate": 0,
    "reputational_spillover_events": 0,
    "out_group_constraint_amplifications": 0,
    "group_extinction_events": 0
  },
  "interaction_metrics": {
    "total_interactions": 2358964,
    "avg_interaction_processing_time": 0.0
  }
}