{
  "run_id": 1,
  "parameters": {
    "shock_interval_years": 2,
    "homophily_bias": 0.0,
    "num_groups": 1,
    "out_group_trust_bias": 0.9524842090886065,
    "out_group_penalty": 1.467357537710032,
    "intervention_interval": 0,
    "intervention_scale": 0.09985097723259558,
    "event_bonus": 2.231472963272613,
    "base_trust_delta": 0.0726032394538439,
    "group_trust_bias": 1.748128734117739,
    "resilience_profile": {
      "threshold": 0.14673284744302525,
      "noise": 0.12187607718458807
    },
    "turnover_rate": 0.021869975840285827,
    "social_diffusion": 0.08422771624732728,
    "max_rounds": 300,
    "initial_population": 200,
    "max_population": 800,
    "maslow_variation": 0.5,
    "constraint_threshold_range": [
      0.05,
      0.25
    ],
    "recovery_threshold": 0.3,
    "cooperation_bonus": 0.2,
    "trust_threshold": 0.6,
    "max_relationships_per_person": 150
  },
  "outcomes": {
    "final_cooperation_rate": 0.0,
    "final_constrained_rate": 1.0,
    "final_population": 2,
    "extinction_occurred": false,
    "rounds_completed": 300,
    "first_cascade_round": null,
    "total_cascade_events": 0,
    "total_shock_events": 37,
    "total_defections": 1620829,
    "total_redemptions": 284,
    "net_strategy_change": 1620545,
    "total_births": 357,
    "total_deaths": 554,
    "max_population_reached": 557,
    "population_stability": 0.5757820694053609,
    "population_growth": 2.785,
    "avg_system_stress": 8.824887422166851,
    "max_system_stress": 16.486803871242095,
    "avg_maslow_pressure": 0.19647190440185455,
    "avg_basic_needs_crisis_rate": 0.0,
    "avg_trust_level": 0.10972944609776239,
    "cooperation_benefit_total": 0,
    "cooperation_resilience": 0.0
  },
  "maslow_hierarchy": {
    "initial_needs_avg": {
      "physiological": 6.288774025891756,
      "safety": 3.958577607431824,
      "love": 1.432799220894229,
      "esteem": 1.1518034766199898,
      "self_actualization": 3.962771250611193
    },
    "final_needs_avg": {
      "physiological": 6.288774025891756,
      "safety": 3.958577607431824,
      "love": 1.432799220894229,
      "esteem": 1.1518034766199898,
      "self_actualization": 3.962771250611193
    },
    "needs_improvement": {
      "physiological": 0.0,
      "safety": 0.0,
      "love": 0.0,
      "esteem": 0.0,
      "self_actualization": 0.0
    }
  },
  "inter_group_metrics": {
    "final_group_populations": {
      "A": 2
    },
    "final_group_cooperation_rates": {
      "A": 0.0
    },
    "in_group_interaction_rate": 1.0,
    "out_group_interaction_rate": 0.0,
    "avg_in_group_trust": 0.10972944609776239,
    "avg_out_group_trust": 0.10972944609776239,
    "trust_asymmetry": 0.0,
    "group_segregation_index": 1.0,
    "total_mixing_events": 0,
    "mixing_event_success_rate": 0,
    "reputational_spillover_events": 0,
    "out_group_constraint_amplifications": 0,
    "group_extinction_events": 0
  },
  "interaction_metrics": {
    "total_interactions": 1636313,
    "avg_interaction_processing_time": 0.0
  }
}