{
  "run_id": 113,
  "parameters": {
    "shock_interval_years": 2,
    "homophily_bias": 0.039472582826484276,
    "num_groups": 3,
    "out_group_trust_bias": 0.8854079190470339,
    "out_group_penalty": 1.473129432299844,
    "intervention_interval": 15,
    "intervention_scale": 0.15067900592335437,
    "event_bonus": 1.7602583236940827,
    "base_trust_delta": 0.1590652793596391,
    "group_trust_bias": 1.6953667979330826,
    "resilience_profile": {
      "threshold": 0.2737079744044111,
      "noise": 0.015124786472935602
    },
    "turnover_rate": 0.037212270563434804,
    "social_diffusion": 0.003282015951821571,
    "max_rounds": 300,
    "initial_population": 200,
    "max_population": 800,
    "maslow_variation": 0.5,
    "constraint_threshold_range": [
      0.2,
      0.8
    ],
    "recovery_threshold": 0.15,
    "cooperation_bonus": 0.2,
    "trust_threshold": 0.6,
    "max_relationships_per_person": 150
  },
  "outcomes": {
    "final_cooperation_rate": 0.748211731044349,
    "behavioral_cooperation_rate": 0.19698668587425466,
    "final_constrained_rate": 0.25178826895565093,
    "final_population": 699,
    "extinction_occurred": false,
    "rounds_completed": 300,
    "first_cascade_round": null,
    "total_cascade_events": 0,
    "total_shock_events": 44,
    "total_defections": 323988,
    "total_redemptions": 3463,
    "net_strategy_change": 320525,
    "total_births": 752,
    "total_deaths": 251,
    "max_population_reached": 728,
    "population_stability": 0.01946687832677745,
    "population_growth": 3.64,
    "avg_system_stress": 10.833723691300797,
    "max_system_stress": 16.883847107237106,
    "avg_maslow_pressure": 0.10973769221024633,
    "avg_basic_needs_crisis_rate": 0.30758226037195996,
    "avg_trust_level": 0.5839216498562103,
    "cooperation_benefit_total": 0,
    "cooperation_resilience": 0.748211731044349
  },
  "maslow_hierarchy": {
    "initial_needs_avg": {
      "physiological": 5.094546478216349,
      "safety": 5.3204151369560355,
      "love": 8.469786054252465,
      "esteem": 1.2116318845758935,
      "self_actualization": 5.357321354038894
    },
    "final_needs_avg": {
      "physiological": 5.094546478216349,
      "safety": 5.3204151369560355,
      "love": 8.469786054252465,
      "esteem": 1.2116318845758935,
      "self_actualization": 5.357321354038894
    },
    "needs_improvement": {
      "physiological": 0.0,
      "safety": 0.0,
      "love": 0.0,
      "esteem": 0.0,
      "self_actualization": 0.0
    }
  },
  "inter_group_metrics": {
    "final_group_populations": {
      "A": 237,
      "B": 274,
      "C": 188
    },
    "final_group_cooperation_rates": {
      "A": 0.7721518987341772,
      "B": 0.7372262773722628,
      "C": 0.7340425531914894
    },
    "in_group_interaction_rate": 0.35889477162524414,
    "out_group_interaction_rate": 0.6411052283747559,
    "avg_in_group_trust": 0.6562664092037617,
    "avg_out_group_trust": 0.5115768905086591,
    "trust_asymmetry": 0.1446895186951026,
    "group_segregation_index": 0.35889477162524414,
    "total_mixing_events": 20,
    "mixing_event_success_rate": 1.0,
    "reputational_spillover_events": 0,
    "out_group_constraint_amplifications": 0,
    "group_extinction_events": 0
  },
  "interaction_metrics": {
    "total_interactions": 269338,
    "avg_interaction_processing_time": 0.0
  }
}