{
  "run_id": 122,
  "parameters": {
    "shock_interval_years": 5,
    "homophily_bias": 0.5092175788426901,
    "num_groups": 3,
    "out_group_trust_bias": 0.986248991427297,
    "out_group_penalty": 1.4534851428515534,
    "intervention_interval": 25,
    "intervention_scale": 0.24478676900401014,
    "event_bonus": 1.6522597862298958,
    "base_trust_delta": 0.09334578319171491,
    "group_trust_bias": 1.3812953110549349,
    "resilience_profile": {
      "threshold": 0.21065703796444746,
      "noise": 0.07149487577720995
    },
    "turnover_rate": 0.02433689892316014,
    "social_diffusion": 0.053811885894554747,
    "max_rounds": 300,
    "initial_population": 200,
    "max_population": 800,
    "maslow_variation": 0.5,
    "constraint_threshold_range": [
      0.2,
      0.8
    ],
    "recovery_threshold": 0.15,
    "cooperation_bonus": 0.2,
    "trust_threshold": 0.6,
    "max_relationships_per_person": 150
  },
  "outcomes": {
    "final_cooperation_rate": 0.9646302250803859,
    "behavioral_cooperation_rate": 0.5118570491141285,
    "final_constrained_rate": 0.03536977491961415,
    "final_population": 311,
    "extinction_occurred": false,
    "rounds_completed": 300,
    "first_cascade_round": null,
    "total_cascade_events": 0,
    "total_shock_events": 17,
    "total_defections": 127751,
    "total_redemptions": 1047,
    "net_strategy_change": 126704,
    "total_births": 357,
    "total_deaths": 245,
    "max_population_reached": 496,
    "population_stability": 0.03286125885595223,
    "population_growth": 2.48,
    "avg_system_stress": 3.240194803961175,
    "max_system_stress": 6.446125294077937,
    "avg_maslow_pressure": 0.05846923145720325,
    "avg_basic_needs_crisis_rate": 0.2347266881028939,
    "avg_trust_level": 0.6055814157862757,
    "cooperation_benefit_total": 0,
    "cooperation_resilience": 0.9646302250803859
  },
  "maslow_hierarchy": {
    "initial_needs_avg": {
      "physiological": 5.59300452927489,
      "safety": 5.3186928280173,
      "love": 9.608358798992324,
      "esteem": 4.05480640575141,
      "self_actualization": 5.514085507162647
    },
    "final_needs_avg": {
      "physiological": 5.59300452927489,
      "safety": 5.3186928280173,
      "love": 9.608358798992324,
      "esteem": 4.05480640575141,
      "self_actualization": 5.514085507162647
    },
    "needs_improvement": {
      "physiological": 0.0,
      "safety": 0.0,
      "love": 0.0,
      "esteem": 0.0,
      "self_actualization": 0.0
    }
  },
  "inter_group_metrics": {
    "final_group_populations": {
      "B": 90,
      "C": 114,
      "A": 107
    },
    "final_group_cooperation_rates": {
      "B": 0.9777777777777777,
      "C": 0.9912280701754386,
      "A": 0.9252336448598131
    },
    "in_group_interaction_rate": 0.6676896673565191,
    "out_group_interaction_rate": 0.3323103326434809,
    "avg_in_group_trust": 0.63556045708593,
    "avg_out_group_trust": 0.5756023744866213,
    "trust_asymmetry": 0.05995808259930868,
    "group_segregation_index": 0.6676896673565191,
    "total_mixing_events": 12,
    "mixing_event_success_rate": 1.0,
    "reputational_spillover_events": 0,
    "out_group_constraint_amplifications": 0,
    "group_extinction_events": 0
  },
  "interaction_metrics": {
    "total_interactions": 198110,
    "avg_interaction_processing_time": 0.0
  }
}