{
  "run_id": 44,
  "parameters": {
    "shock_interval_years": 20,
    "homophily_bias": 0.0,
    "num_groups": 1,
    "out_group_trust_bias": 1.043883688865665,
    "out_group_penalty": 1.1213041714580738,
    "intervention_interval": 0,
    "intervention_scale": 0.15346197980977222,
    "event_bonus": 1.701708025831055,
    "base_trust_delta": 0.09462315686588471,
    "group_trust_bias": 1.8409547166995985,
    "resilience_profile": {
      "threshold": 0.10606525097156982,
      "noise": 0.09076132890828072
    },
    "turnover_rate": 0.02119019687569426,
    "social_diffusion": 0.0969543269475644,
    "max_rounds": 300,
    "initial_population": 200,
    "max_population": 800,
    "maslow_variation": 0.5,
    "constraint_threshold_range": [
      0.2,
      0.8
    ],
    "recovery_threshold": 0.15,
    "cooperation_bonus": 0.2,
    "trust_threshold": 0.6,
    "max_relationships_per_person": 150
  },
  "outcomes": {
    "final_cooperation_rate": 0.9725490196078431,
    "behavioral_cooperation_rate": 0.7903195131228604,
    "final_constrained_rate": 0.027450980392156862,
    "final_population": 255,
    "extinction_occurred": false,
    "rounds_completed": 300,
    "first_cascade_round": null,
    "total_cascade_events": 0,
    "total_shock_events": 5,
    "total_defections": 40736,
    "total_redemptions": 1,
    "net_strategy_change": 40735,
    "total_births": 287,
    "total_deaths": 230,
    "max_population_reached": 433,
    "population_stability": 0.018389176603888467,
    "population_growth": 2.165,
    "avg_system_stress": 0.2989782050216054,
    "max_system_stress": 1.3593099098213122,
    "avg_maslow_pressure": 0.04764526311720648,
    "avg_basic_needs_crisis_rate": 0.2784313725490196,
    "avg_trust_level": 0.7276982606042149,
    "cooperation_benefit_total": 0,
    "cooperation_resilience": 0.9725490196078431
  },
  "maslow_hierarchy": {
    "initial_needs_avg": {
      "physiological": 5.233372209973228,
      "safety": 5.459577532314964,
      "love": 9.927585639623093,
      "esteem": 5.657456512795845,
      "self_actualization": 5.761550521008167
    },
    "final_needs_avg": {
      "physiological": 5.233372209973228,
      "safety": 5.459577532314964,
      "love": 9.927585639623093,
      "esteem": 5.657456512795845,
      "self_actualization": 5.761550521008167
    },
    "needs_improvement": {
      "physiological": 0.0,
      "safety": 0.0,
      "love": 0.0,
      "esteem": 0.0,
      "self_actualization": 0.0
    }
  },
  "inter_group_metrics": {
    "final_group_populations": {
      "A": 255
    },
    "final_group_cooperation_rates": {
      "A": 0.9725490196078431
    },
    "in_group_interaction_rate": 1.0,
    "out_group_interaction_rate": 0.0,
    "avg_in_group_trust": 0.7276982606042149,
    "avg_out_group_trust": 0.7276982606042149,
    "trust_asymmetry": 0.0,
    "group_segregation_index": 1.0,
    "total_mixing_events": 0,
    "mixing_event_success_rate": 0,
    "reputational_spillover_events": 0,
    "out_group_constraint_amplifications": 0,
    "group_extinction_events": 0
  },
  "interaction_metrics": {
    "total_interactions": 178772,
    "avg_interaction_processing_time": 0.0
  }
}