{
  "run_id": 104,
  "parameters": {
    "shock_interval_years": 5,
    "homophily_bias": 0.1509093295346977,
    "num_groups": 3,
    "out_group_trust_bias": 0.8567638009045072,
    "out_group_penalty": 1.3778843667682312,
    "intervention_interval": 10,
    "intervention_scale": 0.17001106149967593,
    "event_bonus": 2.0804988150640074,
    "base_trust_delta": 0.16184017714334142,
    "group_trust_bias": 1.343849522336926,
    "resilience_profile": {
      "threshold": 0.36287236661865796,
      "noise": 0.02983592485189148
    },
    "turnover_rate": 0.030061791120114274,
    "social_diffusion": 0.008903264243359998,
    "max_rounds": 300,
    "initial_population": 200,
    "max_population": 800,
    "maslow_variation": 0.5,
    "constraint_threshold_range": [
      0.2,
      0.8
    ],
    "recovery_threshold": 0.15,
    "cooperation_bonus": 0.2,
    "trust_threshold": 0.6,
    "max_relationships_per_person": 150
  },
  "outcomes": {
    "final_cooperation_rate": 0.989010989010989,
    "behavioral_cooperation_rate": 0.47949857160383474,
    "final_constrained_rate": 0.01098901098901099,
    "final_population": 455,
    "extinction_occurred": false,
    "rounds_completed": 300,
    "first_cascade_round": null,
    "total_cascade_events": 0,
    "total_shock_events": 10,
    "total_defections": 154273,
    "total_redemptions": 779,
    "net_strategy_change": 153494,
    "total_births": 509,
    "total_deaths": 252,
    "max_population_reached": 582,
    "population_stability": 0.0045534954617882815,
    "population_growth": 2.91,
    "avg_system_stress": 1.3090415436832783,
    "max_system_stress": 2.8805607995704356,
    "avg_maslow_pressure": 0.04552357248840498,
    "avg_basic_needs_crisis_rate": 0.2571428571428571,
    "avg_trust_level": 0.7044430458843037,
    "cooperation_benefit_total": 0,
    "cooperation_resilience": 0.989010989010989
  },
  "maslow_hierarchy": {
    "initial_needs_avg": {
      "physiological": 5.522034076262997,
      "safety": 5.86007527253457,
      "love": 9.863831531797183,
      "esteem": 5.354753681503502,
      "self_actualization": 5.029893272827647
    },
    "final_needs_avg": {
      "physiological": 5.522034076262997,
      "safety": 5.86007527253457,
      "love": 9.863831531797183,
      "esteem": 5.354753681503502,
      "self_actualization": 5.029893272827647
    },
    "needs_improvement": {
      "physiological": 0.0,
      "safety": 0.0,
      "love": 0.0,
      "esteem": 0.0,
      "self_actualization": 0.0
    }
  },
  "inter_group_metrics": {
    "final_group_populations": {
      "B": 149,
      "C": 190,
      "A": 116
    },
    "final_group_cooperation_rates": {
      "B": 0.9798657718120806,
      "C": 0.9894736842105263,
      "A": 1.0
    },
    "in_group_interaction_rate": 0.4384518989782148,
    "out_group_interaction_rate": 0.5615481010217852,
    "avg_in_group_trust": 0.7616235615113741,
    "avg_out_group_trust": 0.6472625302572333,
    "trust_asymmetry": 0.11436103125414077,
    "group_segregation_index": 0.4384518989782148,
    "total_mixing_events": 30,
    "mixing_event_success_rate": 1.0,
    "reputational_spillover_events": 0,
    "out_group_constraint_amplifications": 0,
    "group_extinction_events": 0
  },
  "interaction_metrics": {
    "total_interactions": 228228,
    "avg_interaction_processing_time": 0.0
  }
}