{
  "run_id": 13,
  "parameters": {
    "shock_interval_years": 10,
    "homophily_bias": 0.08481101517704764,
    "num_groups": 2,
    "out_group_trust_bias": 1.1177314793999191,
    "out_group_penalty": 1.330260392125486,
    "intervention_interval": 25,
    "intervention_scale": 0.21739674274178006,
    "event_bonus": 1.7367599269045524,
    "base_trust_delta": 0.12042916466596384,
    "group_trust_bias": 1.3646722365575956,
    "resilience_profile": {
      "threshold": 0.26334130047462323,
      "noise": 0.098666892647637
    },
    "turnover_rate": 0.031052293813733586,
    "social_diffusion": 0.017216768443556463,
    "max_rounds": 300,
    "initial_population": 200,
    "max_population": 800,
    "maslow_variation": 0.5,
    "constraint_threshold_range": [
      0.2,
      0.8
    ],
    "recovery_threshold": 0.15,
    "cooperation_bonus": 0.2,
    "trust_threshold": 0.6,
    "max_relationships_per_person": 150
  },
  "outcomes": {
    "final_cooperation_rate": 0.9886578449905482,
    "behavioral_cooperation_rate": 0.556906718937884,
    "final_constrained_rate": 0.011342155009451797,
    "final_population": 529,
    "extinction_occurred": false,
    "rounds_completed": 300,
    "first_cascade_round": null,
    "total_cascade_events": 0,
    "total_shock_events": 6,
    "total_defections": 137041,
    "total_redemptions": 184,
    "net_strategy_change": 136857,
    "total_births": 584,
    "total_deaths": 252,
    "max_population_reached": 625,
    "population_stability": 0.007307271927235113,
    "population_growth": 3.125,
    "avg_system_stress": 1.49690161130586,
    "max_system_stress": 2.6844080490956985,
    "avg_maslow_pressure": 0.03087875533613292,
    "avg_basic_needs_crisis_rate": 0.2060491493383743,
    "avg_trust_level": 0.6722919580877618,
    "cooperation_benefit_total": 0,
    "cooperation_resilience": 0.9886578449905482
  },
  "maslow_hierarchy": {
    "initial_needs_avg": {
      "physiological": 5.74254692666005,
      "safety": 5.451508980002927,
      "love": 9.940648337899312,
      "esteem": 5.854471461036963,
      "self_actualization": 5.7624841302695895
    },
    "final_needs_avg": {
      "physiological": 5.74254692666005,
      "safety": 5.451508980002927,
      "love": 9.940648337899312,
      "esteem": 5.854471461036963,
      "self_actualization": 5.7624841302695895
    },
    "needs_improvement": {
      "physiological": 0.0,
      "safety": 0.0,
      "love": 0.0,
      "esteem": 0.0,
      "self_actualization": 0.0
    }
  },
  "inter_group_metrics": {
    "final_group_populations": {
      "B": 295,
      "A": 234
    },
    "final_group_cooperation_rates": {
      "B": 0.9966101694915255,
      "A": 0.9786324786324786
    },
    "in_group_interaction_rate": 0.5452939432374112,
    "out_group_interaction_rate": 0.45470605676258874,
    "avg_in_group_trust": 0.7374840782605648,
    "avg_out_group_trust": 0.6070998379149588,
    "trust_asymmetry": 0.13038424034560603,
    "group_segregation_index": 0.5452939432374112,
    "total_mixing_events": 12,
    "mixing_event_success_rate": 1.0,
    "reputational_spillover_events": 0,
    "out_group_constraint_amplifications": 0,
    "group_extinction_events": 0
  },
  "interaction_metrics": {
    "total_interactions": 242836,
    "avg_interaction_processing_time": 0.0
  }
}