{
  "run_id": 97,
  "parameters": {
    "shock_interval_years": 5,
    "homophily_bias": 0.0,
    "num_groups": 1,
    "out_group_trust_bias": 1.133256886021616,
    "out_group_penalty": 1.1139737921829302,
    "intervention_interval": 0,
    "intervention_scale": 0.18849109071873865,
    "event_bonus": 2.222086245866459,
    "base_trust_delta": 0.13902883229126434,
    "group_trust_bias": 1.8683764366145195,
    "resilience_profile": {
      "threshold": 0.3426044555752903,
      "noise": 0.06140376992151389
    },
    "turnover_rate": 0.035717146946209824,
    "social_diffusion": 0.04784234379928372,
    "max_rounds": 300,
    "initial_population": 200,
    "max_population": 800,
    "maslow_variation": 0.5,
    "constraint_threshold_range": [
      0.2,
      0.8
    ],
    "recovery_threshold": 0.15,
    "cooperation_bonus": 0.2,
    "trust_threshold": 0.6,
    "max_relationships_per_person": 150
  },
  "outcomes": {
    "final_cooperation_rate": 0.7087378640776699,
    "behavioral_cooperation_rate": 0.6530579631842083,
    "final_constrained_rate": 0.2912621359223301,
    "final_population": 618,
    "extinction_occurred": false,
    "rounds_completed": 300,
    "first_cascade_round": null,
    "total_cascade_events": 0,
    "total_shock_events": 11,
    "total_defections": 104877,
    "total_redemptions": 1084,
    "net_strategy_change": 103793,
    "total_births": 686,
    "total_deaths": 267,
    "max_population_reached": 698,
    "population_stability": 0.012645564962083437,
    "population_growth": 3.49,
    "avg_system_stress": 1.83584967432508,
    "max_system_stress": 5.509496802557892,
    "avg_maslow_pressure": 0.0575177889665506,
    "avg_basic_needs_crisis_rate": 0.24271844660194175,
    "avg_trust_level": 0.7362185529448102,
    "cooperation_benefit_total": 0,
    "cooperation_resilience": 0.7087378640776699
  },
  "maslow_hierarchy": {
    "initial_needs_avg": {
      "physiological": 5.472250731361713,
      "safety": 5.809734542567262,
      "love": 9.194360504321144,
      "esteem": 3.714415473421224,
      "self_actualization": 5.700200346553372
    },
    "final_needs_avg": {
      "physiological": 5.472250731361713,
      "safety": 5.809734542567262,
      "love": 9.194360504321144,
      "esteem": 3.714415473421224,
      "self_actualization": 5.700200346553372
    },
    "needs_improvement": {
      "physiological": 0.0,
      "safety": 0.0,
      "love": 0.0,
      "esteem": 0.0,
      "self_actualization": 0.0
    }
  },
  "inter_group_metrics": {
    "final_group_populations": {
      "A": 618
    },
    "final_group_cooperation_rates": {
      "A": 0.7087378640776699
    },
    "in_group_interaction_rate": 1.0,
    "out_group_interaction_rate": 0.0,
    "avg_in_group_trust": 0.7362185529448102,
    "avg_out_group_trust": 0.7362185529448102,
    "trust_asymmetry": 0.0,
    "group_segregation_index": 1.0,
    "total_mixing_events": 0,
    "mixing_event_success_rate": 0,
    "reputational_spillover_events": 0,
    "out_group_constraint_amplifications": 0,
    "group_extinction_events": 0
  },
  "interaction_metrics": {
    "total_interactions": 262822,
    "avg_interaction_processing_time": 0.0
  }
}