{
  "run_id": 134,
  "parameters": {
    "shock_interval_years": 5,
    "homophily_bias": 0.23717533779525724,
    "num_groups": 2,
    "out_group_trust_bias": 0.961427718041093,
    "out_group_penalty": 1.311321730636077,
    "intervention_interval": 20,
    "intervention_scale": 0.1916852019933456,
    "event_bonus": 1.651316923653094,
    "base_trust_delta": 0.10550984217015773,
    "group_trust_bias": 1.665646993684313,
    "resilience_profile": {
      "threshold": 0.2700558972285154,
      "noise": 0.12212300704353886
    },
    "turnover_rate": 0.03940318176680585,
    "social_diffusion": 0.07285564384667027,
    "max_rounds": 300,
    "initial_population": 200,
    "max_population": 800,
    "maslow_variation": 0.5,
    "constraint_threshold_range": [
      0.2,
      0.8
    ],
    "recovery_threshold": 0.15,
    "cooperation_bonus": 0.2,
    "trust_threshold": 0.6,
    "max_relationships_per_person": 150
  },
  "outcomes": {
    "final_cooperation_rate": 0.9520807061790668,
    "behavioral_cooperation_rate": 0.5500199405907916,
    "final_constrained_rate": 0.04791929382093316,
    "final_population": 793,
    "extinction_occurred": false,
    "rounds_completed": 300,
    "first_cascade_round": null,
    "total_cascade_events": 0,
    "total_shock_events": 11,
    "total_defections": 163681,
    "total_redemptions": 454,
    "net_strategy_change": 163227,
    "total_births": 857,
    "total_deaths": 262,
    "max_population_reached": 800,
    "population_stability": 0.01561874800206629,
    "population_growth": 4.0,
    "avg_system_stress": 1.284320335317555,
    "max_system_stress": 2.1699893494377767,
    "avg_maslow_pressure": 0.027950554871925853,
    "avg_basic_needs_crisis_rate": 0.23455233291298866,
    "avg_trust_level": 0.6523658089384003,
    "cooperation_benefit_total": 0,
    "cooperation_resilience": 0.9520807061790668
  },
  "maslow_hierarchy": {
    "initial_needs_avg": {
      "physiological": 5.649409748055009,
      "safety": 5.548751456481039,
      "love": 9.704374830302838,
      "esteem": 5.597012304075694,
      "self_actualization": 6.410826499329464
    },
    "final_needs_avg": {
      "physiological": 5.649409748055009,
      "safety": 5.548751456481039,
      "love": 9.704374830302838,
      "esteem": 5.597012304075694,
      "self_actualization": 6.410826499329464
    },
    "needs_improvement": {
      "physiological": 0.0,
      "safety": 0.0,
      "love": 0.0,
      "esteem": 0.0,
      "self_actualization": 0.0
    }
  },
  "inter_group_metrics": {
    "final_group_populations": {
      "B": 411,
      "A": 382
    },
    "final_group_cooperation_rates": {
      "B": 0.9635036496350365,
      "A": 0.9397905759162304
    },
    "in_group_interaction_rate": 0.6152875570713461,
    "out_group_interaction_rate": 0.3847124429286539,
    "avg_in_group_trust": 0.7158480084910087,
    "avg_out_group_trust": 0.588883609385792,
    "trust_asymmetry": 0.12696439910521673,
    "group_segregation_index": 0.6152875570713461,
    "total_mixing_events": 15,
    "mixing_event_success_rate": 1.0,
    "reputational_spillover_events": 0,
    "out_group_constraint_amplifications": 0,
    "group_extinction_events": 0
  },
  "interaction_metrics": {
    "total_interactions": 290864,
    "avg_interaction_processing_time": 0.0
  }
}