{
  "run_id": 76,
  "parameters": {
    "shock_interval_years": 2,
    "homophily_bias": 0.4806120973703083,
    "num_groups": 2,
    "out_group_trust_bias": 1.1550236501226716,
    "out_group_penalty": 1.219680776207303,
    "intervention_interval": 25,
    "intervention_scale": 0.0880095639123092,
    "event_bonus": 1.661901146268286,
    "base_trust_delta": 0.0953484963070447,
    "group_trust_bias": 1.466659792417518,
    "resilience_profile": {
      "threshold": 0.2177509347537323,
      "noise": 0.1367498037806536
    },
    "turnover_rate": 0.047294205773255674,
    "social_diffusion": 0.007055787516485057,
    "max_rounds": 300,
    "initial_population": 200,
    "max_population": 800,
    "maslow_variation": 0.5,
    "constraint_threshold_range": [
      0.2,
      0.8
    ],
    "recovery_threshold": 0.15,
    "cooperation_bonus": 0.2,
    "trust_threshold": 0.6,
    "max_relationships_per_person": 150
  },
  "outcomes": {
    "final_cooperation_rate": 0.5201511335012594,
    "behavioral_cooperation_rate": 0.3329979448535708,
    "final_constrained_rate": 0.47984886649874053,
    "final_population": 794,
    "extinction_occurred": false,
    "rounds_completed": 300,
    "first_cascade_round": null,
    "total_cascade_events": 0,
    "total_shock_events": 33,
    "total_defections": 303880,
    "total_redemptions": 3664,
    "net_strategy_change": 300216,
    "total_births": 880,
    "total_deaths": 286,
    "max_population_reached": 800,
    "population_stability": 0.003424178662790602,
    "population_growth": 4.0,
    "avg_system_stress": 6.633650066651471,
    "max_system_stress": 13.293986391448787,
    "avg_maslow_pressure": 0.09064100487932257,
    "avg_basic_needs_crisis_rate": 0.20906801007556675,
    "avg_trust_level": 0.5481166727017832,
    "cooperation_benefit_total": 0,
    "cooperation_resilience": 0.5201511335012594
  },
  "maslow_hierarchy": {
    "initial_needs_avg": {
      "physiological": 5.6143232227173625,
      "safety": 5.616732638009972,
      "love": 8.461613801532378,
      "esteem": 1.3837406702352366,
      "self_actualization": 5.2855551177130105
    },
    "final_needs_avg": {
      "physiological": 5.6143232227173625,
      "safety": 5.616732638009972,
      "love": 8.461613801532378,
      "esteem": 1.3837406702352366,
      "self_actualization": 5.2855551177130105
    },
    "needs_improvement": {
      "physiological": 0.0,
      "safety": 0.0,
      "love": 0.0,
      "esteem": 0.0,
      "self_actualization": 0.0
    }
  },
  "inter_group_metrics": {
    "final_group_populations": {
      "A": 367,
      "B": 427
    },
    "final_group_cooperation_rates": {
      "A": 0.5422343324250681,
      "B": 0.5011709601873536
    },
    "in_group_interaction_rate": 0.7409842683434051,
    "out_group_interaction_rate": 0.2590157316565948,
    "avg_in_group_trust": 0.6166136496009765,
    "avg_out_group_trust": 0.47961969580258984,
    "trust_asymmetry": 0.1369939537983867,
    "group_segregation_index": 0.7409842683434051,
    "total_mixing_events": 12,
    "mixing_event_success_rate": 1.0,
    "reputational_spillover_events": 0,
    "out_group_constraint_amplifications": 0,
    "group_extinction_events": 0
  },
  "interaction_metrics": {
    "total_interactions": 326984,
    "avg_interaction_processing_time": 0.0
  }
}