{
  "run_id": 107,
  "parameters": {
    "shock_interval_years": 5,
    "homophily_bias": 0.0,
    "num_groups": 1,
    "out_group_trust_bias": 1.1655878923398553,
    "out_group_penalty": 1.4401282127478587,
    "intervention_interval": 0,
    "intervention_scale": 0.14511512146097144,
    "event_bonus": 2.445034655821183,
    "base_trust_delta": 0.19332804920315438,
    "group_trust_bias": 1.487207578115261,
    "resilience_profile": {
      "threshold": 0.35529668628459044,
      "noise": 0.036422743697213246
    },
    "turnover_rate": 0.0292744638100563,
    "social_diffusion": 0.08811742261799699,
    "max_rounds": 300,
    "initial_population": 200,
    "max_population": 800,
    "maslow_variation": 0.5,
    "constraint_threshold_range": [
      0.2,
      0.8
    ],
    "recovery_threshold": 0.15,
    "cooperation_bonus": 0.2,
    "trust_threshold": 0.6,
    "max_relationships_per_person": 150
  },
  "outcomes": {
    "final_cooperation_rate": 0.9164677804295943,
    "behavioral_cooperation_rate": 0.7185497187316336,
    "final_constrained_rate": 0.08353221957040573,
    "final_population": 419,
    "extinction_occurred": false,
    "rounds_completed": 300,
    "first_cascade_round": null,
    "total_cascade_events": 0,
    "total_shock_events": 11,
    "total_defections": 69358,
    "total_redemptions": 421,
    "net_strategy_change": 68937,
    "total_births": 461,
    "total_deaths": 242,
    "max_population_reached": 536,
    "population_stability": 0.008473971231084941,
    "population_growth": 2.68,
    "avg_system_stress": 1.14621329309847,
    "max_system_stress": 3.311451818773971,
    "avg_maslow_pressure": 0.03867552902364014,
    "avg_basic_needs_crisis_rate": 0.2386634844868735,
    "avg_trust_level": 0.7679552486209427,
    "cooperation_benefit_total": 0,
    "cooperation_resilience": 0.9164677804295943
  },
  "maslow_hierarchy": {
    "initial_needs_avg": {
      "physiological": 6.025108802722443,
      "safety": 5.266222143172379,
      "love": 9.583138441193105,
      "esteem": 4.069182516707777,
      "self_actualization": 6.044710978581856
    },
    "final_needs_avg": {
      "physiological": 6.025108802722443,
      "safety": 5.266222143172379,
      "love": 9.583138441193105,
      "esteem": 4.069182516707777,
      "self_actualization": 6.044710978581856
    },
    "needs_improvement": {
      "physiological": 0.0,
      "safety": 0.0,
      "love": 0.0,
      "esteem": 0.0,
      "self_actualization": 0.0
    }
  },
  "inter_group_metrics": {
    "final_group_populations": {
      "A": 419
    },
    "final_group_cooperation_rates": {
      "A": 0.9164677804295943
    },
    "in_group_interaction_rate": 1.0,
    "out_group_interaction_rate": 0.0,
    "avg_in_group_trust": 0.7679552486209427,
    "avg_out_group_trust": 0.7679552486209427,
    "trust_asymmetry": 0.0,
    "group_segregation_index": 1.0,
    "total_mixing_events": 0,
    "mixing_event_success_rate": 0,
    "reputational_spillover_events": 0,
    "out_group_constraint_amplifications": 0,
    "group_extinction_events": 0
  },
  "interaction_metrics": {
    "total_interactions": 214386,
    "avg_interaction_processing_time": 0.0
  }
}