{
  "run_id": 139,
  "parameters": {
    "shock_interval_years": 2,
    "homophily_bias": 0.0,
    "num_groups": 1,
    "out_group_trust_bias": 0.9109168184825442,
    "out_group_penalty": 1.4992409560484847,
    "intervention_interval": 0,
    "intervention_scale": 0.09567234924556102,
    "event_bonus": 1.57469791860166,
    "base_trust_delta": 0.0874105080100397,
    "group_trust_bias": 1.9765223620589276,
    "resilience_profile": {
      "threshold": 0.12944950969927402,
      "noise": 0.11440093914285432
    },
    "turnover_rate": 0.04180159969499282,
    "social_diffusion": 0.09310756019446141,
    "max_rounds": 300,
    "initial_population": 200,
    "max_population": 800,
    "maslow_variation": 0.5,
    "constraint_threshold_range": [
      0.2,
      0.8
    ],
    "recovery_threshold": 0.15,
    "cooperation_bonus": 0.2,
    "trust_threshold": 0.6,
    "max_relationships_per_person": 150
  },
  "outcomes": {
    "final_cooperation_rate": 0.8025974025974026,
    "behavioral_cooperation_rate": 0.4336880156446505,
    "final_constrained_rate": 0.1974025974025974,
    "final_population": 770,
    "extinction_occurred": false,
    "rounds_completed": 300,
    "first_cascade_round": null,
    "total_cascade_events": 0,
    "total_shock_events": 28,
    "total_defections": 223988,
    "total_redemptions": 2301,
    "net_strategy_change": 221687,
    "total_births": 838,
    "total_deaths": 265,
    "max_population_reached": 800,
    "population_stability": 0.018796454316183164,
    "population_growth": 4.0,
    "avg_system_stress": 5.931856394375861,
    "max_system_stress": 10.670643887834462,
    "avg_maslow_pressure": 0.08863170111796334,
    "avg_basic_needs_crisis_rate": 0.2961038961038961,
    "avg_trust_level": 0.6330995483102928,
    "cooperation_benefit_total": 0,
    "cooperation_resilience": 0.8025974025974026
  },
  "maslow_hierarchy": {
    "initial_needs_avg": {
      "physiological": 5.513512201069351,
      "safety": 4.941854740555836,
      "love": 9.320327186732902,
      "esteem": 1.983896340191001,
      "self_actualization": 5.338600703390673
    },
    "final_needs_avg": {
      "physiological": 5.513512201069351,
      "safety": 4.941854740555836,
      "love": 9.320327186732902,
      "esteem": 1.983896340191001,
      "self_actualization": 5.338600703390673
    },
    "needs_improvement": {
      "physiological": 0.0,
      "safety": 0.0,
      "love": 0.0,
      "esteem": 0.0,
      "self_actualization": 0.0
    }
  },
  "inter_group_metrics": {
    "final_group_populations": {
      "A": 770
    },
    "final_group_cooperation_rates": {
      "A": 0.8025974025974026
    },
    "in_group_interaction_rate": 1.0,
    "out_group_interaction_rate": 0.0,
    "avg_in_group_trust": 0.6330995483102928,
    "avg_out_group_trust": 0.6330995483102928,
    "trust_asymmetry": 0.0,
    "group_segregation_index": 1.0,
    "total_mixing_events": 0,
    "mixing_event_success_rate": 0,
    "reputational_spillover_events": 0,
    "out_group_constraint_amplifications": 0,
    "group_extinction_events": 0
  },
  "interaction_metrics": {
    "total_interactions": 303746,
    "avg_interaction_processing_time": 0.0
  }
}