{
  "run_id": 88,
  "parameters": {
    "shock_interval_years": 2,
    "homophily_bias": 0.36982586094261993,
    "num_groups": 2,
    "out_group_trust_bias": 1.1328333220916775,
    "out_group_penalty": 1.3726802929367907,
    "intervention_interval": 10,
    "intervention_scale": 0.23892671510114166,
    "event_bonus": 2.363802087464889,
    "base_trust_delta": 0.18698560605382075,
    "group_trust_bias": 1.264070058946363,
    "resilience_profile": {
      "threshold": 0.13939291477866503,
      "noise": 0.0732128280065026
    },
    "turnover_rate": 0.02670055017159719,
    "social_diffusion": 0.009137368279415593,
    "max_rounds": 300,
    "initial_population": 200,
    "max_population": 800,
    "maslow_variation": 0.5,
    "constraint_threshold_range": [
      0.2,
      0.8
    ],
    "recovery_threshold": 0.15,
    "cooperation_bonus": 0.2,
    "trust_threshold": 0.6,
    "max_relationships_per_person": 150
  },
  "outcomes": {
    "final_cooperation_rate": 0.64576802507837,
    "behavioral_cooperation_rate": 0.3366125801687337,
    "final_constrained_rate": 0.3542319749216301,
    "final_population": 319,
    "extinction_occurred": false,
    "rounds_completed": 300,
    "first_cascade_round": null,
    "total_cascade_events": 0,
    "total_shock_events": 32,
    "total_defections": 183282,
    "total_redemptions": 1940,
    "net_strategy_change": 181342,
    "total_births": 365,
    "total_deaths": 246,
    "max_population_reached": 487,
    "population_stability": 0.014163738657519267,
    "population_growth": 2.435,
    "avg_system_stress": 5.923738509522288,
    "max_system_stress": 11.36284074669785,
    "avg_maslow_pressure": 0.07826788797856794,
    "avg_basic_needs_crisis_rate": 0.29780564263322884,
    "avg_trust_level": 0.6355974381779108,
    "cooperation_benefit_total": 0,
    "cooperation_resilience": 0.64576802507837
  },
  "maslow_hierarchy": {
    "initial_needs_avg": {
      "physiological": 5.492456368095759,
      "safety": 5.2337847824830135,
      "love": 8.721855582960288,
      "esteem": 2.491240601134693,
      "self_actualization": 5.716108605371882
    },
    "final_needs_avg": {
      "physiological": 5.492456368095759,
      "safety": 5.2337847824830135,
      "love": 8.721855582960288,
      "esteem": 2.491240601134693,
      "self_actualization": 5.716108605371882
    },
    "needs_improvement": {
      "physiological": 0.0,
      "safety": 0.0,
      "love": 0.0,
      "esteem": 0.0,
      "self_actualization": 0.0
    }
  },
  "inter_group_metrics": {
    "final_group_populations": {
      "A": 145,
      "B": 174
    },
    "final_group_cooperation_rates": {
      "A": 0.6068965517241379,
      "B": 0.6781609195402298
    },
    "in_group_interaction_rate": 0.6822991482388169,
    "out_group_interaction_rate": 0.3177008517611832,
    "avg_in_group_trust": 0.6258965500850677,
    "avg_out_group_trust": 0.6452983262707538,
    "trust_asymmetry": -0.01940177618568606,
    "group_segregation_index": 0.6822991482388169,
    "total_mixing_events": 30,
    "mixing_event_success_rate": 1.0,
    "reputational_spillover_events": 0,
    "out_group_constraint_amplifications": 0,
    "group_extinction_events": 0
  },
  "interaction_metrics": {
    "total_interactions": 197708,
    "avg_interaction_processing_time": 0.0
  }
}