{
  "run_id": 17,
  "parameters": {
    "shock_interval_years": 2,
    "homophily_bias": 0.3997020217686954,
    "num_groups": 3,
    "out_group_trust_bias": 1.0901316755548212,
    "out_group_penalty": 1.3933063428952712,
    "intervention_interval": 10,
    "intervention_scale": 0.20295178620624538,
    "event_bonus": 2.44559284710312,
    "base_trust_delta": 0.05320960139128996,
    "group_trust_bias": 1.9010931969125937,
    "resilience_profile": {
      "threshold": 0.27461759246823,
      "noise": 0.07864408670592367
    },
    "turnover_rate": 0.024083324722852604,
    "social_diffusion": 0.04592552020736207,
    "max_rounds": 300,
    "initial_population": 200,
    "max_population": 800,
    "maslow_variation": 0.5,
    "constraint_threshold_range": [
      0.2,
      0.8
    ],
    "recovery_threshold": 0.15,
    "cooperation_bonus": 0.2,
    "trust_threshold": 0.6,
    "max_relationships_per_person": 150
  },
  "outcomes": {
    "final_cooperation_rate": 0.5137931034482759,
    "behavioral_cooperation_rate": 0.2784653604469475,
    "final_constrained_rate": 0.4862068965517241,
    "final_population": 290,
    "extinction_occurred": false,
    "rounds_completed": 300,
    "first_cascade_round": null,
    "total_cascade_events": 0,
    "total_shock_events": 40,
    "total_defections": 183681,
    "total_redemptions": 2527,
    "net_strategy_change": 181154,
    "total_births": 318,
    "total_deaths": 227,
    "max_population_reached": 443,
    "population_stability": 0.012888897418826454,
    "population_growth": 2.215,
    "avg_system_stress": 14.33442219591986,
    "max_system_stress": 21.39712823090863,
    "avg_maslow_pressure": 0.11999046126172729,
    "avg_basic_needs_crisis_rate": 0.3413793103448276,
    "avg_trust_level": 0.6409784096691077,
    "cooperation_benefit_total": 0,
    "cooperation_resilience": 0.5137931034482759
  },
  "maslow_hierarchy": {
    "initial_needs_avg": {
      "physiological": 4.777153453502254,
      "safety": 5.081867404209004,
      "love": 8.327917217654251,
      "esteem": 1.1625020667853414,
      "self_actualization": 5.416040584730335
    },
    "final_needs_avg": {
      "physiological": 4.777153453502254,
      "safety": 5.081867404209004,
      "love": 8.327917217654251,
      "esteem": 1.1625020667853414,
      "self_actualization": 5.416040584730335
    },
    "needs_improvement": {
      "physiological": 0.0,
      "safety": 0.0,
      "love": 0.0,
      "esteem": 0.0,
      "self_actualization": 0.0
    }
  },
  "inter_group_metrics": {
    "final_group_populations": {
      "A": 94,
      "C": 98,
      "B": 98
    },
    "final_group_cooperation_rates": {
      "A": 0.5,
      "C": 0.5918367346938775,
      "B": 0.4489795918367347
    },
    "in_group_interaction_rate": 0.5969941208871503,
    "out_group_interaction_rate": 0.40300587911284974,
    "avg_in_group_trust": 0.5682771457180507,
    "avg_out_group_trust": 0.7136796736201647,
    "trust_asymmetry": -0.14540252790211405,
    "group_segregation_index": 0.5969941208871503,
    "total_mixing_events": 30,
    "mixing_event_success_rate": 1.0,
    "reputational_spillover_events": 0,
    "out_group_constraint_amplifications": 0,
    "group_extinction_events": 0
  },
  "interaction_metrics": {
    "total_interactions": 177918,
    "avg_interaction_processing_time": 0.0
  }
}