{
  "run_id": 19,
  "parameters": {
    "shock_interval_years": 20,
    "homophily_bias": 0.5660409435766239,
    "num_groups": 3,
    "out_group_trust_bias": 1.0712308980817733,
    "out_group_penalty": 1.4077004864102394,
    "intervention_interval": 10,
    "intervention_scale": 0.1175189526696465,
    "event_bonus": 1.9378317018056266,
    "base_trust_delta": 0.18887197741233547,
    "group_trust_bias": 1.3924212902895003,
    "resilience_profile": {
      "threshold": 0.14118994166310686,
      "noise": 0.05756355843099295
    },
    "turnover_rate": 0.042328132814435496,
    "social_diffusion": 0.06052907955924816,
    "max_rounds": 300,
    "initial_population": 200,
    "max_population": 800,
    "maslow_variation": 0.5,
    "constraint_threshold_range": [
      0.2,
      0.8
    ],
    "recovery_threshold": 0.15,
    "cooperation_bonus": 0.2,
    "trust_threshold": 0.6,
    "max_relationships_per_person": 150
  },
  "outcomes": {
    "final_cooperation_rate": 0.9921976592977894,
    "behavioral_cooperation_rate": 0.6268169874574472,
    "final_constrained_rate": 0.007802340702210663,
    "final_population": 769,
    "extinction_occurred": false,
    "rounds_completed": 300,
    "first_cascade_round": null,
    "total_cascade_events": 0,
    "total_shock_events": 4,
    "total_defections": 141873,
    "total_redemptions": 44,
    "net_strategy_change": 141829,
    "total_births": 844,
    "total_deaths": 271,
    "max_population_reached": 800,
    "population_stability": 0.014117060862855689,
    "population_growth": 4.0,
    "avg_system_stress": 0.10823414195959008,
    "max_system_stress": 0.4246833038069341,
    "avg_maslow_pressure": 0.02026488010458773,
    "avg_basic_needs_crisis_rate": 0.15474642392717816,
    "avg_trust_level": 0.7450563770642245,
    "cooperation_benefit_total": 0,
    "cooperation_resilience": 0.9921976592977894
  },
  "maslow_hierarchy": {
    "initial_needs_avg": {
      "physiological": 6.172949062862761,
      "safety": 6.112226955603506,
      "love": 9.964611919087451,
      "esteem": 6.378790756705626,
      "self_actualization": 5.708013604291929
    },
    "final_needs_avg": {
      "physiological": 6.172949062862761,
      "safety": 6.112226955603506,
      "love": 9.964611919087451,
      "esteem": 6.378790756705626,
      "self_actualization": 5.708013604291929
    },
    "needs_improvement": {
      "physiological": 0.0,
      "safety": 0.0,
      "love": 0.0,
      "esteem": 0.0,
      "self_actualization": 0.0
    }
  },
  "inter_group_metrics": {
    "final_group_populations": {
      "A": 305,
      "C": 251,
      "B": 213
    },
    "final_group_cooperation_rates": {
      "A": 0.9901639344262295,
      "C": 0.9960159362549801,
      "B": 0.9906103286384976
    },
    "in_group_interaction_rate": 0.7104501857436867,
    "out_group_interaction_rate": 0.2895498142563133,
    "avg_in_group_trust": 0.833056331441136,
    "avg_out_group_trust": 0.6570564226873128,
    "trust_asymmetry": 0.1759999087538232,
    "group_segregation_index": 0.7104501857436867,
    "total_mixing_events": 30,
    "mixing_event_success_rate": 1.0,
    "reputational_spillover_events": 0,
    "out_group_constraint_amplifications": 0,
    "group_extinction_events": 0
  },
  "interaction_metrics": {
    "total_interactions": 309028,
    "avg_interaction_processing_time": 0.0
  }
}