{
  "run_id": 82,
  "parameters": {
    "shock_interval_years": 5,
    "homophily_bias": 0.0,
    "num_groups": 1,
    "out_group_trust_bias": 0.9440063263480744,
    "out_group_penalty": 1.435888969618956,
    "intervention_interval": 0,
    "intervention_scale": 0.0887347127306898,
    "event_bonus": 1.663937044299134,
    "base_trust_delta": 0.17879302328032148,
    "group_trust_bias": 1.859732129067331,
    "resilience_profile": {
      "threshold": 0.26334290792950266,
      "noise": 0.12614499766749646
    },
    "turnover_rate": 0.02755788439426079,
    "social_diffusion": 0.018659695016862776,
    "max_rounds": 300,
    "initial_population": 200,
    "max_population": 800,
    "maslow_variation": 0.5,
    "constraint_threshold_range": [
      0.2,
      0.8
    ],
    "recovery_threshold": 0.15,
    "cooperation_bonus": 0.2,
    "trust_threshold": 0.6,
    "max_relationships_per_person": 150
  },
  "outcomes": {
    "final_cooperation_rate": 0.9880239520958084,
    "behavioral_cooperation_rate": 0.7354365205285947,
    "final_constrained_rate": 0.011976047904191617,
    "final_population": 334,
    "extinction_occurred": false,
    "rounds_completed": 300,
    "first_cascade_round": null,
    "total_cascade_events": 0,
    "total_shock_events": 12,
    "total_defections": 58841,
    "total_redemptions": 223,
    "net_strategy_change": 58618,
    "total_births": 375,
    "total_deaths": 240,
    "max_population_reached": 489,
    "population_stability": 0.011406263109392087,
    "population_growth": 2.445,
    "avg_system_stress": 1.1063986058380606,
    "max_system_stress": 2.8291516005885797,
    "avg_maslow_pressure": 0.03584989327841319,
    "avg_basic_needs_crisis_rate": 0.17664670658682635,
    "avg_trust_level": 0.7803561802939499,
    "cooperation_benefit_total": 0,
    "cooperation_resilience": 0.9880239520958084
  },
  "maslow_hierarchy": {
    "initial_needs_avg": {
      "physiological": 6.0317274397475655,
      "safety": 6.073473065158413,
      "love": 9.922119247516594,
      "esteem": 5.325790369927372,
      "self_actualization": 5.408629173597407
    },
    "final_needs_avg": {
      "physiological": 6.0317274397475655,
      "safety": 6.073473065158413,
      "love": 9.922119247516594,
      "esteem": 5.325790369927372,
      "self_actualization": 5.408629173597407
    },
    "needs_improvement": {
      "physiological": 0.0,
      "safety": 0.0,
      "love": 0.0,
      "esteem": 0.0,
      "self_actualization": 0.0
    }
  },
  "inter_group_metrics": {
    "final_group_populations": {
      "A": 334
    },
    "final_group_cooperation_rates": {
      "A": 0.9880239520958084
    },
    "in_group_interaction_rate": 1.0,
    "out_group_interaction_rate": 0.0,
    "avg_in_group_trust": 0.7803561802939499,
    "avg_out_group_trust": 0.7803561802939499,
    "trust_asymmetry": 0.0,
    "group_segregation_index": 1.0,
    "total_mixing_events": 0,
    "mixing_event_success_rate": 0,
    "reputational_spillover_events": 0,
    "out_group_constraint_amplifications": 0,
    "group_extinction_events": 0
  },
  "interaction_metrics": {
    "total_interactions": 195386,
    "avg_interaction_processing_time": 0.0
  }
}