{
  "run_id": 12,
  "parameters": {
    "shock_interval_years": 10,
    "homophily_bias": 0.4346275667383494,
    "num_groups": 2,
    "out_group_trust_bias": 0.8526370821719591,
    "out_group_penalty": 1.449046229303878,
    "intervention_interval": 15,
    "intervention_scale": 0.27516203117529053,
    "event_bonus": 2.444921218448159,
    "base_trust_delta": 0.12141879486588354,
    "group_trust_bias": 1.366287721709954,
    "resilience_profile": {
      "threshold": 0.11356798803803918,
      "noise": 0.06247067549536314
    },
    "turnover_rate": 0.0486047098809024,
    "social_diffusion": 0.04512865384792089,
    "max_rounds": 300,
    "initial_population": 200,
    "max_population": 800,
    "maslow_variation": 0.5,
    "constraint_threshold_range": [
      0.2,
      0.8
    ],
    "recovery_threshold": 0.15,
    "cooperation_bonus": 0.2,
    "trust_threshold": 0.6,
    "max_relationships_per_person": 150
  },
  "outcomes": {
    "final_cooperation_rate": 0.9899244332493703,
    "behavioral_cooperation_rate": 0.5351288632824281,
    "final_constrained_rate": 0.010075566750629723,
    "final_population": 794,
    "extinction_occurred": false,
    "rounds_completed": 300,
    "first_cascade_round": null,
    "total_cascade_events": 0,
    "total_shock_events": 13,
    "total_defections": 189984,
    "total_redemptions": 533,
    "net_strategy_change": 189451,
    "total_births": 882,
    "total_deaths": 287,
    "max_population_reached": 800,
    "population_stability": 0.013747541279071592,
    "population_growth": 4.0,
    "avg_system_stress": 2.855882711749065,
    "max_system_stress": 4.162655852663191,
    "avg_maslow_pressure": 0.03985347382756058,
    "avg_basic_needs_crisis_rate": 0.26574307304785894,
    "avg_trust_level": 0.7867232372006323,
    "cooperation_benefit_total": 0,
    "cooperation_resilience": 0.9899244332493703
  },
  "maslow_hierarchy": {
    "initial_needs_avg": {
      "physiological": 5.378363597084174,
      "safety": 5.5253764483943035,
      "love": 9.949222409448945,
      "esteem": 5.855811475195502,
      "self_actualization": 5.5085922943023355
    },
    "final_needs_avg": {
      "physiological": 5.378363597084174,
      "safety": 5.5253764483943035,
      "love": 9.949222409448945,
      "esteem": 5.855811475195502,
      "self_actualization": 5.5085922943023355
    },
    "needs_improvement": {
      "physiological": 0.0,
      "safety": 0.0,
      "love": 0.0,
      "esteem": 0.0,
      "self_actualization": 0.0
    }
  },
  "inter_group_metrics": {
    "final_group_populations": {
      "B": 341,
      "A": 453
    },
    "final_group_cooperation_rates": {
      "B": 0.9882697947214076,
      "A": 0.9911699779249448
    },
    "in_group_interaction_rate": 0.7166669744366271,
    "out_group_interaction_rate": 0.2833330255633729,
    "avg_in_group_trust": 0.7863008904120814,
    "avg_out_group_trust": 0.7871455839891831,
    "trust_asymmetry": -0.0008446935771017072,
    "group_segregation_index": 0.7166669744366271,
    "total_mixing_events": 20,
    "mixing_event_success_rate": 1.0,
    "reputational_spillover_events": 0,
    "out_group_constraint_amplifications": 0,
    "group_extinction_events": 0
  },
  "interaction_metrics": {
    "total_interactions": 324918,
    "avg_interaction_processing_time": 0.0
  }
}