{
  "run_id": 7,
  "parameters": {
    "shock_interval_years": 2,
    "homophily_bias": 0.08206786584603885,
    "num_groups": 3,
    "out_group_trust_bias": 1.0944161647254766,
    "out_group_penalty": 1.4811349843204922,
    "intervention_interval": 15,
    "intervention_scale": 0.26553720334908876,
    "event_bonus": 1.7543317369951987,
    "base_trust_delta": 0.15679341317290116,
    "group_trust_bias": 1.2578054821710478,
    "resilience_profile": {
      "threshold": 0.34432446946959355,
      "noise": 0.00013075432827857613
    },
    "turnover_rate": 0.039050716553023015,
    "social_diffusion": 0.03229172839743456,
    "max_rounds": 300,
    "initial_population": 200,
    "max_population": 800,
    "maslow_variation": 0.5,
    "constraint_threshold_range": [
      0.2,
      0.8
    ],
    "recovery_threshold": 0.15,
    "cooperation_bonus": 0.2,
    "trust_threshold": 0.6,
    "max_relationships_per_person": 150
  },
  "outcomes": {
    "final_cooperation_rate": 0.9267643142476698,
    "behavioral_cooperation_rate": 0.18920298023625776,
    "final_constrained_rate": 0.07323568575233022,
    "final_population": 751,
    "extinction_occurred": false,
    "rounds_completed": 300,
    "first_cascade_round": null,
    "total_cascade_events": 0,
    "total_shock_events": 44,
    "total_defections": 366875,
    "total_redemptions": 4653,
    "net_strategy_change": 362222,
    "total_births": 837,
    "total_deaths": 285,
    "max_population_reached": 800,
    "population_stability": 0.012161021181807702,
    "population_growth": 4.0,
    "avg_system_stress": 9.46866034523352,
    "max_system_stress": 18.8641655479537,
    "avg_maslow_pressure": 0.10121296666857994,
    "avg_basic_needs_crisis_rate": 0.2303595206391478,
    "avg_trust_level": 0.5829006051823418,
    "cooperation_benefit_total": 0,
    "cooperation_resilience": 0.9267643142476698
  },
  "maslow_hierarchy": {
    "initial_needs_avg": {
      "physiological": 5.394413184252547,
      "safety": 5.7926941120152815,
      "love": 8.224228430230196,
      "esteem": 1.1675538563485097,
      "self_actualization": 5.325392065017845
    },
    "final_needs_avg": {
      "physiological": 5.394413184252547,
      "safety": 5.7926941120152815,
      "love": 8.224228430230196,
      "esteem": 1.1675538563485097,
      "self_actualization": 5.325392065017845
    },
    "needs_improvement": {
      "physiological": 0.0,
      "safety": 0.0,
      "love": 0.0,
      "esteem": 0.0,
      "self_actualization": 0.0
    }
  },
  "inter_group_metrics": {
    "final_group_populations": {
      "C": 178,
      "B": 284,
      "A": 289
    },
    "final_group_cooperation_rates": {
      "C": 0.898876404494382,
      "B": 0.954225352112676,
      "A": 0.916955017301038
    },
    "in_group_interaction_rate": 0.3985065467813048,
    "out_group_interaction_rate": 0.6014934532186952,
    "avg_in_group_trust": 0.6095843696218859,
    "avg_out_group_trust": 0.5562168407427978,
    "trust_asymmetry": 0.05336752887908813,
    "group_segregation_index": 0.3985065467813048,
    "total_mixing_events": 20,
    "mixing_event_success_rate": 1.0,
    "reputational_spillover_events": 0,
    "out_group_constraint_amplifications": 0,
    "group_extinction_events": 0
  },
  "interaction_metrics": {
    "total_interactions": 299842,
    "avg_interaction_processing_time": 0.0
  }
}