{
  "run_id": 84,
  "parameters": {
    "shock_interval_years": 2,
    "homophily_bias": 0.10710435378810815,
    "num_groups": 3,
    "out_group_trust_bias": 0.8550912115376597,
    "out_group_penalty": 1.32515679814367,
    "intervention_interval": 10,
    "intervention_scale": 0.22660372079995245,
    "event_bonus": 2.3214353568548223,
    "base_trust_delta": 0.08669074297466549,
    "group_trust_bias": 1.2022041379372974,
    "resilience_profile": {
      "threshold": 0.17541478969597396,
      "noise": 0.0018478777166870074
    },
    "turnover_rate": 0.04012963718808639,
    "social_diffusion": 0.05240498700229576,
    "max_rounds": 300,
    "initial_population": 200,
    "max_population": 800,
    "maslow_variation": 0.5,
    "constraint_threshold_range": [
      0.2,
      0.8
    ],
    "recovery_threshold": 0.15,
    "cooperation_bonus": 0.2,
    "trust_threshold": 0.6,
    "max_relationships_per_person": 150
  },
  "outcomes": {
    "final_cooperation_rate": 0.37244897959183676,
    "behavioral_cooperation_rate": 0.1953267114683654,
    "final_constrained_rate": 0.6275510204081632,
    "final_population": 784,
    "extinction_occurred": false,
    "rounds_completed": 300,
    "first_cascade_round": null,
    "total_cascade_events": 0,
    "total_shock_events": 51,
    "total_defections": 346508,
    "total_redemptions": 4693,
    "net_strategy_change": 341815,
    "total_births": 844,
    "total_deaths": 260,
    "max_population_reached": 800,
    "population_stability": 0.02149552011837868,
    "population_growth": 4.0,
    "avg_system_stress": 14.021572970105865,
    "max_system_stress": 24.527900316081194,
    "avg_maslow_pressure": 0.09967453399288509,
    "avg_basic_needs_crisis_rate": 0.274234693877551,
    "avg_trust_level": 0.6620936049349474,
    "cooperation_benefit_total": 0,
    "cooperation_resilience": 0.37244897959183676
  },
  "maslow_hierarchy": {
    "initial_needs_avg": {
      "physiological": 5.3796169362322575,
      "safety": 5.345173852458096,
      "love": 7.580047478829662,
      "esteem": 1.115950275027898,
      "self_actualization": 5.701778389880201
    },
    "final_needs_avg": {
      "physiological": 5.3796169362322575,
      "safety": 5.345173852458096,
      "love": 7.580047478829662,
      "esteem": 1.115950275027898,
      "self_actualization": 5.701778389880201
    },
    "needs_improvement": {
      "physiological": 0.0,
      "safety": 0.0,
      "love": 0.0,
      "esteem": 0.0,
      "self_actualization": 0.0
    }
  },
  "inter_group_metrics": {
    "final_group_populations": {
      "C": 314,
      "B": 254,
      "A": 216
    },
    "final_group_cooperation_rates": {
      "C": 0.3662420382165605,
      "B": 0.37401574803149606,
      "A": 0.37962962962962965
    },
    "in_group_interaction_rate": 0.4076943142113826,
    "out_group_interaction_rate": 0.5923056857886174,
    "avg_in_group_trust": 0.6014603747371483,
    "avg_out_group_trust": 0.7227268351327465,
    "trust_asymmetry": -0.12126646039559819,
    "group_segregation_index": 0.4076943142113826,
    "total_mixing_events": 30,
    "mixing_event_success_rate": 1.0,
    "reputational_spillover_events": 0,
    "out_group_constraint_amplifications": 0,
    "group_extinction_events": 0
  },
  "interaction_metrics": {
    "total_interactions": 291358,
    "avg_interaction_processing_time": 0.0
  }
}