{
  "run_id": 21,
  "parameters": {
    "shock_interval_years": 10,
    "homophily_bias": 0.6798145396270459,
    "num_groups": 3,
    "out_group_trust_bias": 1.0249453583976271,
    "out_group_penalty": 1.4276711992605973,
    "intervention_interval": 25,
    "intervention_scale": 0.25829067473055606,
    "event_bonus": 1.6779890193415217,
    "base_trust_delta": 0.06452731230078265,
    "group_trust_bias": 1.3988379246423712,
    "resilience_profile": {
      "threshold": 0.11757236921431705,
      "noise": 0.133763069589556
    },
    "turnover_rate": 0.03694224851910281,
    "social_diffusion": 0.08711755971945055,
    "max_rounds": 300,
    "initial_population": 200,
    "max_population": 800,
    "maslow_variation": 0.5,
    "constraint_threshold_range": [
      0.2,
      0.8
    ],
    "recovery_threshold": 0.15,
    "cooperation_bonus": 0.2,
    "trust_threshold": 0.6,
    "max_relationships_per_person": 150
  },
  "outcomes": {
    "final_cooperation_rate": 0.993234100135318,
    "behavioral_cooperation_rate": 0.7222083572223533,
    "final_constrained_rate": 0.006765899864682003,
    "final_population": 739,
    "extinction_occurred": false,
    "rounds_completed": 300,
    "first_cascade_round": null,
    "total_cascade_events": 0,
    "total_shock_events": 4,
    "total_defections": 98236,
    "total_redemptions": 27,
    "net_strategy_change": 98209,
    "total_births": 811,
    "total_deaths": 272,
    "max_population_reached": 800,
    "population_stability": 0.009775253211749832,
    "population_growth": 4.0,
    "avg_system_stress": 0.35012404369599376,
    "max_system_stress": 1.2399987992617398,
    "avg_maslow_pressure": 0.026748054190033857,
    "avg_basic_needs_crisis_rate": 0.18538565629228687,
    "avg_trust_level": 0.6611845479496186,
    "cooperation_benefit_total": 0,
    "cooperation_resilience": 0.993234100135318
  },
  "maslow_hierarchy": {
    "initial_needs_avg": {
      "physiological": 5.661860823317633,
      "safety": 6.09912736984948,
      "love": 9.966422980526369,
      "esteem": 6.368392579390901,
      "self_actualization": 5.784402897420025
    },
    "final_needs_avg": {
      "physiological": 5.661860823317633,
      "safety": 6.09912736984948,
      "love": 9.966422980526369,
      "esteem": 6.368392579390901,
      "self_actualization": 5.784402897420025
    },
    "needs_improvement": {
      "physiological": 0.0,
      "safety": 0.0,
      "love": 0.0,
      "esteem": 0.0,
      "self_actualization": 0.0
    }
  },
  "inter_group_metrics": {
    "final_group_populations": {
      "B": 225,
      "C": 270,
      "A": 244
    },
    "final_group_cooperation_rates": {
      "B": 0.9911111111111112,
      "C": 0.9925925925925926,
      "A": 0.9959016393442623
    },
    "in_group_interaction_rate": 0.7825064921925061,
    "out_group_interaction_rate": 0.21749350780749385,
    "avg_in_group_trust": 0.6828200702432768,
    "avg_out_group_trust": 0.6395490256559604,
    "trust_asymmetry": 0.043271044587316454,
    "group_segregation_index": 0.7825064921925061,
    "total_mixing_events": 12,
    "mixing_event_success_rate": 1.0,
    "reputational_spillover_events": 0,
    "out_group_constraint_amplifications": 0,
    "group_extinction_events": 0
  },
  "interaction_metrics": {
    "total_interactions": 296510,
    "avg_interaction_processing_time": 0.0
  }
}