{
  "run_id": 50,
  "parameters": {
    "shock_interval_years": 20,
    "homophily_bias": 0.3411640338312976,
    "num_groups": 3,
    "out_group_trust_bias": 1.0978884377503961,
    "out_group_penalty": 1.1625455535284737,
    "intervention_interval": 10,
    "intervention_scale": 0.22195241656185172,
    "event_bonus": 1.9897463427803994,
    "base_trust_delta": 0.11687802286446405,
    "group_trust_bias": 1.2454097875986008,
    "resilience_profile": {
      "threshold": 0.3099326254789123,
      "noise": 0.014640695661865398
    },
    "turnover_rate": 0.03559428752861882,
    "social_diffusion": 0.06558268142614981,
    "max_rounds": 300,
    "initial_population": 200,
    "max_population": 800,
    "maslow_variation": 0.5,
    "constraint_threshold_range": [
      0.2,
      0.8
    ],
    "recovery_threshold": 0.15,
    "cooperation_bonus": 0.2,
    "trust_threshold": 0.6,
    "max_relationships_per_person": 150
  },
  "outcomes": {
    "final_cooperation_rate": 1.0,
    "behavioral_cooperation_rate": 0.6507804615232848,
    "final_constrained_rate": 0.0,
    "final_population": 643,
    "extinction_occurred": false,
    "rounds_completed": 300,
    "first_cascade_round": null,
    "total_cascade_events": 0,
    "total_shock_events": 1,
    "total_defections": 108595,
    "total_redemptions": 0,
    "net_strategy_change": 108595,
    "total_births": 714,
    "total_deaths": 270,
    "max_population_reached": 704,
    "population_stability": 0.013530908281470553,
    "population_growth": 3.52,
    "avg_system_stress": 0.08389039013260295,
    "max_system_stress": 0.7044664371800128,
    "avg_maslow_pressure": 0.018167053012948093,
    "avg_basic_needs_crisis_rate": 0.19906687402799378,
    "avg_trust_level": 0.7566739500994981,
    "cooperation_benefit_total": 0,
    "cooperation_resilience": 1.0
  },
  "maslow_hierarchy": {
    "initial_needs_avg": {
      "physiological": 5.696251846920429,
      "safety": 5.792072572353012,
      "love": 9.981506394509966,
      "esteem": 7.825838746245805,
      "self_actualization": 5.760734216661918
    },
    "final_needs_avg": {
      "physiological": 5.696251846920429,
      "safety": 5.792072572353012,
      "love": 9.981506394509966,
      "esteem": 7.825838746245805,
      "self_actualization": 5.760734216661918
    },
    "needs_improvement": {
      "physiological": 0.0,
      "safety": 0.0,
      "love": 0.0,
      "esteem": 0.0,
      "self_actualization": 0.0
    }
  },
  "inter_group_metrics": {
    "final_group_populations": {
      "C": 197,
      "B": 264,
      "A": 182
    },
    "final_group_cooperation_rates": {
      "C": 1.0,
      "B": 1.0,
      "A": 1.0
    },
    "in_group_interaction_rate": 0.5681813007944999,
    "out_group_interaction_rate": 0.43181869920550003,
    "avg_in_group_trust": 0.769412445423828,
    "avg_out_group_trust": 0.7439354547751681,
    "trust_asymmetry": 0.025476990648659936,
    "group_segregation_index": 0.5681813007944999,
    "total_mixing_events": 30,
    "mixing_event_success_rate": 1.0,
    "reputational_spillover_events": 0,
    "out_group_constraint_amplifications": 0,
    "group_extinction_events": 0
  },
  "interaction_metrics": {
    "total_interactions": 263562,
    "avg_interaction_processing_time": 0.0
  }
}