{
  "run_id": 108,
  "parameters": {
    "shock_interval_years": 5,
    "homophily_bias": 0.21721698099974518,
    "num_groups": 2,
    "out_group_trust_bias": 0.8668880594389625,
    "out_group_penalty": 1.4928044436059609,
    "intervention_interval": 10,
    "intervention_scale": 0.050579922989280615,
    "event_bonus": 1.713331269607115,
    "base_trust_delta": 0.17850262531822803,
    "group_trust_bias": 1.6675742122574895,
    "resilience_profile": {
      "threshold": 0.17468123621016357,
      "noise": 0.08289712731000627
    },
    "turnover_rate": 0.044869493702480154,
    "social_diffusion": 0.06543843968137668,
    "max_rounds": 300,
    "initial_population": 200,
    "max_population": 800,
    "maslow_variation": 0.5,
    "constraint_threshold_range": [
      0.2,
      0.8
    ],
    "recovery_threshold": 0.15,
    "cooperation_bonus": 0.2,
    "trust_threshold": 0.6,
    "max_relationships_per_person": 150
  },
  "outcomes": {
    "final_cooperation_rate": 0.9694267515923567,
    "behavioral_cooperation_rate": 0.4275659089103101,
    "final_constrained_rate": 0.030573248407643312,
    "final_population": 785,
    "extinction_occurred": false,
    "rounds_completed": 300,
    "first_cascade_round": null,
    "total_cascade_events": 0,
    "total_shock_events": 14,
    "total_defections": 250416,
    "total_redemptions": 1190,
    "net_strategy_change": 249226,
    "total_births": 884,
    "total_deaths": 295,
    "max_population_reached": 800,
    "population_stability": 0.01440949372178033,
    "population_growth": 4.0,
    "avg_system_stress": 3.4959449152869713,
    "max_system_stress": 6.288024408583782,
    "avg_maslow_pressure": 0.049514101322289686,
    "avg_basic_needs_crisis_rate": 0.24331210191082803,
    "avg_trust_level": 0.6704705577106669,
    "cooperation_benefit_total": 0,
    "cooperation_resilience": 0.9694267515923567
  },
  "maslow_hierarchy": {
    "initial_needs_avg": {
      "physiological": 5.831663716038732,
      "safety": 5.149610733641285,
      "love": 9.702607275871747,
      "esteem": 4.187256035379318,
      "self_actualization": 5.69745247942277
    },
    "final_needs_avg": {
      "physiological": 5.831663716038732,
      "safety": 5.149610733641285,
      "love": 9.702607275871747,
      "esteem": 4.187256035379318,
      "self_actualization": 5.69745247942277
    },
    "needs_improvement": {
      "physiological": 0.0,
      "safety": 0.0,
      "love": 0.0,
      "esteem": 0.0,
      "self_actualization": 0.0
    }
  },
  "inter_group_metrics": {
    "final_group_populations": {
      "B": 317,
      "A": 468
    },
    "final_group_cooperation_rates": {
      "B": 0.9652996845425867,
      "A": 0.9722222222222222
    },
    "in_group_interaction_rate": 0.6206684719157441,
    "out_group_interaction_rate": 0.3793315280842558,
    "avg_in_group_trust": 0.8113891246940659,
    "avg_out_group_trust": 0.529551990727268,
    "trust_asymmetry": 0.2818371339667979,
    "group_segregation_index": 0.6206684719157441,
    "total_mixing_events": 30,
    "mixing_event_success_rate": 1.0,
    "reputational_spillover_events": 0,
    "out_group_constraint_amplifications": 0,
    "group_extinction_events": 0
  },
  "interaction_metrics": {
    "total_interactions": 327194,
    "avg_interaction_processing_time": 0.0
  }
}