{
  "run_id": 26,
  "parameters": {
    "shock_interval_years": 5,
    "homophily_bias": 0.5800045432810337,
    "num_groups": 3,
    "out_group_trust_bias": 1.0313432502647146,
    "out_group_penalty": 1.1811845209348224,
    "intervention_interval": 25,
    "intervention_scale": 0.13043873594566913,
    "event_bonus": 1.7068710434382002,
    "base_trust_delta": 0.18910779747423773,
    "group_trust_bias": 1.3110710078659702,
    "resilience_profile": {
      "threshold": 0.2634125031184119,
      "noise": 0.12350297824515946
    },
    "turnover_rate": 0.020828615188085133,
    "social_diffusion": 0.09707500634741309,
    "max_rounds": 300,
    "initial_population": 200,
    "max_population": 800,
    "maslow_variation": 0.5,
    "constraint_threshold_range": [
      0.2,
      0.8
    ],
    "recovery_threshold": 0.15,
    "cooperation_bonus": 0.2,
    "trust_threshold": 0.6,
    "max_relationships_per_person": 150
  },
  "outcomes": {
    "final_cooperation_rate": 0.9112903225806451,
    "behavioral_cooperation_rate": 0.6192069077272095,
    "final_constrained_rate": 0.08870967741935484,
    "final_population": 248,
    "extinction_occurred": false,
    "rounds_completed": 300,
    "first_cascade_round": null,
    "total_cascade_events": 0,
    "total_shock_events": 11,
    "total_defections": 86639,
    "total_redemptions": 252,
    "net_strategy_change": 86387,
    "total_births": 280,
    "total_deaths": 231,
    "max_population_reached": 422,
    "population_stability": 0.0053236352761578025,
    "population_growth": 2.11,
    "avg_system_stress": 0.8337675833709732,
    "max_system_stress": 2.540900618058471,
    "avg_maslow_pressure": 0.044216498511356,
    "avg_basic_needs_crisis_rate": 0.24193548387096775,
    "avg_trust_level": 0.6257434204413759,
    "cooperation_benefit_total": 0,
    "cooperation_resilience": 0.9112903225806451
  },
  "maslow_hierarchy": {
    "initial_needs_avg": {
      "physiological": 6.028182124773175,
      "safety": 5.415483233294843,
      "love": 9.52856826119376,
      "esteem": 4.920223534528922,
      "self_actualization": 5.433130723142224
    },
    "final_needs_avg": {
      "physiological": 6.028182124773175,
      "safety": 5.415483233294843,
      "love": 9.52856826119376,
      "esteem": 4.920223534528922,
      "self_actualization": 5.433130723142224
    },
    "needs_improvement": {
      "physiological": 0.0,
      "safety": 0.0,
      "love": 0.0,
      "esteem": 0.0,
      "self_actualization": 0.0
    }
  },
  "inter_group_metrics": {
    "final_group_populations": {
      "B": 87,
      "C": 77,
      "A": 84
    },
    "final_group_cooperation_rates": {
      "B": 0.9195402298850575,
      "C": 0.948051948051948,
      "A": 0.8690476190476191
    },
    "in_group_interaction_rate": 0.7158606879948146,
    "out_group_interaction_rate": 0.28413931200518544,
    "avg_in_group_trust": 0.7326005855071264,
    "avg_out_group_trust": 0.5188862553756255,
    "trust_asymmetry": 0.21371433013150087,
    "group_segregation_index": 0.7158606879948146,
    "total_mixing_events": 12,
    "mixing_event_success_rate": 1.0,
    "reputational_spillover_events": 0,
    "out_group_constraint_amplifications": 0,
    "group_extinction_events": 0
  },
  "interaction_metrics": {
    "total_interactions": 172792,
    "avg_interaction_processing_time": 0.0
  }
}