{
  "run_id": 29,
  "parameters": {
    "shock_interval_years": 2,
    "homophily_bias": 0.33007639861828975,
    "num_groups": 3,
    "out_group_trust_bias": 1.0034602555032224,
    "out_group_penalty": 1.350447146765204,
    "intervention_interval": 10,
    "intervention_scale": 0.29466508328711655,
    "event_bonus": 2.227361206814325,
    "base_trust_delta": 0.15637059067309267,
    "group_trust_bias": 1.241525872954553,
    "resilience_profile": {
      "threshold": 0.10759135067752795,
      "noise": 0.1281399998419391
    },
    "turnover_rate": 0.036457564017342785,
    "social_diffusion": 0.003533131624443531,
    "max_rounds": 300,
    "initial_population": 200,
    "max_population": 800,
    "maslow_variation": 0.5,
    "constraint_threshold_range": [
      0.2,
      0.8
    ],
    "recovery_threshold": 0.15,
    "cooperation_bonus": 0.2,
    "trust_threshold": 0.6,
    "max_relationships_per_person": 150
  },
  "outcomes": {
    "final_cooperation_rate": 0.1590909090909091,
    "behavioral_cooperation_rate": 0.006418228911126071,
    "final_constrained_rate": 0.8409090909090909,
    "final_population": 792,
    "extinction_occurred": false,
    "rounds_completed": 300,
    "first_cascade_round": null,
    "total_cascade_events": 0,
    "total_shock_events": 34,
    "total_defections": 663390,
    "total_redemptions": 4084,
    "net_strategy_change": 659306,
    "total_births": 901,
    "total_deaths": 307,
    "max_population_reached": 800,
    "population_stability": 0.0031840634809901843,
    "population_growth": 4.0,
    "avg_system_stress": 5.990839918532526,
    "max_system_stress": 13.713589692629267,
    "avg_maslow_pressure": 0.23363182255694193,
    "avg_basic_needs_crisis_rate": 0.41414141414141414,
    "avg_trust_level": 0.254759854073821,
    "cooperation_benefit_total": 0,
    "cooperation_resilience": 0.1590909090909091
  },
  "maslow_hierarchy": {
    "initial_needs_avg": {
      "physiological": 4.78765465766457,
      "safety": 4.846959008422058,
      "love": 5.102033882819192,
      "esteem": 4.897258253532397,
      "self_actualization": 5.038075855764641
    },
    "final_needs_avg": {
      "physiological": 4.665980524021209,
      "safety": 4.877581130490211,
      "love": 1.7037719693287148,
      "esteem": 0.8560841230290731,
      "self_actualization": 4.749865407458243
    },
    "needs_improvement": {
      "physiological": -0.12167413364336088,
      "safety": 0.030622122068153068,
      "love": -3.398261913490477,
      "esteem": -4.0411741305033235,
      "self_actualization": -0.28821044830639764
    }
  },
  "inter_group_metrics": {
    "final_group_populations": {
      "A": 263,
      "C": 302,
      "B": 227
    },
    "final_group_cooperation_rates": {
      "A": 0.1482889733840304,
      "C": 0.16887417218543047,
      "B": 0.15859030837004406
    },
    "in_group_interaction_rate": 0.5520931983888819,
    "out_group_interaction_rate": 0.44790680161111807,
    "avg_in_group_trust": 0.16735186498175258,
    "avg_out_group_trust": 0.34216784316588944,
    "trust_asymmetry": -0.17481597818413686,
    "group_segregation_index": 0.5520931983888819,
    "total_mixing_events": 30,
    "mixing_event_success_rate": 1.0,
    "reputational_spillover_events": 0,
    "out_group_constraint_amplifications": 0,
    "group_extinction_events": 0
  },
  "interaction_metrics": {
    "total_interactions": 350564,
    "avg_interaction_processing_time": 0.0
  }
}