{
  "run_id": 498,
  "parameters": {
    "shock_interval_years": 20,
    "homophily_bias": 0.07327880874723647,
    "num_groups": 3,
    "out_group_trust_bias": 1.1363180304099774,
    "out_group_penalty": 1.4039177593405758,
    "intervention_interval": 25,
    "intervention_scale": 0.12212528095695797,
    "event_bonus": 1.6981222067786472,
    "base_trust_delta": 0.13087425661295804,
    "group_trust_bias": 1.2349482506083684,
    "resilience_profile": {
      "threshold": 0.23657577506094823,
      "noise": 0.126516841405436
    },
    "turnover_rate": 0.043711826896117835,
    "social_diffusion": 0.03433117616100295,
    "max_rounds": 300,
    "initial_population": 200,
    "max_population": 800,
    "maslow_variation": 0.5,
    "constraint_threshold_range": [
      0.2,
      0.8
    ],
    "recovery_threshold": 0.15,
    "cooperation_bonus": 0.2,
    "trust_threshold": 0.6,
    "max_relationships_per_person": 150
  },
  "outcomes": {
    "final_cooperation_rate": 0.3417085427135678,
    "behavioral_cooperation_rate": 0.01654187436655842,
    "final_constrained_rate": 0.6582914572864321,
    "final_population": 796,
    "extinction_occurred": false,
    "rounds_completed": 300,
    "first_cascade_round": null,
    "total_cascade_events": 0,
    "total_shock_events": 2,
    "total_defections": 695043,
    "total_redemptions": 6336,
    "net_strategy_change": 688707,
    "total_births": 989,
    "total_deaths": 390,
    "max_population_reached": 800,
    "population_stability": 0.004574925374778643,
    "population_growth": 4.0,
    "avg_system_stress": 0.10564631360788085,
    "max_system_stress": 0.6923160615326531,
    "avg_maslow_pressure": 0.2210958333811588,
    "avg_basic_needs_crisis_rate": 0.27386934673366836,
    "avg_trust_level": 0.21799353200702945,
    "cooperation_benefit_total": 0,
    "cooperation_resilience": 0.3417085427135678
  },
  "maslow_hierarchy": {
    "initial_needs_avg": {
      "physiological": 5.023767201154641,
      "safety": 5.285603072121931,
      "love": 4.722190920631171,
      "esteem": 5.218428811596677,
      "self_actualization": 4.830312659516123
    },
    "final_needs_avg": {
      "physiological": 4.999579874623714,
      "safety": 5.490497885219215,
      "love": 0.97442479735579,
      "esteem": 0.5450803233444124,
      "self_actualization": 4.931541487565991
    },
    "needs_improvement": {
      "physiological": -0.024187326530927145,
      "safety": 0.20489481309728408,
      "love": -3.7477661232753805,
      "esteem": -4.673348488252265,
      "self_actualization": 0.10122882804986855
    }
  },
  "inter_group_metrics": {
    "final_group_populations": {
      "B": 257,
      "C": 281,
      "A": 258
    },
    "final_group_cooperation_rates": {
      "B": 0.3657587548638132,
      "C": 0.3487544483985765,
      "A": 0.31007751937984496
    },
    "in_group_interaction_rate": 0.38431805489482285,
    "out_group_interaction_rate": 0.6156819451051772,
    "avg_in_group_trust": 0.21159055478476924,
    "avg_out_group_trust": 0.22439650922928966,
    "trust_asymmetry": -0.012805954444520429,
    "group_segregation_index": 0.38431805489482285,
    "total_mixing_events": 12,
    "mixing_event_success_rate": 1.0,
    "reputational_spillover_events": 0,
    "out_group_constraint_amplifications": 0,
    "group_extinction_events": 0
  },
  "interaction_metrics": {
    "total_interactions": 386776,
    "avg_interaction_processing_time": 0.0
  }
}