{
  "run_id": 467,
  "parameters": {
    "shock_interval_years": 20,
    "homophily_bias": 0.2774961549554322,
    "num_groups": 2,
    "out_group_trust_bias": 1.0728482261869687,
    "out_group_penalty": 1.3551073822712274,
    "intervention_interval": 25,
    "intervention_scale": 0.24573451379744238,
    "event_bonus": 1.588785448778031,
    "base_trust_delta": 0.1456531866620941,
    "group_trust_bias": 1.4589241192798488,
    "resilience_profile": {
      "threshold": 0.285775429734322,
      "noise": 0.14307518582563067
    },
    "turnover_rate": 0.030429671095471185,
    "social_diffusion": 0.085922868838252,
    "max_rounds": 300,
    "initial_population": 200,
    "max_population": 800,
    "maslow_variation": 0.5,
    "constraint_threshold_range": [
      0.2,
      0.8
    ],
    "recovery_threshold": 0.15,
    "cooperation_bonus": 0.2,
    "trust_threshold": 0.6,
    "max_relationships_per_person": 150
  },
  "outcomes": {
    "final_cooperation_rate": 0.6620253164556962,
    "behavioral_cooperation_rate": 0.06905014320773614,
    "final_constrained_rate": 0.3379746835443038,
    "final_population": 790,
    "extinction_occurred": false,
    "rounds_completed": 300,
    "first_cascade_round": null,
    "total_cascade_events": 0,
    "total_shock_events": 9,
    "total_defections": 537587,
    "total_redemptions": 4173,
    "net_strategy_change": 533414,
    "total_births": 897,
    "total_deaths": 305,
    "max_population_reached": 800,
    "population_stability": 0.010426977002490264,
    "population_growth": 4.0,
    "avg_system_stress": 0.8529002430752431,
    "max_system_stress": 2.3218809535751337,
    "avg_maslow_pressure": 0.16263116415491796,
    "avg_basic_needs_crisis_rate": 0.34556962025316457,
    "avg_trust_level": 0.3165632604900349,
    "cooperation_benefit_total": 0,
    "cooperation_resilience": 0.6620253164556962
  },
  "maslow_hierarchy": {
    "initial_needs_avg": {
      "physiological": 4.812981984670069,
      "safety": 5.365171243820364,
      "love": 4.75741990932345,
      "esteem": 4.811492656459769,
      "self_actualization": 5.372925053126785
    },
    "final_needs_avg": {
      "physiological": 4.837938281683736,
      "safety": 5.308320293264215,
      "love": 4.7485600279920375,
      "esteem": 0.7168071006665433,
      "self_actualization": 5.299817808758671
    },
    "needs_improvement": {
      "physiological": 0.024956297013667417,
      "safety": -0.05685095055614919,
      "love": -0.008859881331412467,
      "esteem": -4.094685555793225,
      "self_actualization": -0.07310724436811444
    }
  },
  "inter_group_metrics": {
    "final_group_populations": {
      "B": 411,
      "A": 379
    },
    "final_group_cooperation_rates": {
      "B": 0.6277372262773723,
      "A": 0.6992084432717678
    },
    "in_group_interaction_rate": 0.6369376387416462,
    "out_group_interaction_rate": 0.3630623612583538,
    "avg_in_group_trust": 0.33885837917564987,
    "avg_out_group_trust": 0.29426814180442,
    "trust_asymmetry": 0.04459023737122986,
    "group_segregation_index": 0.6369376387416462,
    "total_mixing_events": 12,
    "mixing_event_success_rate": 1.0,
    "reputational_spillover_events": 0,
    "out_group_constraint_amplifications": 0,
    "group_extinction_events": 0
  },
  "interaction_metrics": {
    "total_interactions": 341462,
    "avg_interaction_processing_time": 0.0
  }
}