{
  "run_id": 192,
  "parameters": {
    "shock_interval_years": 10,
    "homophily_bias": 0.041905272808331256,
    "num_groups": 2,
    "out_group_trust_bias": 0.8272313447830256,
    "out_group_penalty": 1.394418770339252,
    "intervention_interval": 10,
    "intervention_scale": 0.23847172492506546,
    "event_bonus": 2.0350528284381526,
    "base_trust_delta": 0.1026812801403257,
    "group_trust_bias": 1.373551662342056,
    "resilience_profile": {
      "threshold": 0.13644906509526636,
      "noise": 0.0682508748942602
    },
    "turnover_rate": 0.049186304366253,
    "social_diffusion": 0.0012382945402377166,
    "max_rounds": 300,
    "initial_population": 200,
    "max_population": 800,
    "maslow_variation": 0.5,
    "constraint_threshold_range": [
      0.2,
      0.8
    ],
    "recovery_threshold": 0.15,
    "cooperation_bonus": 0.2,
    "trust_threshold": 0.6,
    "max_relationships_per_person": 150
  },
  "outcomes": {
    "final_cooperation_rate": 0.20959595959595959,
    "behavioral_cooperation_rate": 0.01618635373921782,
    "final_constrained_rate": 0.7904040404040404,
    "final_population": 792,
    "extinction_occurred": false,
    "rounds_completed": 300,
    "first_cascade_round": null,
    "total_cascade_events": 0,
    "total_shock_events": 8,
    "total_defections": 684457,
    "total_redemptions": 6069,
    "net_strategy_change": 678388,
    "total_births": 944,
    "total_deaths": 351,
    "max_population_reached": 800,
    "population_stability": 0.0037179201715429972,
    "population_growth": 4.0,
    "avg_system_stress": 0.4177535472392931,
    "max_system_stress": 2.2502661829314237,
    "avg_maslow_pressure": 0.21146405281812605,
    "avg_basic_needs_crisis_rate": 0.2765151515151515,
    "avg_trust_level": 0.4040970552889358,
    "cooperation_benefit_total": 0,
    "cooperation_resilience": 0.20959595959595959
  },
  "maslow_hierarchy": {
    "initial_needs_avg": {
      "physiological": 4.8956810588231345,
      "safety": 5.103360157411502,
      "love": 4.98674033240975,
      "esteem": 4.867548381944053,
      "self_actualization": 4.62375350764907
    },
    "final_needs_avg": {
      "physiological": 5.219484792746235,
      "safety": 5.1317143550557835,
      "love": 1.619958596798969,
      "esteem": 0.6614935192914603,
      "self_actualization": 4.815701786657065
    },
    "needs_improvement": {
      "physiological": 0.3238037339231008,
      "safety": 0.028354197644281598,
      "love": -3.3667817356107808,
      "esteem": -4.206054862652592,
      "self_actualization": 0.1919482790079945
    }
  },
  "inter_group_metrics": {
    "final_group_populations": {
      "A": 410,
      "B": 382
    },
    "final_group_cooperation_rates": {
      "A": 0.2073170731707317,
      "B": 0.21204188481675393
    },
    "in_group_interaction_rate": 0.5206091407754795,
    "out_group_interaction_rate": 0.47939085922452057,
    "avg_in_group_trust": 0.30648703915641745,
    "avg_out_group_trust": 0.5017070714214541,
    "trust_asymmetry": -0.19522003226503665,
    "group_segregation_index": 0.5206091407754795,
    "total_mixing_events": 30,
    "mixing_event_success_rate": 1.0,
    "reputational_spillover_events": 0,
    "out_group_constraint_amplifications": 0,
    "group_extinction_events": 0
  },
  "interaction_metrics": {
    "total_interactions": 382112,
    "avg_interaction_processing_time": 0.0
  }
}