{
  "run_id": 210,
  "parameters": {
    "shock_interval_years": 5,
    "homophily_bias": 0.3985554685122802,
    "num_groups": 3,
    "out_group_trust_bias": 0.8653601313704166,
    "out_group_penalty": 1.3556724249533831,
    "intervention_interval": 25,
    "intervention_scale": 0.28693609511301676,
    "event_bonus": 2.4698442630209207,
    "base_trust_delta": 0.14697376781920973,
    "group_trust_bias": 1.7539789857959136,
    "resilience_profile": {
      "threshold": 0.3450119743426669,
      "noise": 0.04944019999022704
    },
    "turnover_rate": 0.028976154366585113,
    "social_diffusion": 0.014671004859417282,
    "max_rounds": 300,
    "initial_population": 200,
    "max_population": 800,
    "maslow_variation": 0.5,
    "constraint_threshold_range": [
      0.2,
      0.8
    ],
    "recovery_threshold": 0.15,
    "cooperation_bonus": 0.2,
    "trust_threshold": 0.6,
    "max_relationships_per_person": 150
  },
  "outcomes": {
    "final_cooperation_rate": 0.6005025125628141,
    "behavioral_cooperation_rate": 0.013364992807400854,
    "final_constrained_rate": 0.39949748743718594,
    "final_population": 796,
    "extinction_occurred": false,
    "rounds_completed": 300,
    "first_cascade_round": null,
    "total_cascade_events": 0,
    "total_shock_events": 28,
    "total_defections": 602770,
    "total_redemptions": 5495,
    "net_strategy_change": 597275,
    "total_births": 887,
    "total_deaths": 291,
    "max_population_reached": 800,
    "population_stability": 0.010433128718695516,
    "population_growth": 4.0,
    "avg_system_stress": 6.086101901304541,
    "max_system_stress": 10.789854835940258,
    "avg_maslow_pressure": 0.2080221501171207,
    "avg_basic_needs_crisis_rate": 0.3341708542713568,
    "avg_trust_level": 0.2529070395990246,
    "cooperation_benefit_total": 0,
    "cooperation_resilience": 0.6005025125628141
  },
  "maslow_hierarchy": {
    "initial_needs_avg": {
      "physiological": 5.118382421146703,
      "safety": 5.0153590179824645,
      "love": 5.100618700134549,
      "esteem": 4.6045548542842365,
      "self_actualization": 5.319966851457513
    },
    "final_needs_avg": {
      "physiological": 5.048047014868558,
      "safety": 5.015497343578478,
      "love": 1.2619797957957324,
      "esteem": 0.46463283769117625,
      "self_actualization": 5.439483300208989
    },
    "needs_improvement": {
      "physiological": -0.0703354062781445,
      "safety": 0.0001383255960138996,
      "love": -3.8386389043388167,
      "esteem": -4.139922016593061,
      "self_actualization": 0.11951644875147593
    }
  },
  "inter_group_metrics": {
    "final_group_populations": {
      "B": 308,
      "C": 235,
      "A": 253
    },
    "final_group_cooperation_rates": {
      "B": 0.6201298701298701,
      "C": 0.5914893617021276,
      "A": 0.5849802371541502
    },
    "in_group_interaction_rate": 0.5997965607940148,
    "out_group_interaction_rate": 0.4002034392059852,
    "avg_in_group_trust": 0.21222182851047353,
    "avg_out_group_trust": 0.29359225068757566,
    "trust_asymmetry": -0.08137042217710214,
    "group_segregation_index": 0.5997965607940148,
    "total_mixing_events": 12,
    "mixing_event_success_rate": 1.0,
    "reputational_spillover_events": 0,
    "out_group_constraint_amplifications": 0,
    "group_extinction_events": 0
  },
  "interaction_metrics": {
    "total_interactions": 332286,
    "avg_interaction_processing_time": 0.0
  }
}