{
  "run_id": 392,
  "parameters": {
    "shock_interval_years": 20,
    "homophily_bias": 0.09151436634464227,
    "num_groups": 2,
    "out_group_trust_bias": 1.1265430017221596,
    "out_group_penalty": 1.4043361496932234,
    "intervention_interval": 25,
    "intervention_scale": 0.057462669230846905,
    "event_bonus": 1.8903274577753448,
    "base_trust_delta": 0.18595147416498753,
    "group_trust_bias": 1.2379584792438643,
    "resilience_profile": {
      "threshold": 0.11648481279772291,
      "noise": 0.020968329130047873
    },
    "turnover_rate": 0.04446545364458976,
    "social_diffusion": 0.046074162019510624,
    "max_rounds": 300,
    "initial_population": 200,
    "max_population": 800,
    "maslow_variation": 0.5,
    "constraint_threshold_range": [
      0.2,
      0.8
    ],
    "recovery_threshold": 0.15,
    "cooperation_bonus": 0.2,
    "trust_threshold": 0.6,
    "max_relationships_per_person": 150
  },
  "outcomes": {
    "final_cooperation_rate": 0.2826362484157161,
    "behavioral_cooperation_rate": 0.009591478963025925,
    "final_constrained_rate": 0.7173637515842839,
    "final_population": 789,
    "extinction_occurred": false,
    "rounds_completed": 300,
    "first_cascade_round": null,
    "total_cascade_events": 0,
    "total_shock_events": 7,
    "total_defections": 692747,
    "total_redemptions": 5491,
    "net_strategy_change": 687256,
    "total_births": 927,
    "total_deaths": 336,
    "max_population_reached": 800,
    "population_stability": 0.0034578444243282655,
    "population_growth": 4.0,
    "avg_system_stress": 0.8974010943324968,
    "max_system_stress": 2.2915379283991855,
    "avg_maslow_pressure": 0.25411159897429,
    "avg_basic_needs_crisis_rate": 0.3612167300380228,
    "avg_trust_level": 0.08049311319861663,
    "cooperation_benefit_total": 0,
    "cooperation_resilience": 0.2826362484157161
  },
  "maslow_hierarchy": {
    "initial_needs_avg": {
      "physiological": 4.598058365118154,
      "safety": 4.963139415744798,
      "love": 4.747979035512144,
      "esteem": 4.829503801941848,
      "self_actualization": 4.835532634894951
    },
    "final_needs_avg": {
      "physiological": 4.719718321549053,
      "safety": 5.06217105033073,
      "love": 0.465774910872548,
      "esteem": 0.3057686795873406,
      "self_actualization": 4.825045029234513
    },
    "needs_improvement": {
      "physiological": 0.12165995643089822,
      "safety": 0.09903163458593234,
      "love": -4.2822041246395965,
      "esteem": -4.523735122354507,
      "self_actualization": -0.010487605660438604
    }
  },
  "inter_group_metrics": {
    "final_group_populations": {
      "B": 332,
      "A": 457
    },
    "final_group_cooperation_rates": {
      "B": 0.2740963855421687,
      "A": 0.2888402625820569
    },
    "in_group_interaction_rate": 0.5516282405439864,
    "out_group_interaction_rate": 0.4483717594560136,
    "avg_in_group_trust": 0.08180652280459509,
    "avg_out_group_trust": 0.07917970359263816,
    "trust_asymmetry": 0.0026268192119569267,
    "group_segregation_index": 0.5516282405439864,
    "total_mixing_events": 12,
    "mixing_event_success_rate": 1.0,
    "reputational_spillover_events": 0,
    "out_group_constraint_amplifications": 0,
    "group_extinction_events": 0
  },
  "interaction_metrics": {
    "total_interactions": 376480,
    "avg_interaction_processing_time": 0.0
  }
}