{
  "run_id": 477,
  "parameters": {
    "shock_interval_years": 5,
    "homophily_bias": 0.0,
    "num_groups": 1,
    "out_group_trust_bias": 1.0443584969604305,
    "out_group_penalty": 1.303725944120139,
    "intervention_interval": 0,
    "intervention_scale": 0.25469161710579447,
    "event_bonus": 1.864433231178929,
    "base_trust_delta": 0.08915101822913762,
    "group_trust_bias": 1.981103211263631,
    "resilience_profile": {
      "threshold": 0.27707189222555184,
      "noise": 0.04565763754349478
    },
    "turnover_rate": 0.03333928812187116,
    "social_diffusion": 0.06835961487844015,
    "max_rounds": 300,
    "initial_population": 200,
    "max_population": 800,
    "maslow_variation": 0.5,
    "constraint_threshold_range": [
      0.2,
      0.8
    ],
    "recovery_threshold": 0.15,
    "cooperation_bonus": 0.2,
    "trust_threshold": 0.6,
    "max_relationships_per_person": 150
  },
  "outcomes": {
    "final_cooperation_rate": 0.006257822277847309,
    "behavioral_cooperation_rate": 0.2230903823537848,
    "final_constrained_rate": 0.9937421777221527,
    "final_population": 799,
    "extinction_occurred": false,
    "rounds_completed": 300,
    "first_cascade_round": null,
    "total_cascade_events": 0,
    "total_shock_events": 22,
    "total_defections": 379947,
    "total_redemptions": 5150,
    "net_strategy_change": 374797,
    "total_births": 899,
    "total_deaths": 299,
    "max_population_reached": 800,
    "population_stability": 0.0038687373775594665,
    "population_growth": 4.0,
    "avg_system_stress": 3.8416844817418565,
    "max_system_stress": 8.439332740804206,
    "avg_maslow_pressure": 0.13283510935378395,
    "avg_basic_needs_crisis_rate": 0.26282853566958697,
    "avg_trust_level": 0.6498132444023145,
    "cooperation_benefit_total": 0,
    "cooperation_resilience": 0.006257822277847309
  },
  "maslow_hierarchy": {
    "initial_needs_avg": {
      "physiological": 4.958636037956277,
      "safety": 5.10803968497183,
      "love": 4.889681348110513,
      "esteem": 4.987507625250409,
      "self_actualization": 4.869110735655721
    },
    "final_needs_avg": {
      "physiological": 5.3707165559536305,
      "safety": 5.207263201215747,
      "love": 6.590252525401527,
      "esteem": 0.19840457092535882,
      "self_actualization": 5.2399492184734155
    },
    "needs_improvement": {
      "physiological": 0.4120805179973539,
      "safety": 0.09922351624391723,
      "love": 1.700571177291014,
      "esteem": -4.78910305432505,
      "self_actualization": 0.37083848281769427
    }
  },
  "inter_group_metrics": {
    "final_group_populations": {
      "A": 799
    },
    "final_group_cooperation_rates": {
      "A": 0.006257822277847309
    },
    "in_group_interaction_rate": 1.0,
    "out_group_interaction_rate": 0.0,
    "avg_in_group_trust": 0.6498132444023145,
    "avg_out_group_trust": 0.6498132444023145,
    "trust_asymmetry": 0.0,
    "group_segregation_index": 1.0,
    "total_mixing_events": 0,
    "mixing_event_success_rate": 0,
    "reputational_spillover_events": 0,
    "out_group_constraint_amplifications": 0,
    "group_extinction_events": 0
  },
  "interaction_metrics": {
    "total_interactions": 348630,
    "avg_interaction_processing_time": 0.0
  }
}