{
  "run_id": 279,
  "parameters": {
    "shock_interval_years": 2,
    "homophily_bias": 0.2230976785977304,
    "num_groups": 3,
    "out_group_trust_bias": 1.0243360378399595,
    "out_group_penalty": 1.209278509020602,
    "intervention_interval": 10,
    "intervention_scale": 0.21865340439010533,
    "event_bonus": 2.006787215471868,
    "base_trust_delta": 0.13692490603935858,
    "group_trust_bias": 1.9976902120870383,
    "resilience_profile": {
      "threshold": 0.23337276139914154,
      "noise": 0.011595381153388972
    },
    "turnover_rate": 0.03691043338007517,
    "social_diffusion": 0.08066959011065364,
    "max_rounds": 300,
    "initial_population": 200,
    "max_population": 800,
    "maslow_variation": 0.5,
    "constraint_threshold_range": [
      0.2,
      0.8
    ],
    "recovery_threshold": 0.15,
    "cooperation_bonus": 0.2,
    "trust_threshold": 0.6,
    "max_relationships_per_person": 150
  },
  "outcomes": {
    "final_cooperation_rate": 0.3228643216080402,
    "behavioral_cooperation_rate": 0.0007069716527172798,
    "final_constrained_rate": 0.6771356783919598,
    "final_population": 796,
    "extinction_occurred": false,
    "rounds_completed": 300,
    "first_cascade_round": null,
    "total_cascade_events": 0,
    "total_shock_events": 45,
    "total_defections": 673962,
    "total_redemptions": 4129,
    "net_strategy_change": 669833,
    "total_births": 897,
    "total_deaths": 298,
    "max_population_reached": 800,
    "population_stability": 0.0028790186616580206,
    "population_growth": 4.0,
    "avg_system_stress": 12.114245756891215,
    "max_system_stress": 21.929329703733313,
    "avg_maslow_pressure": 0.24911398975015092,
    "avg_basic_needs_crisis_rate": 0.38190954773869346,
    "avg_trust_level": 0.22722925023647098,
    "cooperation_benefit_total": 0,
    "cooperation_resilience": 0.3228643216080402
  },
  "maslow_hierarchy": {
    "initial_needs_avg": {
      "physiological": 4.903949022317405,
      "safety": 4.619412386959237,
      "love": 4.911200227605936,
      "esteem": 4.9409776203191385,
      "self_actualization": 4.677568495091464
    },
    "final_needs_avg": {
      "physiological": 5.011816205755148,
      "safety": 4.565632072365589,
      "love": 0.9892858503545683,
      "esteem": 0.5643682280077388,
      "self_actualization": 4.657803483565009
    },
    "needs_improvement": {
      "physiological": 0.10786718343774293,
      "safety": -0.05378031459364774,
      "love": -3.9219143772513676,
      "esteem": -4.3766093923114,
      "self_actualization": -0.019765011526454934
    }
  },
  "inter_group_metrics": {
    "final_group_populations": {
      "A": 244,
      "B": 228,
      "C": 324
    },
    "final_group_cooperation_rates": {
      "A": 0.2827868852459016,
      "B": 0.2850877192982456,
      "C": 0.37962962962962965
    },
    "in_group_interaction_rate": 0.48500535930123834,
    "out_group_interaction_rate": 0.5149946406987617,
    "avg_in_group_trust": 0.13892248501266907,
    "avg_out_group_trust": 0.3155360154602729,
    "trust_asymmetry": -0.1766135304476038,
    "group_segregation_index": 0.48500535930123834,
    "total_mixing_events": 30,
    "mixing_event_success_rate": 1.0,
    "reputational_spillover_events": 0,
    "out_group_constraint_amplifications": 0,
    "group_extinction_events": 0
  },
  "interaction_metrics": {
    "total_interactions": 350792,
    "avg_interaction_processing_time": 0.0
  }
}