{
  "run_id": 276,
  "parameters": {
    "shock_interval_years": 20,
    "homophily_bias": 0.3498419584040613,
    "num_groups": 2,
    "out_group_trust_bias": 1.1474520065062732,
    "out_group_penalty": 1.384748063421144,
    "intervention_interval": 15,
    "intervention_scale": 0.2750174825969554,
    "event_bonus": 2.01514157566968,
    "base_trust_delta": 0.17658952254511584,
    "group_trust_bias": 1.6458371562034495,
    "resilience_profile": {
      "threshold": 0.351492662128699,
      "noise": 0.08813595828021022
    },
    "turnover_rate": 0.04820236462630255,
    "social_diffusion": 0.021214505362279402,
    "max_rounds": 300,
    "initial_population": 200,
    "max_population": 800,
    "maslow_variation": 0.5,
    "constraint_threshold_range": [
      0.2,
      0.8
    ],
    "recovery_threshold": 0.15,
    "cooperation_bonus": 0.2,
    "trust_threshold": 0.6,
    "max_relationships_per_person": 150
  },
  "outcomes": {
    "final_cooperation_rate": 0.9479695431472082,
    "behavioral_cooperation_rate": 0.2968966735083508,
    "final_constrained_rate": 0.05203045685279188,
    "final_population": 788,
    "extinction_occurred": false,
    "rounds_completed": 300,
    "first_cascade_round": null,
    "total_cascade_events": 0,
    "total_shock_events": 2,
    "total_defections": 404963,
    "total_redemptions": 1943,
    "net_strategy_change": 403020,
    "total_births": 972,
    "total_deaths": 380,
    "max_population_reached": 800,
    "population_stability": 0.004563869167438741,
    "population_growth": 4.0,
    "avg_system_stress": 0.04874666764591583,
    "max_system_stress": 0.40567841368759844,
    "avg_maslow_pressure": 0.059442513531521704,
    "avg_basic_needs_crisis_rate": 0.2982233502538071,
    "avg_trust_level": 0.6764720671421767,
    "cooperation_benefit_total": 0,
    "cooperation_resilience": 0.9479695431472082
  },
  "maslow_hierarchy": {
    "initial_needs_avg": {
      "physiological": 4.6458275720372475,
      "safety": 4.884623631583153,
      "love": 4.873224057475779,
      "esteem": 5.3030150195769945,
      "self_actualization": 5.299752803067927
    },
    "final_needs_avg": {
      "physiological": 4.980343200354068,
      "safety": 5.5567540189394125,
      "love": 9.54190914069613,
      "esteem": 4.5184145932047866,
      "self_actualization": 5.730949199684463
    },
    "needs_improvement": {
      "physiological": 0.33451562831682047,
      "safety": 0.6721303873562592,
      "love": 4.6686850832203515,
      "esteem": -0.784600426372208,
      "self_actualization": 0.43119639661653597
    }
  },
  "inter_group_metrics": {
    "final_group_populations": {
      "A": 441,
      "B": 347
    },
    "final_group_cooperation_rates": {
      "A": 0.9523809523809523,
      "B": 0.9423631123919308
    },
    "in_group_interaction_rate": 0.6745653141970916,
    "out_group_interaction_rate": 0.3254346858029083,
    "avg_in_group_trust": 0.7585356301912387,
    "avg_out_group_trust": 0.5944085040931145,
    "trust_asymmetry": 0.1641271260981242,
    "group_segregation_index": 0.6745653141970916,
    "total_mixing_events": 20,
    "mixing_event_success_rate": 1.0,
    "reputational_spillover_events": 0,
    "out_group_constraint_amplifications": 0,
    "group_extinction_events": 0
  },
  "interaction_metrics": {
    "total_interactions": 390742,
    "avg_interaction_processing_time": 0.0
  }
}