{
  "run_id": 183,
  "parameters": {
    "shock_interval_years": 20,
    "homophily_bias": 0.0,
    "num_groups": 1,
    "out_group_trust_bias": 1.0514209868618376,
    "out_group_penalty": 1.32740908195399,
    "intervention_interval": 0,
    "intervention_scale": 0.11107509075162646,
    "event_bonus": 2.018794660406753,
    "base_trust_delta": 0.13833215763422874,
    "group_trust_bias": 1.706674079462073,
    "resilience_profile": {
      "threshold": 0.2746796649823182,
      "noise": 0.02365004548919647
    },
    "turnover_rate": 0.03748123494272895,
    "social_diffusion": 0.03484244591081206,
    "max_rounds": 300,
    "initial_population": 200,
    "max_population": 800,
    "maslow_variation": 0.5,
    "constraint_threshold_range": [
      0.2,
      0.8
    ],
    "recovery_threshold": 0.15,
    "cooperation_bonus": 0.2,
    "trust_threshold": 0.6,
    "max_relationships_per_person": 150
  },
  "outcomes": {
    "final_cooperation_rate": 0.9659520807061791,
    "behavioral_cooperation_rate": 0.5151392870849042,
    "final_constrained_rate": 0.034047919293820936,
    "final_population": 793,
    "extinction_occurred": false,
    "rounds_completed": 300,
    "first_cascade_round": null,
    "total_cascade_events": 0,
    "total_shock_events": 6,
    "total_defections": 219095,
    "total_redemptions": 2000,
    "net_strategy_change": 217095,
    "total_births": 906,
    "total_deaths": 311,
    "max_population_reached": 800,
    "population_stability": 0.001896228097806588,
    "population_growth": 4.0,
    "avg_system_stress": 1.023031568705484,
    "max_system_stress": 2.1015368869902584,
    "avg_maslow_pressure": 0.07541650747104887,
    "avg_basic_needs_crisis_rate": 0.287515762925599,
    "avg_trust_level": 0.7812331521497233,
    "cooperation_benefit_total": 0,
    "cooperation_resilience": 0.9659520807061791
  },
  "maslow_hierarchy": {
    "initial_needs_avg": {
      "physiological": 4.8677216503939915,
      "safety": 4.963565950027817,
      "love": 4.9276890387616135,
      "esteem": 5.034351703828047,
      "self_actualization": 5.1591384520423835
    },
    "final_needs_avg": {
      "physiological": 5.438172208478994,
      "safety": 5.291100816053514,
      "love": 9.756818333863396,
      "esteem": 1.6014498261146968,
      "self_actualization": 5.80282506952197
    },
    "needs_improvement": {
      "physiological": 0.5704505580850023,
      "safety": 0.3275348660256965,
      "love": 4.829129295101783,
      "esteem": -3.4329018777133506,
      "self_actualization": 0.6436866174795863
    }
  },
  "inter_group_metrics": {
    "final_group_populations": {
      "A": 793
    },
    "final_group_cooperation_rates": {
      "A": 0.9659520807061791
    },
    "in_group_interaction_rate": 1.0,
    "out_group_interaction_rate": 0.0,
    "avg_in_group_trust": 0.7812331521497233,
    "avg_out_group_trust": 0.7812331521497233,
    "trust_asymmetry": 0.0,
    "group_segregation_index": 1.0,
    "total_mixing_events": 0,
    "mixing_event_success_rate": 0,
    "reputational_spillover_events": 0,
    "out_group_constraint_amplifications": 0,
    "group_extinction_events": 0
  },
  "interaction_metrics": {
    "total_interactions": 354376,
    "avg_interaction_processing_time": 0.0
  }
}