{
  "run_id": 277,
  "parameters": {
    "shock_interval_years": 2,
    "homophily_bias": 0.0,
    "num_groups": 1,
    "out_group_trust_bias": 1.054298003906389,
    "out_group_penalty": 1.2319618882637549,
    "intervention_interval": 0,
    "intervention_scale": 0.1573797382861058,
    "event_bonus": 1.6172752099687666,
    "base_trust_delta": 0.18659072851090835,
    "group_trust_bias": 1.542668217956641,
    "resilience_profile": {
      "threshold": 0.2260033132273049,
      "noise": 0.12603319780135114
    },
    "turnover_rate": 0.026767342689016576,
    "social_diffusion": 0.037704256153324456,
    "max_rounds": 300,
    "initial_population": 200,
    "max_population": 800,
    "maslow_variation": 0.5,
    "constraint_threshold_range": [
      0.2,
      0.8
    ],
    "recovery_threshold": 0.15,
    "cooperation_bonus": 0.2,
    "trust_threshold": 0.6,
    "max_relationships_per_person": 150
  },
  "outcomes": {
    "final_cooperation_rate": 0.0792838874680307,
    "behavioral_cooperation_rate": 0.17643919102519312,
    "final_constrained_rate": 0.9207161125319693,
    "final_population": 782,
    "extinction_occurred": false,
    "rounds_completed": 300,
    "first_cascade_round": null,
    "total_cascade_events": 0,
    "total_shock_events": 30,
    "total_defections": 368676,
    "total_redemptions": 5028,
    "net_strategy_change": 363648,
    "total_births": 860,
    "total_deaths": 278,
    "max_population_reached": 800,
    "population_stability": 0.015872923333135,
    "population_growth": 4.0,
    "avg_system_stress": 6.335679246359778,
    "max_system_stress": 11.115743725230686,
    "avg_maslow_pressure": 0.1424327833882146,
    "avg_basic_needs_crisis_rate": 0.2659846547314578,
    "avg_trust_level": 0.6851539532121004,
    "cooperation_benefit_total": 0,
    "cooperation_resilience": 0.0792838874680307
  },
  "maslow_hierarchy": {
    "initial_needs_avg": {
      "physiological": 5.316593943215284,
      "safety": 5.072770125769577,
      "love": 5.1750974874290385,
      "esteem": 5.104985052990964,
      "self_actualization": 4.885053135634261
    },
    "final_needs_avg": {
      "physiological": 5.5106597700802595,
      "safety": 5.162214537989943,
      "love": 5.677831882376173,
      "esteem": 0.1977341968551286,
      "self_actualization": 5.202614095587045
    },
    "needs_improvement": {
      "physiological": 0.19406582686497575,
      "safety": 0.0894444122203657,
      "love": 0.5027343949471348,
      "esteem": -4.9072508561358354,
      "self_actualization": 0.31756095995278333
    }
  },
  "inter_group_metrics": {
    "final_group_populations": {
      "A": 782
    },
    "final_group_cooperation_rates": {
      "A": 0.0792838874680307
    },
    "in_group_interaction_rate": 1.0,
    "out_group_interaction_rate": 0.0,
    "avg_in_group_trust": 0.6851539532121004,
    "avg_out_group_trust": 0.6851539532121004,
    "trust_asymmetry": 0.0,
    "group_segregation_index": 1.0,
    "total_mixing_events": 0,
    "mixing_event_success_rate": 0,
    "reputational_spillover_events": 0,
    "out_group_constraint_amplifications": 0,
    "group_extinction_events": 0
  },
  "interaction_metrics": {
    "total_interactions": 309132,
    "avg_interaction_processing_time": 0.0
  }
}