{
  "run_id": 83,
  "parameters": {
    "shock_interval_years": 5,
    "homophily_bias": 0.0,
    "num_groups": 1,
    "out_group_trust_bias": 1.1830052063062104,
    "out_group_penalty": 1.4693452076883096,
    "intervention_interval": 0,
    "intervention_scale": 0.2723572128363369,
    "event_bonus": 2.135246048290071,
    "base_trust_delta": 0.19095575457214647,
    "group_trust_bias": 1.4848441902735725,
    "resilience_profile": {
      "threshold": 0.2957379973451823,
      "noise": 0.08032009621590655
    },
    "turnover_rate": 0.02411942664710741,
    "social_diffusion": 0.047259553622250074,
    "max_rounds": 300,
    "initial_population": 200,
    "max_population": 800,
    "maslow_variation": 0.5,
    "constraint_threshold_range": [
      0.2,
      0.8
    ],
    "recovery_threshold": 0.15,
    "cooperation_bonus": 0.2,
    "trust_threshold": 0.6,
    "max_relationships_per_person": 150
  },
  "outcomes": {
    "final_cooperation_rate": 0.44837340876944837,
    "behavioral_cooperation_rate": 0.20722875845421135,
    "final_constrained_rate": 0.5516265912305516,
    "final_population": 707,
    "extinction_occurred": false,
    "rounds_completed": 300,
    "first_cascade_round": null,
    "total_cascade_events": 0,
    "total_shock_events": 21,
    "total_defections": 317429,
    "total_redemptions": 4305,
    "net_strategy_change": 313124,
    "total_births": 771,
    "total_deaths": 264,
    "max_population_reached": 740,
    "population_stability": 0.011553081249368295,
    "population_growth": 3.7,
    "avg_system_stress": 3.7300563510243485,
    "max_system_stress": 7.336588202719265,
    "avg_maslow_pressure": 0.12874251067237683,
    "avg_basic_needs_crisis_rate": 0.24186704384724186,
    "avg_trust_level": 0.6079285465343583,
    "cooperation_benefit_total": 0,
    "cooperation_resilience": 0.44837340876944837
  },
  "maslow_hierarchy": {
    "initial_needs_avg": {
      "physiological": 4.978063868266852,
      "safety": 5.078884746151652,
      "love": 4.8856406116657585,
      "esteem": 5.054644780052551,
      "self_actualization": 5.09401393074127
    },
    "final_needs_avg": {
      "physiological": 5.315578100847395,
      "safety": 5.345191625623815,
      "love": 6.818777219811558,
      "esteem": 0.23405613945361145,
      "self_actualization": 5.1875651575233315
    },
    "needs_improvement": {
      "physiological": 0.3375142325805429,
      "safety": 0.2663068794721628,
      "love": 1.9331366081457997,
      "esteem": -4.82058864059894,
      "self_actualization": 0.09355122678206129
    }
  },
  "inter_group_metrics": {
    "final_group_populations": {
      "A": 707
    },
    "final_group_cooperation_rates": {
      "A": 0.44837340876944837
    },
    "in_group_interaction_rate": 1.0,
    "out_group_interaction_rate": 0.0,
    "avg_in_group_trust": 0.6079285465343583,
    "avg_out_group_trust": 0.6079285465343583,
    "trust_asymmetry": 0.0,
    "group_segregation_index": 1.0,
    "total_mixing_events": 0,
    "mixing_event_success_rate": 0,
    "reputational_spillover_events": 0,
    "out_group_constraint_amplifications": 0,
    "group_extinction_events": 0
  },
  "interaction_metrics": {
    "total_interactions": 275898,
    "avg_interaction_processing_time": 0.0
  }
}