{
  "run_id": 84,
  "parameters": {
    "shock_interval_years": 5,
    "homophily_bias": 0.22359982894222086,
    "num_groups": 2,
    "out_group_trust_bias": 1.0918162958645414,
    "out_group_penalty": 1.247877216112051,
    "intervention_interval": 20,
    "intervention_scale": 0.21502488989867452,
    "event_bonus": 2.069630317821133,
    "base_trust_delta": 0.08726050421143845,
    "group_trust_bias": 1.4144255939769055,
    "resilience_profile": {
      "threshold": 0.3685623204617694,
      "noise": 0.11734313096631976
    },
    "turnover_rate": 0.046408076689512495,
    "social_diffusion": 0.0874428564037639,
    "max_rounds": 300,
    "initial_population": 200,
    "max_population": 800,
    "maslow_variation": 0.5,
    "constraint_threshold_range": [
      0.2,
      0.8
    ],
    "recovery_threshold": 0.15,
    "cooperation_bonus": 0.2,
    "trust_threshold": 0.6,
    "max_relationships_per_person": 150
  },
  "outcomes": {
    "final_cooperation_rate": 0.5697969543147208,
    "behavioral_cooperation_rate": 0.1289250546315244,
    "final_constrained_rate": 0.4302030456852792,
    "final_population": 788,
    "extinction_occurred": false,
    "rounds_completed": 300,
    "first_cascade_round": null,
    "total_cascade_events": 0,
    "total_shock_events": 15,
    "total_defections": 525714,
    "total_redemptions": 5386,
    "net_strategy_change": 520328,
    "total_births": 920,
    "total_deaths": 329,
    "max_population_reached": 800,
    "population_stability": 0.0029977067414640613,
    "population_growth": 4.0,
    "avg_system_stress": 1.6470829597130223,
    "max_system_stress": 5.778467471201509,
    "avg_maslow_pressure": 0.11580425541021475,
    "avg_basic_needs_crisis_rate": 0.21573604060913706,
    "avg_trust_level": 0.46018583820104864,
    "cooperation_benefit_total": 0,
    "cooperation_resilience": 0.5697969543147208
  },
  "maslow_hierarchy": {
    "initial_needs_avg": {
      "physiological": 5.354646038661166,
      "safety": 5.022333675197849,
      "love": 4.753221151921687,
      "esteem": 5.033157378953171,
      "self_actualization": 5.077832416558651
    },
    "final_needs_avg": {
      "physiological": 5.862924892908739,
      "safety": 5.43219659860687,
      "love": 5.138424316264823,
      "esteem": 0.526448037006409,
      "self_actualization": 5.669293303424068
    },
    "needs_improvement": {
      "physiological": 0.5082788542475738,
      "safety": 0.40986292340902075,
      "love": 0.3852031643431362,
      "esteem": -4.506709341946762,
      "self_actualization": 0.5914608868654172
    }
  },
  "inter_group_metrics": {
    "final_group_populations": {
      "B": 403,
      "A": 385
    },
    "final_group_cooperation_rates": {
      "B": 0.5880893300248139,
      "A": 0.5506493506493506
    },
    "in_group_interaction_rate": 0.6100564748374412,
    "out_group_interaction_rate": 0.3899435251625588,
    "avg_in_group_trust": 0.451748328216734,
    "avg_out_group_trust": 0.4686233481853633,
    "trust_asymmetry": -0.01687501996862928,
    "group_segregation_index": 0.6100564748374412,
    "total_mixing_events": 15,
    "mixing_event_success_rate": 1.0,
    "reputational_spillover_events": 0,
    "out_group_constraint_amplifications": 0,
    "group_extinction_events": 0
  },
  "interaction_metrics": {
    "total_interactions": 374326,
    "avg_interaction_processing_time": 0.0
  }
}