{
  "run_id": 444,
  "parameters": {
    "shock_interval_years": 5,
    "homophily_bias": 0.0,
    "num_groups": 1,
    "out_group_trust_bias": 0.8781633409289633,
    "out_group_penalty": 1.2067846203457422,
    "intervention_interval": 0,
    "intervention_scale": 0.08411863237555815,
    "event_bonus": 1.9363176243522373,
    "base_trust_delta": 0.11955322944463485,
    "group_trust_bias": 1.2264438710647207,
    "resilience_profile": {
      "threshold": 0.39351171066405155,
      "noise": 0.027184905741155358
    },
    "turnover_rate": 0.030928698517112246,
    "social_diffusion": 0.04360728982687717,
    "max_rounds": 300,
    "initial_population": 200,
    "max_population": 800,
    "maslow_variation": 0.5,
    "constraint_threshold_range": [
      0.2,
      0.8
    ],
    "recovery_threshold": 0.15,
    "cooperation_bonus": 0.2,
    "trust_threshold": 0.6,
    "max_relationships_per_person": 150
  },
  "outcomes": {
    "final_cooperation_rate": 0.7638190954773869,
    "behavioral_cooperation_rate": 0.32417304636718186,
    "final_constrained_rate": 0.23618090452261306,
    "final_population": 796,
    "extinction_occurred": false,
    "rounds_completed": 300,
    "first_cascade_round": null,
    "total_cascade_events": 0,
    "total_shock_events": 13,
    "total_defections": 308844,
    "total_redemptions": 4393,
    "net_strategy_change": 304451,
    "total_births": 879,
    "total_deaths": 281,
    "max_population_reached": 800,
    "population_stability": 0.02087102936712876,
    "population_growth": 4.0,
    "avg_system_stress": 2.838891577874502,
    "max_system_stress": 3.9322460655084837,
    "avg_maslow_pressure": 0.0934811332612739,
    "avg_basic_needs_crisis_rate": 0.25,
    "avg_trust_level": 0.6616047050089813,
    "cooperation_benefit_total": 0,
    "cooperation_resilience": 0.7638190954773869
  },
  "maslow_hierarchy": {
    "initial_needs_avg": {
      "physiological": 5.504516752897409,
      "safety": 5.081255969996981,
      "love": 5.07500839597528,
      "esteem": 4.992685814453494,
      "self_actualization": 4.866673932773621
    },
    "final_needs_avg": {
      "physiological": 5.975608564059929,
      "safety": 5.207087666903098,
      "love": 8.970844122558177,
      "esteem": 0.3694623152146719,
      "self_actualization": 5.349785558080931
    },
    "needs_improvement": {
      "physiological": 0.47109181116251975,
      "safety": 0.12583169690611662,
      "love": 3.895835726582897,
      "esteem": -4.623223499238822,
      "self_actualization": 0.48311162530731
    }
  },
  "inter_group_metrics": {
    "final_group_populations": {
      "A": 796
    },
    "final_group_cooperation_rates": {
      "A": 0.7638190954773869
    },
    "in_group_interaction_rate": 1.0,
    "out_group_interaction_rate": 0.0,
    "avg_in_group_trust": 0.6616047050089813,
    "avg_out_group_trust": 0.6616047050089813,
    "trust_asymmetry": 0.0,
    "group_segregation_index": 1.0,
    "total_mixing_events": 0,
    "mixing_event_success_rate": 0,
    "reputational_spillover_events": 0,
    "out_group_constraint_amplifications": 0,
    "group_extinction_events": 0
  },
  "interaction_metrics": {
    "total_interactions": 332304,
    "avg_interaction_processing_time": 0.0
  }
}