{
  "run_id": 466,
  "parameters": {
    "shock_interval_years": 20,
    "homophily_bias": 0.0,
    "num_groups": 1,
    "out_group_trust_bias": 0.9268550509845602,
    "out_group_penalty": 1.3599425457422059,
    "intervention_interval": 0,
    "intervention_scale": 0.05075116298372588,
    "event_bonus": 1.9527539579631796,
    "base_trust_delta": 0.18273073923554356,
    "group_trust_bias": 1.8938888816980803,
    "resilience_profile": {
      "threshold": 0.19247360970096644,
      "noise": 0.018159965493767093
    },
    "turnover_rate": 0.037211245277214394,
    "social_diffusion": 0.07447742497787917,
    "max_rounds": 300,
    "initial_population": 200,
    "max_population": 800,
    "maslow_variation": 0.5,
    "constraint_threshold_range": [
      0.2,
      0.8
    ],
    "recovery_threshold": 0.15,
    "cooperation_bonus": 0.2,
    "trust_threshold": 0.6,
    "max_relationships_per_person": 150
  },
  "outcomes": {
    "final_cooperation_rate": 0.9987357774968394,
    "behavioral_cooperation_rate": 0.530618258146348,
    "final_constrained_rate": 0.0012642225031605564,
    "final_population": 791,
    "extinction_occurred": false,
    "rounds_completed": 300,
    "first_cascade_round": null,
    "total_cascade_events": 0,
    "total_shock_events": 7,
    "total_defections": 213475,
    "total_redemptions": 1949,
    "net_strategy_change": 211526,
    "total_births": 913,
    "total_deaths": 320,
    "max_population_reached": 800,
    "population_stability": 0.00448633075655039,
    "population_growth": 4.0,
    "avg_system_stress": 0.9518761859764959,
    "max_system_stress": 1.651872990583027,
    "avg_maslow_pressure": 0.056356738465634576,
    "avg_basic_needs_crisis_rate": 0.15802781289506954,
    "avg_trust_level": 0.8780112307511335,
    "cooperation_benefit_total": 0,
    "cooperation_resilience": 0.9987357774968394
  },
  "maslow_hierarchy": {
    "initial_needs_avg": {
      "physiological": 5.110639115181412,
      "safety": 5.072513289028124,
      "love": 4.987257801509633,
      "esteem": 4.702038446086182,
      "self_actualization": 4.920779943996519
    },
    "final_needs_avg": {
      "physiological": 5.708835131523391,
      "safety": 5.879631153487502,
      "love": 9.976309139253225,
      "esteem": 1.563945550923515,
      "self_actualization": 5.804028231313102
    },
    "needs_improvement": {
      "physiological": 0.598196016341979,
      "safety": 0.8071178644593777,
      "love": 4.989051337743591,
      "esteem": -3.138092895162667,
      "self_actualization": 0.883248287316583
    }
  },
  "inter_group_metrics": {
    "final_group_populations": {
      "A": 791
    },
    "final_group_cooperation_rates": {
      "A": 0.9987357774968394
    },
    "in_group_interaction_rate": 1.0,
    "out_group_interaction_rate": 0.0,
    "avg_in_group_trust": 0.8780112307511335,
    "avg_out_group_trust": 0.8780112307511335,
    "trust_asymmetry": 0.0,
    "group_segregation_index": 1.0,
    "total_mixing_events": 0,
    "mixing_event_success_rate": 0,
    "reputational_spillover_events": 0,
    "out_group_constraint_amplifications": 0,
    "group_extinction_events": 0
  },
  "interaction_metrics": {
    "total_interactions": 356356,
    "avg_interaction_processing_time": 0.0
  }
}