{
  "run_id": 380,
  "parameters": {
    "shock_interval_years": 10,
    "homophily_bias": 0.0,
    "num_groups": 1,
    "out_group_trust_bias": 1.1104908052075841,
    "out_group_penalty": 1.2294016825932084,
    "intervention_interval": 0,
    "intervention_scale": 0.0669446986740909,
    "event_bonus": 1.9991507979674388,
    "base_trust_delta": 0.11254659613968988,
    "group_trust_bias": 1.765184320622549,
    "resilience_profile": {
      "threshold": 0.1470481050757749,
      "noise": 0.09442117097836186
    },
    "turnover_rate": 0.028394016455426854,
    "social_diffusion": 0.0351821945454893,
    "max_rounds": 300,
    "initial_population": 200,
    "max_population": 800,
    "maslow_variation": 0.5,
    "constraint_threshold_range": [
      0.2,
      0.8
    ],
    "recovery_threshold": 0.15,
    "cooperation_bonus": 0.2,
    "trust_threshold": 0.6,
    "max_relationships_per_person": 150
  },
  "outcomes": {
    "final_cooperation_rate": 0.9736180904522613,
    "behavioral_cooperation_rate": 0.42881252680719334,
    "final_constrained_rate": 0.026381909547738693,
    "final_population": 796,
    "extinction_occurred": false,
    "rounds_completed": 300,
    "first_cascade_round": null,
    "total_cascade_events": 0,
    "total_shock_events": 6,
    "total_defections": 232334,
    "total_redemptions": 2760,
    "net_strategy_change": 229574,
    "total_births": 884,
    "total_deaths": 286,
    "max_population_reached": 800,
    "population_stability": 0.003687005205273647,
    "population_growth": 4.0,
    "avg_system_stress": 1.055686434800053,
    "max_system_stress": 2.874641659484248,
    "avg_maslow_pressure": 0.06208181398244326,
    "avg_basic_needs_crisis_rate": 0.2135678391959799,
    "avg_trust_level": 0.7068667950922368,
    "cooperation_benefit_total": 0,
    "cooperation_resilience": 0.9736180904522613
  },
  "maslow_hierarchy": {
    "initial_needs_avg": {
      "physiological": 5.204753622533786,
      "safety": 5.224707592300169,
      "love": 4.91152561568257,
      "esteem": 5.061812507734608,
      "self_actualization": 5.105379041364747
    },
    "final_needs_avg": {
      "physiological": 5.939252059639509,
      "safety": 5.8817960223316,
      "love": 9.818993158930649,
      "esteem": 1.0808385894374724,
      "self_actualization": 5.910871734585945
    },
    "needs_improvement": {
      "physiological": 0.7344984371057235,
      "safety": 0.6570884300314308,
      "love": 4.907467543248079,
      "esteem": -3.9809739182971358,
      "self_actualization": 0.8054926932211979
    }
  },
  "inter_group_metrics": {
    "final_group_populations": {
      "A": 796
    },
    "final_group_cooperation_rates": {
      "A": 0.9736180904522613
    },
    "in_group_interaction_rate": 1.0,
    "out_group_interaction_rate": 0.0,
    "avg_in_group_trust": 0.7068667950922368,
    "avg_out_group_trust": 0.7068667950922368,
    "trust_asymmetry": 0.0,
    "group_segregation_index": 1.0,
    "total_mixing_events": 0,
    "mixing_event_success_rate": 0,
    "reputational_spillover_events": 0,
    "out_group_constraint_amplifications": 0,
    "group_extinction_events": 0
  },
  "interaction_metrics": {
    "total_interactions": 321742,
    "avg_interaction_processing_time": 0.0
  }
}