{
  "run_id": 93,
  "parameters": {
    "shock_interval_years": 10,
    "homophily_bias": 0.7936480111263181,
    "num_groups": 3,
    "out_group_trust_bias": 0.9396610599713346,
    "out_group_penalty": 1.156282986526051,
    "intervention_interval": 15,
    "intervention_scale": 0.22644551476864888,
    "event_bonus": 1.5059376822884714,
    "base_trust_delta": 0.07320999231456779,
    "group_trust_bias": 1.3743274044411067,
    "resilience_profile": {
      "threshold": 0.3279821075788626,
      "noise": 0.008070663371446268
    },
    "turnover_rate": 0.024321963397580727,
    "social_diffusion": 0.03719779701350182,
    "max_rounds": 300,
    "initial_population": 200,
    "max_population": 800,
    "maslow_variation": 0.5,
    "constraint_threshold_range": [
      0.2,
      0.8
    ],
    "recovery_threshold": 0.15,
    "cooperation_bonus": 0.2,
    "trust_threshold": 0.6,
    "max_relationships_per_person": 150
  },
  "outcomes": {
    "final_cooperation_rate": 0.8437917222963952,
    "behavioral_cooperation_rate": 0.43264400417689725,
    "final_constrained_rate": 0.15620827770360482,
    "final_population": 749,
    "extinction_occurred": false,
    "rounds_completed": 300,
    "first_cascade_round": null,
    "total_cascade_events": 0,
    "total_shock_events": 7,
    "total_defections": 227410,
    "total_redemptions": 2249,
    "net_strategy_change": 225161,
    "total_births": 818,
    "total_deaths": 269,
    "max_population_reached": 762,
    "population_stability": 0.017185272146315052,
    "population_growth": 3.81,
    "avg_system_stress": 1.0598450582304606,
    "max_system_stress": 1.9784137557687107,
    "avg_maslow_pressure": 0.0938480847982552,
    "avg_basic_needs_crisis_rate": 0.29506008010680906,
    "avg_trust_level": 0.5346420716984337,
    "cooperation_benefit_total": 0,
    "cooperation_resilience": 0.8437917222963952
  },
  "maslow_hierarchy": {
    "initial_needs_avg": {
      "physiological": 4.78326587617926,
      "safety": 4.845662027094973,
      "love": 5.161418190447944,
      "esteem": 5.232009264315582,
      "self_actualization": 5.063684242107729
    },
    "final_needs_avg": {
      "physiological": 5.189161785511828,
      "safety": 5.231804841137508,
      "love": 8.996104080616567,
      "esteem": 1.785066175808061,
      "self_actualization": 5.352000720696824
    },
    "needs_improvement": {
      "physiological": 0.40589590933256847,
      "safety": 0.38614281404253514,
      "love": 3.8346858901686227,
      "esteem": -3.4469430885075214,
      "self_actualization": 0.2883164785890955
    }
  },
  "inter_group_metrics": {
    "final_group_populations": {
      "B": 278,
      "C": 198,
      "A": 273
    },
    "final_group_cooperation_rates": {
      "B": 0.7697841726618705,
      "C": 0.8434343434343434,
      "A": 0.9194139194139194
    },
    "in_group_interaction_rate": 0.8611675556684447,
    "out_group_interaction_rate": 0.13883244433155534,
    "avg_in_group_trust": 0.5870814392765633,
    "avg_out_group_trust": 0.48220270412030397,
    "trust_asymmetry": 0.10487873515625934,
    "group_segregation_index": 0.8611675556684447,
    "total_mixing_events": 20,
    "mixing_event_success_rate": 1.0,
    "reputational_spillover_events": 0,
    "out_group_constraint_amplifications": 0,
    "group_extinction_events": 0
  },
  "interaction_metrics": {
    "total_interactions": 283464,
    "avg_interaction_processing_time": 0.0
  }
}