{
  "run_id": 206,
  "parameters": {
    "shock_interval_years": 2,
    "homophily_bias": 0.42147852283023596,
    "num_groups": 3,
    "out_group_trust_bias": 0.8552676034523934,
    "out_group_penalty": 1.4615585889410558,
    "intervention_interval": 25,
    "intervention_scale": 0.21145490876080497,
    "event_bonus": 2.3951535906940844,
    "base_trust_delta": 0.07339741471762541,
    "group_trust_bias": 1.5638259983877407,
    "resilience_profile": {
      "threshold": 0.20722805147033746,
      "noise": 0.031163985632938616
    },
    "turnover_rate": 0.02449868879387713,
    "social_diffusion": 0.06004424093775867,
    "max_rounds": 300,
    "initial_population": 200,
    "max_population": 800,
    "maslow_variation": 0.5,
    "constraint_threshold_range": [
      0.2,
      0.8
    ],
    "recovery_threshold": 0.15,
    "cooperation_bonus": 0.2,
    "trust_threshold": 0.6,
    "max_relationships_per_person": 150
  },
  "outcomes": {
    "final_cooperation_rate": 0.012048192771084338,
    "behavioral_cooperation_rate": 0.012014213627116853,
    "final_constrained_rate": 0.9879518072289156,
    "final_population": 747,
    "extinction_occurred": false,
    "rounds_completed": 300,
    "first_cascade_round": null,
    "total_cascade_events": 0,
    "total_shock_events": 28,
    "total_defections": 551859,
    "total_redemptions": 3715,
    "net_strategy_change": 548144,
    "total_births": 822,
    "total_deaths": 273,
    "max_population_reached": 800,
    "population_stability": 0.007156941948726783,
    "population_growth": 4.0,
    "avg_system_stress": 6.594305982089298,
    "max_system_stress": 11.551985979934525,
    "avg_maslow_pressure": 0.2617193699892464,
    "avg_basic_needs_crisis_rate": 0.4350736278447122,
    "avg_trust_level": 0.28703218375913375,
    "cooperation_benefit_total": 0,
    "cooperation_resilience": 0.012048192771084338
  },
  "maslow_hierarchy": {
    "initial_needs_avg": {
      "physiological": 4.657045628037817,
      "safety": 4.586386046208276,
      "love": 4.6662862041788475,
      "esteem": 4.948431743385655,
      "self_actualization": 4.690565934383946
    },
    "final_needs_avg": {
      "physiological": 4.527362917462707,
      "safety": 4.753363860247322,
      "love": 0.7735680371056025,
      "esteem": 0.3939630462953207,
      "self_actualization": 4.8437522106441
    },
    "needs_improvement": {
      "physiological": -0.1296827105751106,
      "safety": 0.1669778140390452,
      "love": -3.892718167073245,
      "esteem": -4.554468697090334,
      "self_actualization": 0.15318627626015413
    }
  },
  "inter_group_metrics": {
    "final_group_populations": {
      "A": 256,
      "B": 283,
      "C": 208
    },
    "final_group_cooperation_rates": {
      "A": 0.0078125,
      "B": 0.014134275618374558,
      "C": 0.014423076923076924
    },
    "in_group_interaction_rate": 0.6100697471665214,
    "out_group_interaction_rate": 0.38993025283347865,
    "avg_in_group_trust": 0.21327041760960808,
    "avg_out_group_trust": 0.36079394990865943,
    "trust_asymmetry": -0.14752353229905135,
    "group_segregation_index": 0.6100697471665214,
    "total_mixing_events": 12,
    "mixing_event_success_rate": 1.0,
    "reputational_spillover_events": 0,
    "out_group_constraint_amplifications": 0,
    "group_extinction_events": 0
  },
  "interaction_metrics": {
    "total_interactions": 302808,
    "avg_interaction_processing_time": 0.0
  }
}