{
  "run_id": 425,
  "parameters": {
    "shock_interval_years": 5,
    "homophily_bias": 0.0,
    "num_groups": 1,
    "out_group_trust_bias": 1.1241970595860498,
    "out_group_penalty": 1.21601199829394,
    "intervention_interval": 0,
    "intervention_scale": 0.2756707984216772,
    "event_bonus": 2.449970729290463,
    "base_trust_delta": 0.13245099880099584,
    "group_trust_bias": 1.5750688269651003,
    "resilience_profile": {
      "threshold": 0.10745707560582779,
      "noise": 0.13625313045277956
    },
    "turnover_rate": 0.04318911508643267,
    "social_diffusion": 0.0891061506128228,
    "max_rounds": 300,
    "initial_population": 200,
    "max_population": 800,
    "maslow_variation": 0.5,
    "constraint_threshold_range": [
      0.2,
      0.8
    ],
    "recovery_threshold": 0.15,
    "cooperation_bonus": 0.2,
    "trust_threshold": 0.6,
    "max_relationships_per_person": 150
  },
  "outcomes": {
    "final_cooperation_rate": 0.013871374527112233,
    "behavioral_cooperation_rate": 0.254444876086274,
    "final_constrained_rate": 0.9861286254728878,
    "final_population": 793,
    "extinction_occurred": false,
    "rounds_completed": 300,
    "first_cascade_round": null,
    "total_cascade_events": 0,
    "total_shock_events": 16,
    "total_defections": 387897,
    "total_redemptions": 4533,
    "net_strategy_change": 383364,
    "total_births": 936,
    "total_deaths": 342,
    "max_population_reached": 800,
    "population_stability": 0.0029917189004341075,
    "population_growth": 4.0,
    "avg_system_stress": 1.6338039920821332,
    "max_system_stress": 5.060004543504029,
    "avg_maslow_pressure": 0.1447243439599763,
    "avg_basic_needs_crisis_rate": 0.28247162673392184,
    "avg_trust_level": 0.6851169176643976,
    "cooperation_benefit_total": 0,
    "cooperation_resilience": 0.013871374527112233
  },
  "maslow_hierarchy": {
    "initial_needs_avg": {
      "physiological": 4.760670300101712,
      "safety": 4.918389017223619,
      "love": 4.863508275241889,
      "esteem": 5.177044184179308,
      "self_actualization": 4.9402589426433074
    },
    "final_needs_avg": {
      "physiological": 5.14852189705246,
      "safety": 5.2469470475560005,
      "love": 5.8463070808318305,
      "esteem": 0.25978958015358833,
      "self_actualization": 5.24587531742346
    },
    "needs_improvement": {
      "physiological": 0.3878515969507488,
      "safety": 0.3285580303323812,
      "love": 0.9827988055899413,
      "esteem": -4.91725460402572,
      "self_actualization": 0.30561637478015236
    }
  },
  "inter_group_metrics": {
    "final_group_populations": {
      "A": 793
    },
    "final_group_cooperation_rates": {
      "A": 0.013871374527112233
    },
    "in_group_interaction_rate": 1.0,
    "out_group_interaction_rate": 0.0,
    "avg_in_group_trust": 0.6851169176643976,
    "avg_out_group_trust": 0.6851169176643976,
    "trust_asymmetry": 0.0,
    "group_segregation_index": 1.0,
    "total_mixing_events": 0,
    "mixing_event_success_rate": 0,
    "reputational_spillover_events": 0,
    "out_group_constraint_amplifications": 0,
    "group_extinction_events": 0
  },
  "interaction_metrics": {
    "total_interactions": 375826,
    "avg_interaction_processing_time": 0.0
  }
}