{
  "run_id": 158,
  "parameters": {
    "shock_interval_years": 10,
    "homophily_bias": 0.2514357491211108,
    "num_groups": 3,
    "out_group_trust_bias": 0.8342816712973334,
    "out_group_penalty": 1.2561087927558994,
    "intervention_interval": 20,
    "intervention_scale": 0.15227116873616015,
    "event_bonus": 2.02870492787258,
    "base_trust_delta": 0.18444222649619196,
    "group_trust_bias": 1.3400354045437128,
    "resilience_profile": {
      "threshold": 0.3534749681875443,
      "noise": 0.0760748230950421
    },
    "turnover_rate": 0.020498970855123932,
    "social_diffusion": 0.015656404902865073,
    "max_rounds": 300,
    "initial_population": 200,
    "max_population": 800,
    "maslow_variation": 0.5,
    "constraint_threshold_range": [
      0.2,
      0.8
    ],
    "recovery_threshold": 0.15,
    "cooperation_bonus": 0.2,
    "trust_threshold": 0.6,
    "max_relationships_per_person": 150
  },
  "outcomes": {
    "final_cooperation_rate": 0.696588868940754,
    "behavioral_cooperation_rate": 0.058912288671836975,
    "final_constrained_rate": 0.30341113105924594,
    "final_population": 557,
    "extinction_occurred": false,
    "rounds_completed": 300,
    "first_cascade_round": null,
    "total_cascade_events": 0,
    "total_shock_events": 7,
    "total_defections": 405068,
    "total_redemptions": 2734,
    "net_strategy_change": 402334,
    "total_births": 610,
    "total_deaths": 253,
    "max_population_reached": 645,
    "population_stability": 0.008229630153479682,
    "population_growth": 3.225,
    "avg_system_stress": 0.34068771983853624,
    "max_system_stress": 1.859482289193317,
    "avg_maslow_pressure": 0.15119888417071278,
    "avg_basic_needs_crisis_rate": 0.2621184919210054,
    "avg_trust_level": 0.25865003385760926,
    "cooperation_benefit_total": 0,
    "cooperation_resilience": 0.696588868940754
  },
  "maslow_hierarchy": {
    "initial_needs_avg": {
      "physiological": 5.11939488164522,
      "safety": 5.062015680123209,
      "love": 5.225646663033976,
      "esteem": 4.949189510370619,
      "self_actualization": 5.07219011884256
    },
    "final_needs_avg": {
      "physiological": 5.21586861381259,
      "safety": 5.434698403544521,
      "love": 4.739554174914797,
      "esteem": 0.8410974032807536,
      "self_actualization": 5.183766054773523
    },
    "needs_improvement": {
      "physiological": 0.09647373216736987,
      "safety": 0.37268272342131237,
      "love": -0.48609248811917904,
      "esteem": -4.108092107089866,
      "self_actualization": 0.11157593593096315
    }
  },
  "inter_group_metrics": {
    "final_group_populations": {
      "C": 197,
      "A": 165,
      "B": 195
    },
    "final_group_cooperation_rates": {
      "C": 0.7157360406091371,
      "A": 0.6606060606060606,
      "B": 0.7076923076923077
    },
    "in_group_interaction_rate": 0.49773663886815717,
    "out_group_interaction_rate": 0.5022633611318428,
    "avg_in_group_trust": 0.27117772771270643,
    "avg_out_group_trust": 0.24612234000251212,
    "trust_asymmetry": 0.025055387710194305,
    "group_segregation_index": 0.49773663886815717,
    "total_mixing_events": 15,
    "mixing_event_success_rate": 1.0,
    "reputational_spillover_events": 0,
    "out_group_constraint_amplifications": 0,
    "group_extinction_events": 0
  },
  "interaction_metrics": {
    "total_interactions": 246536,
    "avg_interaction_processing_time": 0.0
  }
}