{
  "run_id": 37,
  "parameters": {
    "shock_interval_years": 20,
    "homophily_bias": 0.3465304861650301,
    "num_groups": 2,
    "out_group_trust_bias": 1.1416669976945155,
    "out_group_penalty": 1.1162133211322471,
    "intervention_interval": 20,
    "intervention_scale": 0.11840182138533752,
    "event_bonus": 2.0627366113711085,
    "base_trust_delta": 0.07118570026357393,
    "group_trust_bias": 1.3572834032645775,
    "resilience_profile": {
      "threshold": 0.16092263913842667,
      "noise": 0.08592658934551982
    },
    "turnover_rate": 0.023111917325763797,
    "social_diffusion": 0.05620758215683683,
    "max_rounds": 300,
    "initial_population": 200,
    "max_population": 800,
    "maslow_variation": 0.5,
    "constraint_threshold_range": [
      0.2,
      0.8
    ],
    "recovery_threshold": 0.15,
    "cooperation_bonus": 0.2,
    "trust_threshold": 0.6,
    "max_relationships_per_person": 150
  },
  "outcomes": {
    "final_cooperation_rate": 0.8823529411764706,
    "behavioral_cooperation_rate": 0.1814199785969962,
    "final_constrained_rate": 0.11764705882352941,
    "final_population": 714,
    "extinction_occurred": false,
    "rounds_completed": 300,
    "first_cascade_round": null,
    "total_cascade_events": 0,
    "total_shock_events": 4,
    "total_defections": 335575,
    "total_redemptions": 1421,
    "net_strategy_change": 334154,
    "total_births": 779,
    "total_deaths": 264,
    "max_population_reached": 714,
    "population_stability": 0.019540662134455024,
    "population_growth": 3.57,
    "avg_system_stress": 1.5114140669304723,
    "max_system_stress": 2.939640648149701,
    "avg_maslow_pressure": 0.08141239203938709,
    "avg_basic_needs_crisis_rate": 0.3011204481792717,
    "avg_trust_level": 0.4561109709217064,
    "cooperation_benefit_total": 0,
    "cooperation_resilience": 0.8823529411764706
  },
  "maslow_hierarchy": {
    "initial_needs_avg": {
      "physiological": 4.838880354195909,
      "safety": 5.236511026836607,
      "love": 5.077594216611744,
      "esteem": 5.442559324225945,
      "self_actualization": 5.105235120534916
    },
    "final_needs_avg": {
      "physiological": 5.022987279206859,
      "safety": 5.338252641175974,
      "love": 8.942773570043226,
      "esteem": 2.4576850553626843,
      "self_actualization": 5.780352320653525
    },
    "needs_improvement": {
      "physiological": 0.18410692501095038,
      "safety": 0.10174161433936746,
      "love": 3.865179353431482,
      "esteem": -2.9848742688632606,
      "self_actualization": 0.675117200118609
    }
  },
  "inter_group_metrics": {
    "final_group_populations": {
      "B": 363,
      "A": 351
    },
    "final_group_cooperation_rates": {
      "B": 0.8705234159779615,
      "A": 0.8945868945868946
    },
    "in_group_interaction_rate": 0.6710542824458468,
    "out_group_interaction_rate": 0.3289457175541533,
    "avg_in_group_trust": 0.48504388070937715,
    "avg_out_group_trust": 0.4271780611340356,
    "trust_asymmetry": 0.05786581957534154,
    "group_segregation_index": 0.6710542824458468,
    "total_mixing_events": 15,
    "mixing_event_success_rate": 1.0,
    "reputational_spillover_events": 0,
    "out_group_constraint_amplifications": 0,
    "group_extinction_events": 0
  },
  "interaction_metrics": {
    "total_interactions": 270990,
    "avg_interaction_processing_time": 0.0
  }
}