{
  "run_id": 98,
  "parameters": {
    "shock_interval_years": 5,
    "homophily_bias": 0.0,
    "num_groups": 1,
    "out_group_trust_bias": 1.1160188637175652,
    "out_group_penalty": 1.499870003240276,
    "intervention_interval": 0,
    "intervention_scale": 0.1559900524675331,
    "event_bonus": 1.6487100403063752,
    "base_trust_delta": 0.061158037296811865,
    "group_trust_bias": 1.5052315793175963,
    "resilience_profile": {
      "threshold": 0.25134601821647995,
      "noise": 0.005571901347369052
    },
    "turnover_rate": 0.03446777457289183,
    "social_diffusion": 0.09085420592493776,
    "max_rounds": 300,
    "initial_population": 200,
    "max_population": 800,
    "maslow_variation": 0.5,
    "constraint_threshold_range": [
      0.2,
      0.8
    ],
    "recovery_threshold": 0.15,
    "cooperation_bonus": 0.2,
    "trust_threshold": 0.6,
    "max_relationships_per_person": 150
  },
  "outcomes": {
    "final_cooperation_rate": 0.11809045226130653,
    "behavioral_cooperation_rate": 0.37051406974340806,
    "final_constrained_rate": 0.8819095477386935,
    "final_population": 796,
    "extinction_occurred": false,
    "rounds_completed": 300,
    "first_cascade_round": null,
    "total_cascade_events": 0,
    "total_shock_events": 17,
    "total_defections": 285197,
    "total_redemptions": 3591,
    "net_strategy_change": 281606,
    "total_births": 883,
    "total_deaths": 285,
    "max_population_reached": 800,
    "population_stability": 0.002305901372546849,
    "population_growth": 4.0,
    "avg_system_stress": 3.103848569882443,
    "max_system_stress": 4.850770717806944,
    "avg_maslow_pressure": 0.10937138787957992,
    "avg_basic_needs_crisis_rate": 0.26884422110552764,
    "avg_trust_level": 0.6215167978483924,
    "cooperation_benefit_total": 0,
    "cooperation_resilience": 0.11809045226130653
  },
  "maslow_hierarchy": {
    "initial_needs_avg": {
      "physiological": 5.0461554961746575,
      "safety": 4.972995111192362,
      "love": 5.129391914939689,
      "esteem": 5.154755170337474,
      "self_actualization": 4.881619968132669
    },
    "final_needs_avg": {
      "physiological": 5.4222947430756205,
      "safety": 5.230947009657549,
      "love": 8.207972839625814,
      "esteem": 0.49952738122217466,
      "self_actualization": 5.329277880516303
    },
    "needs_improvement": {
      "physiological": 0.376139246900963,
      "safety": 0.25795189846518696,
      "love": 3.0785809246861247,
      "esteem": -4.655227789115299,
      "self_actualization": 0.44765791238363395
    }
  },
  "inter_group_metrics": {
    "final_group_populations": {
      "A": 796
    },
    "final_group_cooperation_rates": {
      "A": 0.11809045226130653
    },
    "in_group_interaction_rate": 1.0,
    "out_group_interaction_rate": 0.0,
    "avg_in_group_trust": 0.6215167978483924,
    "avg_out_group_trust": 0.6215167978483924,
    "trust_asymmetry": 0.0,
    "group_segregation_index": 1.0,
    "total_mixing_events": 0,
    "mixing_event_success_rate": 0,
    "reputational_spillover_events": 0,
    "out_group_constraint_amplifications": 0,
    "group_extinction_events": 0
  },
  "interaction_metrics": {
    "total_interactions": 338670,
    "avg_interaction_processing_time": 0.0
  }
}