{
  "run_id": 451,
  "parameters": {
    "shock_interval_years": 5,
    "homophily_bias": 0.0,
    "num_groups": 1,
    "out_group_trust_bias": 1.0698487946048796,
    "out_group_penalty": 1.3591554416735683,
    "intervention_interval": 0,
    "intervention_scale": 0.13550738143063262,
    "event_bonus": 2.306062173032158,
    "base_trust_delta": 0.13104841296457104,
    "group_trust_bias": 1.8830790084971532,
    "resilience_profile": {
      "threshold": 0.14346697786999335,
      "noise": 0.026974230849241557
    },
    "turnover_rate": 0.04718206721489361,
    "social_diffusion": 0.009698999943329713,
    "max_rounds": 300,
    "initial_population": 200,
    "max_population": 800,
    "maslow_variation": 0.5,
    "constraint_threshold_range": [
      0.2,
      0.8
    ],
    "recovery_threshold": 0.15,
    "cooperation_bonus": 0.2,
    "trust_threshold": 0.6,
    "max_relationships_per_person": 150
  },
  "outcomes": {
    "final_cooperation_rate": 0.2474747474747475,
    "behavioral_cooperation_rate": 0.2851227323475608,
    "final_constrained_rate": 0.7525252525252525,
    "final_population": 792,
    "extinction_occurred": false,
    "rounds_completed": 300,
    "first_cascade_round": null,
    "total_cascade_events": 0,
    "total_shock_events": 16,
    "total_defections": 375009,
    "total_redemptions": 4602,
    "net_strategy_change": 370407,
    "total_births": 944,
    "total_deaths": 348,
    "max_population_reached": 800,
    "population_stability": 0.004041243114142588,
    "population_growth": 4.0,
    "avg_system_stress": 2.1279786052973897,
    "max_system_stress": 4.504226891794241,
    "avg_maslow_pressure": 0.13865846909786755,
    "avg_basic_needs_crisis_rate": 0.29419191919191917,
    "avg_trust_level": 0.741151502752254,
    "cooperation_benefit_total": 0,
    "cooperation_resilience": 0.2474747474747475
  },
  "maslow_hierarchy": {
    "initial_needs_avg": {
      "physiological": 5.234471454782638,
      "safety": 4.763132811079431,
      "love": 5.161098896718527,
      "esteem": 5.032510764394653,
      "self_actualization": 4.8278397009913
    },
    "final_needs_avg": {
      "physiological": 5.585857609258735,
      "safety": 4.9272138535591345,
      "love": 6.699990321678247,
      "esteem": 0.25932207381605277,
      "self_actualization": 4.967868173591364
    },
    "needs_improvement": {
      "physiological": 0.35138615447609656,
      "safety": 0.16408104247970368,
      "love": 1.5388914249597203,
      "esteem": -4.7731886905786,
      "self_actualization": 0.140028472600064
    }
  },
  "inter_group_metrics": {
    "final_group_populations": {
      "A": 792
    },
    "final_group_cooperation_rates": {
      "A": 0.2474747474747475
    },
    "in_group_interaction_rate": 1.0,
    "out_group_interaction_rate": 0.0,
    "avg_in_group_trust": 0.741151502752254,
    "avg_out_group_trust": 0.741151502752254,
    "trust_asymmetry": 0.0,
    "group_segregation_index": 1.0,
    "total_mixing_events": 0,
    "mixing_event_success_rate": 0,
    "reputational_spillover_events": 0,
    "out_group_constraint_amplifications": 0,
    "group_extinction_events": 0
  },
  "interaction_metrics": {
    "total_interactions": 381562,
    "avg_interaction_processing_time": 0.0
  }
}