{
  "run_id": 341,
  "parameters": {
    "shock_interval_years": 10,
    "homophily_bias": 0.0,
    "num_groups": 1,
    "out_group_trust_bias": 1.0697095180898895,
    "out_group_penalty": 1.1299918010473298,
    "intervention_interval": 0,
    "intervention_scale": 0.06572784523886945,
    "event_bonus": 2.387834288089643,
    "base_trust_delta": 0.09898680102284892,
    "group_trust_bias": 1.3177381760178917,
    "resilience_profile": {
      "threshold": 0.11375378742345045,
      "noise": 0.01904102572293747
    },
    "turnover_rate": 0.023941000347067132,
    "social_diffusion": 0.07263931490351712,
    "max_rounds": 300,
    "initial_population": 200,
    "max_population": 800,
    "maslow_variation": 0.5,
    "constraint_threshold_range": [
      0.2,
      0.8
    ],
    "recovery_threshold": 0.15,
    "cooperation_bonus": 0.2,
    "trust_threshold": 0.6,
    "max_relationships_per_person": 150
  },
  "outcomes": {
    "final_cooperation_rate": 0.9822646657571623,
    "behavioral_cooperation_rate": 0.4925839040447993,
    "final_constrained_rate": 0.017735334242837655,
    "final_population": 733,
    "extinction_occurred": false,
    "rounds_completed": 300,
    "first_cascade_round": null,
    "total_cascade_events": 0,
    "total_shock_events": 7,
    "total_defections": 202647,
    "total_redemptions": 2029,
    "net_strategy_change": 200618,
    "total_births": 833,
    "total_deaths": 296,
    "max_population_reached": 800,
    "population_stability": 0.010195800559277171,
    "population_growth": 4.0,
    "avg_system_stress": 0.8698360043763601,
    "max_system_stress": 1.7722934163614328,
    "avg_maslow_pressure": 0.08227828393353444,
    "avg_basic_needs_crisis_rate": 0.26875852660300137,
    "avg_trust_level": 0.6692183496969245,
    "cooperation_benefit_total": 0,
    "cooperation_resilience": 0.9822646657571623
  },
  "maslow_hierarchy": {
    "initial_needs_avg": {
      "physiological": 4.783036504722136,
      "safety": 5.109854493609845,
      "love": 5.301240018076495,
      "esteem": 4.726753183108659,
      "self_actualization": 4.715322985641876
    },
    "final_needs_avg": {
      "physiological": 5.247044729225418,
      "safety": 5.501954439872619,
      "love": 9.872300712864774,
      "esteem": 1.3086350089391827,
      "self_actualization": 5.709724322396125
    },
    "needs_improvement": {
      "physiological": 0.4640082245032815,
      "safety": 0.3920999462627739,
      "love": 4.5710606947882795,
      "esteem": -3.418118174169477,
      "self_actualization": 0.9944013367542492
    }
  },
  "inter_group_metrics": {
    "final_group_populations": {
      "A": 733
    },
    "final_group_cooperation_rates": {
      "A": 0.9822646657571623
    },
    "in_group_interaction_rate": 1.0,
    "out_group_interaction_rate": 0.0,
    "avg_in_group_trust": 0.6692183496969245,
    "avg_out_group_trust": 0.6692183496969245,
    "trust_asymmetry": 0.0,
    "group_segregation_index": 1.0,
    "total_mixing_events": 0,
    "mixing_event_success_rate": 0,
    "reputational_spillover_events": 0,
    "out_group_constraint_amplifications": 0,
    "group_extinction_events": 0
  },
  "interaction_metrics": {
    "total_interactions": 317148,
    "avg_interaction_processing_time": 0.0
  }
}