{
  "run_id": 473,
  "parameters": {
    "shock_interval_years": 20,
    "homophily_bias": 0.14159058020542625,
    "num_groups": 2,
    "out_group_trust_bias": 1.0526364160016968,
    "out_group_penalty": 1.4596673953077233,
    "intervention_interval": 25,
    "intervention_scale": 0.13512681347369454,
    "event_bonus": 1.7765606524498407,
    "base_trust_delta": 0.15678640219663184,
    "group_trust_bias": 1.2258443226942541,
    "resilience_profile": {
      "threshold": 0.10542851119061326,
      "noise": 0.03550778091883584
    },
    "turnover_rate": 0.046927561127601436,
    "social_diffusion": 0.08713195603821455,
    "max_rounds": 300,
    "initial_population": 200,
    "max_population": 800,
    "maslow_variation": 0.5,
    "constraint_threshold_range": [
      0.2,
      0.8
    ],
    "recovery_threshold": 0.15,
    "cooperation_bonus": 0.2,
    "trust_threshold": 0.6,
    "max_relationships_per_person": 150
  },
  "outcomes": {
    "final_cooperation_rate": 0.34096692111959287,
    "behavioral_cooperation_rate": 0.010402343669833973,
    "final_constrained_rate": 0.6590330788804071,
    "final_population": 786,
    "extinction_occurred": false,
    "rounds_completed": 300,
    "first_cascade_round": null,
    "total_cascade_events": 0,
    "total_shock_events": 3,
    "total_defections": 712606,
    "total_redemptions": 6769,
    "net_strategy_change": 705837,
    "total_births": 976,
    "total_deaths": 384,
    "max_population_reached": 800,
    "population_stability": 0.0038520111926720916,
    "population_growth": 4.0,
    "avg_system_stress": 0.10112292806149954,
    "max_system_stress": 0.5678561501112993,
    "avg_maslow_pressure": 0.2443627058559709,
    "avg_basic_needs_crisis_rate": 0.361323155216285,
    "avg_trust_level": 0.166161273099352,
    "cooperation_benefit_total": 0,
    "cooperation_resilience": 0.34096692111959287
  },
  "maslow_hierarchy": {
    "initial_needs_avg": {
      "physiological": 4.891990654316375,
      "safety": 4.806482529043771,
      "love": 4.752748886795517,
      "esteem": 5.078704148116877,
      "self_actualization": 5.0767917653752805
    },
    "final_needs_avg": {
      "physiological": 4.7524329568431956,
      "safety": 4.665649772214961,
      "love": 0.6219095061339559,
      "esteem": 0.39865186726938345,
      "self_actualization": 5.152800392916529
    },
    "needs_improvement": {
      "physiological": -0.1395576974731796,
      "safety": -0.1408327568288108,
      "love": -4.130839380661562,
      "esteem": -4.680052280847494,
      "self_actualization": 0.07600862754124815
    }
  },
  "inter_group_metrics": {
    "final_group_populations": {
      "A": 405,
      "B": 381
    },
    "final_group_cooperation_rates": {
      "A": 0.37777777777777777,
      "B": 0.30183727034120733
    },
    "in_group_interaction_rate": 0.5697585527530937,
    "out_group_interaction_rate": 0.4302414472469062,
    "avg_in_group_trust": 0.14524055268340624,
    "avg_out_group_trust": 0.18708199351529775,
    "trust_asymmetry": -0.04184144083189151,
    "group_segregation_index": 0.5697585527530937,
    "total_mixing_events": 12,
    "mixing_event_success_rate": 1.0,
    "reputational_spillover_events": 0,
    "out_group_constraint_amplifications": 0,
    "group_extinction_events": 0
  },
  "interaction_metrics": {
    "total_interactions": 389816,
    "avg_interaction_processing_time": 0.0
  }
}