{
  "run_id": 414,
  "parameters": {
    "shock_interval_years": 2,
    "homophily_bias": 0.7280969829714294,
    "num_groups": 3,
    "out_group_trust_bias": 0.9277928540874817,
    "out_group_penalty": 1.2305658629518956,
    "intervention_interval": 25,
    "intervention_scale": 0.2334681684593083,
    "event_bonus": 2.1490295074414605,
    "base_trust_delta": 0.1584795282498055,
    "group_trust_bias": 1.976969743542426,
    "resilience_profile": {
      "threshold": 0.2726177625318418,
      "noise": 0.11327474192726247
    },
    "turnover_rate": 0.02521212125596834,
    "social_diffusion": 0.08582780765300337,
    "max_rounds": 300,
    "initial_population": 200,
    "max_population": 800,
    "maslow_variation": 0.5,
    "constraint_threshold_range": [
      0.2,
      0.8
    ],
    "recovery_threshold": 0.15,
    "cooperation_bonus": 0.2,
    "trust_threshold": 0.6,
    "max_relationships_per_person": 150
  },
  "outcomes": {
    "final_cooperation_rate": 0.8893280632411067,
    "behavioral_cooperation_rate": 0.07648634484364991,
    "final_constrained_rate": 0.11067193675889328,
    "final_population": 759,
    "extinction_occurred": false,
    "rounds_completed": 300,
    "first_cascade_round": null,
    "total_cascade_events": 0,
    "total_shock_events": 35,
    "total_defections": 500469,
    "total_redemptions": 5652,
    "net_strategy_change": 494817,
    "total_births": 837,
    "total_deaths": 276,
    "max_population_reached": 800,
    "population_stability": 0.018812947185329172,
    "population_growth": 4.0,
    "avg_system_stress": 6.923613630940367,
    "max_system_stress": 13.970825290165793,
    "avg_maslow_pressure": 0.16653211326885295,
    "avg_basic_needs_crisis_rate": 0.2977602108036891,
    "avg_trust_level": 0.32940186867023236,
    "cooperation_benefit_total": 0,
    "cooperation_resilience": 0.8893280632411067
  },
  "maslow_hierarchy": {
    "initial_needs_avg": {
      "physiological": 4.901748291405429,
      "safety": 5.112680958066946,
      "love": 4.8494479772938295,
      "esteem": 5.132777006508291,
      "self_actualization": 4.93806145566875
    },
    "final_needs_avg": {
      "physiological": 5.088099641629779,
      "safety": 5.291062946744988,
      "love": 4.202576337580409,
      "esteem": 0.5126124952016584,
      "self_actualization": 5.19521402822296
    },
    "needs_improvement": {
      "physiological": 0.18635135022435012,
      "safety": 0.17838198867804245,
      "love": -0.6468716397134209,
      "esteem": -4.6201645113066325,
      "self_actualization": 0.25715257255420987
    }
  },
  "inter_group_metrics": {
    "final_group_populations": {
      "A": 283,
      "C": 235,
      "B": 241
    },
    "final_group_cooperation_rates": {
      "A": 0.8975265017667845,
      "C": 0.8978723404255319,
      "B": 0.8713692946058091
    },
    "in_group_interaction_rate": 0.8155373098597928,
    "out_group_interaction_rate": 0.18446269014020716,
    "avg_in_group_trust": 0.3681198425219421,
    "avg_out_group_trust": 0.2906838948185227,
    "trust_asymmetry": 0.07743594770341938,
    "group_segregation_index": 0.8155373098597928,
    "total_mixing_events": 12,
    "mixing_event_success_rate": 1.0,
    "reputational_spillover_events": 0,
    "out_group_constraint_amplifications": 0,
    "group_extinction_events": 0
  },
  "interaction_metrics": {
    "total_interactions": 309114,
    "avg_interaction_processing_time": 0.0
  }
}