{
  "run_id": 433,
  "parameters": {
    "shock_interval_years": 5,
    "homophily_bias": 0.0,
    "num_groups": 1,
    "out_group_trust_bias": 1.0025474547253417,
    "out_group_penalty": 1.3606815285350886,
    "intervention_interval": 0,
    "intervention_scale": 0.14134225823687274,
    "event_bonus": 2.4970260860651248,
    "base_trust_delta": 0.1136117894073709,
    "group_trust_bias": 1.5042167416060526,
    "resilience_profile": {
      "threshold": 0.3439611270963622,
      "noise": 0.06087154496611693
    },
    "turnover_rate": 0.04322613970169445,
    "social_diffusion": 0.09234844969054717,
    "max_rounds": 300,
    "initial_population": 200,
    "max_population": 800,
    "maslow_variation": 0.5,
    "constraint_threshold_range": [
      0.2,
      0.8
    ],
    "recovery_threshold": 0.15,
    "cooperation_bonus": 0.2,
    "trust_threshold": 0.6,
    "max_relationships_per_person": 150
  },
  "outcomes": {
    "final_cooperation_rate": 0.3240152477763659,
    "behavioral_cooperation_rate": 0.3052825294815655,
    "final_constrained_rate": 0.6759847522236341,
    "final_population": 787,
    "extinction_occurred": false,
    "rounds_completed": 300,
    "first_cascade_round": null,
    "total_cascade_events": 0,
    "total_shock_events": 18,
    "total_defections": 367643,
    "total_redemptions": 4187,
    "net_strategy_change": 363456,
    "total_births": 936,
    "total_deaths": 348,
    "max_population_reached": 800,
    "population_stability": 0.004223906889411604,
    "population_growth": 4.0,
    "avg_system_stress": 2.530002151918331,
    "max_system_stress": 4.852184545509874,
    "avg_maslow_pressure": 0.1227089258733543,
    "avg_basic_needs_crisis_rate": 0.27064803049555275,
    "avg_trust_level": 0.6667614768085954,
    "cooperation_benefit_total": 0,
    "cooperation_resilience": 0.3240152477763659
  },
  "maslow_hierarchy": {
    "initial_needs_avg": {
      "physiological": 4.966749167982945,
      "safety": 5.02864409108895,
      "love": 5.231321748989981,
      "esteem": 5.244198678721378,
      "self_actualization": 5.16399079644321
    },
    "final_needs_avg": {
      "physiological": 5.2118131869281,
      "safety": 5.134963628720319,
      "love": 6.821214332581432,
      "esteem": 0.29188095663593216,
      "self_actualization": 5.4823879437224425
    },
    "needs_improvement": {
      "physiological": 0.24506401894515495,
      "safety": 0.1063195376313697,
      "love": 1.5898925835914515,
      "esteem": -4.9523177220854455,
      "self_actualization": 0.3183971472792324
    }
  },
  "inter_group_metrics": {
    "final_group_populations": {
      "A": 787
    },
    "final_group_cooperation_rates": {
      "A": 0.3240152477763659
    },
    "in_group_interaction_rate": 1.0,
    "out_group_interaction_rate": 0.0,
    "avg_in_group_trust": 0.6667614768085954,
    "avg_out_group_trust": 0.6667614768085954,
    "trust_asymmetry": 0.0,
    "group_segregation_index": 1.0,
    "total_mixing_events": 0,
    "mixing_event_success_rate": 0,
    "reputational_spillover_events": 0,
    "out_group_constraint_amplifications": 0,
    "group_extinction_events": 0
  },
  "interaction_metrics": {
    "total_interactions": 380916,
    "avg_interaction_processing_time": 0.0
  }
}