{
  "run_id": 137,
  "parameters": {
    "shock_interval_years": 5,
    "homophily_bias": 0.17115791340666375,
    "num_groups": 2,
    "out_group_trust_bias": 1.13597208233491,
    "out_group_penalty": 1.2808444375514416,
    "intervention_interval": 25,
    "intervention_scale": 0.2312987873028236,
    "event_bonus": 2.110475921607911,
    "base_trust_delta": 0.1858878465924701,
    "group_trust_bias": 1.6290599568745803,
    "resilience_profile": {
      "threshold": 0.15894859256472793,
      "noise": 0.07287215017560238
    },
    "turnover_rate": 0.046602462511374704,
    "social_diffusion": 0.08420602181056804,
    "max_rounds": 300,
    "initial_population": 200,
    "max_population": 800,
    "maslow_variation": 0.5,
    "constraint_threshold_range": [
      0.2,
      0.8
    ],
    "recovery_threshold": 0.15,
    "cooperation_bonus": 0.2,
    "trust_threshold": 0.6,
    "max_relationships_per_person": 150
  },
  "outcomes": {
    "final_cooperation_rate": 0.39593908629441626,
    "behavioral_cooperation_rate": 0.020628622795325624,
    "final_constrained_rate": 0.6040609137055838,
    "final_population": 788,
    "extinction_occurred": false,
    "rounds_completed": 300,
    "first_cascade_round": null,
    "total_cascade_events": 0,
    "total_shock_events": 20,
    "total_defections": 701571,
    "total_redemptions": 5251,
    "net_strategy_change": 696320,
    "total_births": 961,
    "total_deaths": 367,
    "max_population_reached": 800,
    "population_stability": 0.004007836958693568,
    "population_growth": 4.0,
    "avg_system_stress": 3.2429955724820823,
    "max_system_stress": 7.127056672476934,
    "avg_maslow_pressure": 0.23178373067505592,
    "avg_basic_needs_crisis_rate": 0.33756345177664976,
    "avg_trust_level": 0.151255252670421,
    "cooperation_benefit_total": 0,
    "cooperation_resilience": 0.39593908629441626
  },
  "maslow_hierarchy": {
    "initial_needs_avg": {
      "physiological": 4.986459153422016,
      "safety": 5.123948325059092,
      "love": 4.981144955751189,
      "esteem": 5.054217829149368,
      "self_actualization": 4.834243252093275
    },
    "final_needs_avg": {
      "physiological": 4.886126335108136,
      "safety": 5.174269515135855,
      "love": 1.0480850789478764,
      "esteem": 0.45803456845090273,
      "self_actualization": 4.858907464965305
    },
    "needs_improvement": {
      "physiological": -0.10033281831388052,
      "safety": 0.05032119007676261,
      "love": -3.9330598768033127,
      "esteem": -4.596183260698465,
      "self_actualization": 0.0246642128720298
    }
  },
  "inter_group_metrics": {
    "final_group_populations": {
      "A": 352,
      "B": 436
    },
    "final_group_cooperation_rates": {
      "A": 0.3664772727272727,
      "B": 0.4197247706422018
    },
    "in_group_interaction_rate": 0.5856400400896852,
    "out_group_interaction_rate": 0.4143599599103148,
    "avg_in_group_trust": 0.13612830470211482,
    "avg_out_group_trust": 0.16638220063872722,
    "trust_asymmetry": -0.0302538959366124,
    "group_segregation_index": 0.5856400400896852,
    "total_mixing_events": 12,
    "mixing_event_success_rate": 1.0,
    "reputational_spillover_events": 0,
    "out_group_constraint_amplifications": 0,
    "group_extinction_events": 0
  },
  "interaction_metrics": {
    "total_interactions": 387132,
    "avg_interaction_processing_time": 0.0
  }
}