{
  "run_id": 91,
  "parameters": {
    "shock_interval_years": 5,
    "homophily_bias": 0.2793260013631372,
    "num_groups": 2,
    "out_group_trust_bias": 1.1022486630702635,
    "out_group_penalty": 1.4536108469349407,
    "intervention_interval": 20,
    "intervention_scale": 0.15413867905911482,
    "event_bonus": 2.046508445007562,
    "base_trust_delta": 0.06581563160048595,
    "group_trust_bias": 1.3527745647069398,
    "resilience_profile": {
      "threshold": 0.2876042248288661,
      "noise": 0.0374431374871802
    },
    "turnover_rate": 0.021594755471796564,
    "social_diffusion": 0.042685344598265534,
    "max_rounds": 300,
    "initial_population": 200,
    "max_population": 800,
    "maslow_variation": 0.5,
    "constraint_threshold_range": [
      0.2,
      0.8
    ],
    "recovery_threshold": 0.15,
    "cooperation_bonus": 0.2,
    "trust_threshold": 0.6,
    "max_relationships_per_person": 150
  },
  "outcomes": {
    "final_cooperation_rate": 0.03271028037383177,
    "behavioral_cooperation_rate": 0.03385691312315345,
    "final_constrained_rate": 0.9672897196261683,
    "final_population": 642,
    "extinction_occurred": false,
    "rounds_completed": 300,
    "first_cascade_round": null,
    "total_cascade_events": 0,
    "total_shock_events": 22,
    "total_defections": 451124,
    "total_redemptions": 3828,
    "net_strategy_change": 447296,
    "total_births": 706,
    "total_deaths": 263,
    "max_population_reached": 711,
    "population_stability": 0.0166966989997752,
    "population_growth": 3.555,
    "avg_system_stress": 4.692623879255003,
    "max_system_stress": 8.320729224802482,
    "avg_maslow_pressure": 0.20475132964176831,
    "avg_basic_needs_crisis_rate": 0.34579439252336447,
    "avg_trust_level": 0.36306614106295554,
    "cooperation_benefit_total": 0,
    "cooperation_resilience": 0.03271028037383177
  },
  "maslow_hierarchy": {
    "initial_needs_avg": {
      "physiological": 5.018307654875895,
      "safety": 4.771325979110914,
      "love": 4.832071143096898,
      "esteem": 5.272009756289318,
      "self_actualization": 5.383563413461626
    },
    "final_needs_avg": {
      "physiological": 5.410101309982808,
      "safety": 4.615527588490044,
      "love": 2.081023191524526,
      "esteem": 0.3800676666367498,
      "self_actualization": 5.175614270724419
    },
    "needs_improvement": {
      "physiological": 0.39179365510691344,
      "safety": -0.15579839062086975,
      "love": -2.751047951572372,
      "esteem": -4.891942089652568,
      "self_actualization": -0.2079491427372071
    }
  },
  "inter_group_metrics": {
    "final_group_populations": {
      "A": 276,
      "B": 366
    },
    "final_group_cooperation_rates": {
      "A": 0.014492753623188406,
      "B": 0.04644808743169399
    },
    "in_group_interaction_rate": 0.6441340364261939,
    "out_group_interaction_rate": 0.35586596357380607,
    "avg_in_group_trust": 0.3615402034752058,
    "avg_out_group_trust": 0.3645920786507052,
    "trust_asymmetry": -0.0030518751754993745,
    "group_segregation_index": 0.6441340364261939,
    "total_mixing_events": 15,
    "mixing_event_success_rate": 1.0,
    "reputational_spillover_events": 0,
    "out_group_constraint_amplifications": 0,
    "group_extinction_events": 0
  },
  "interaction_metrics": {
    "total_interactions": 267390,
    "avg_interaction_processing_time": 0.0
  }
}