{
  "run_id": 458,
  "parameters": {
    "shock_interval_years": 20,
    "homophily_bias": 0.011404639606375166,
    "num_groups": 3,
    "out_group_trust_bias": 0.8145263956350441,
    "out_group_penalty": 1.2328843209510567,
    "intervention_interval": 15,
    "intervention_scale": 0.15246610743345074,
    "event_bonus": 2.2928088287912116,
    "base_trust_delta": 0.05460200769407533,
    "group_trust_bias": 1.440352440213518,
    "resilience_profile": {
      "threshold": 0.39733474745862574,
      "noise": 0.04312081113947667
    },
    "turnover_rate": 0.04947500453020714,
    "social_diffusion": 0.06296327640191714,
    "max_rounds": 300,
    "initial_population": 200,
    "max_population": 800,
    "maslow_variation": 0.5,
    "constraint_threshold_range": [
      0.2,
      0.8
    ],
    "recovery_threshold": 0.15,
    "cooperation_bonus": 0.2,
    "trust_threshold": 0.6,
    "max_relationships_per_person": 150
  },
  "outcomes": {
    "final_cooperation_rate": 0.6805555555555556,
    "behavioral_cooperation_rate": 0.12316317149211338,
    "final_constrained_rate": 0.3194444444444444,
    "final_population": 792,
    "extinction_occurred": false,
    "rounds_completed": 300,
    "first_cascade_round": null,
    "total_cascade_events": 0,
    "total_shock_events": 4,
    "total_defections": 487495,
    "total_redemptions": 3267,
    "net_strategy_change": 484228,
    "total_births": 959,
    "total_deaths": 361,
    "max_population_reached": 800,
    "population_stability": 0.0035435316703848665,
    "population_growth": 4.0,
    "avg_system_stress": 0.1498890499497951,
    "max_system_stress": 1.1885067446593398,
    "avg_maslow_pressure": 0.12411033787703304,
    "avg_basic_needs_crisis_rate": 0.2828282828282828,
    "avg_trust_level": 0.5446322741159804,
    "cooperation_benefit_total": 0,
    "cooperation_resilience": 0.6805555555555556
  },
  "maslow_hierarchy": {
    "initial_needs_avg": {
      "physiological": 4.816771888613754,
      "safety": 5.104903706488491,
      "love": 4.65986044963092,
      "esteem": 5.159602296457969,
      "self_actualization": 5.300303101699329
    },
    "final_needs_avg": {
      "physiological": 5.025126339632452,
      "safety": 5.333278278585466,
      "love": 6.355398453561146,
      "esteem": 1.564826837358981,
      "self_actualization": 5.301275395473049
    },
    "needs_improvement": {
      "physiological": 0.20835445101869787,
      "safety": 0.22837457209697476,
      "love": 1.695538003930226,
      "esteem": -3.5947754590989875,
      "self_actualization": 0.0009722937737199899
    }
  },
  "inter_group_metrics": {
    "final_group_populations": {
      "B": 312,
      "A": 264,
      "C": 216
    },
    "final_group_cooperation_rates": {
      "B": 0.6762820512820513,
      "A": 0.7083333333333334,
      "C": 0.6527777777777778
    },
    "in_group_interaction_rate": 0.3445764444238997,
    "out_group_interaction_rate": 0.6554235555761003,
    "avg_in_group_trust": 0.5113476247915866,
    "avg_out_group_trust": 0.577916923440374,
    "trust_asymmetry": -0.06656929864878747,
    "group_segregation_index": 0.3445764444238997,
    "total_mixing_events": 20,
    "mixing_event_success_rate": 1.0,
    "reputational_spillover_events": 0,
    "out_group_constraint_amplifications": 0,
    "group_extinction_events": 0
  },
  "interaction_metrics": {
    "total_interactions": 389394,
    "avg_interaction_processing_time": 0.0
  }
}