{
  "run_id": 147,
  "parameters": {
    "shock_interval_years": 20,
    "homophily_bias": 0.17315046905637807,
    "num_groups": 3,
    "out_group_trust_bias": 1.151329999339318,
    "out_group_penalty": 1.4451136137851228,
    "intervention_interval": 20,
    "intervention_scale": 0.23128217483496277,
    "event_bonus": 2.2126943086181874,
    "base_trust_delta": 0.10346394771198036,
    "group_trust_bias": 1.7040868752204306,
    "resilience_profile": {
      "threshold": 0.14380023070068618,
      "noise": 0.06902820386243637
    },
    "turnover_rate": 0.04084503162451605,
    "social_diffusion": 0.0656814602842598,
    "max_rounds": 300,
    "initial_population": 200,
    "max_population": 800,
    "maslow_variation": 0.5,
    "constraint_threshold_range": [
      0.2,
      0.8
    ],
    "recovery_threshold": 0.15,
    "cooperation_bonus": 0.2,
    "trust_threshold": 0.6,
    "max_relationships_per_person": 150
  },
  "outcomes": {
    "final_cooperation_rate": 0.25063291139240507,
    "behavioral_cooperation_rate": 0.014604186117202596,
    "final_constrained_rate": 0.7493670886075949,
    "final_population": 790,
    "extinction_occurred": false,
    "rounds_completed": 300,
    "first_cascade_round": null,
    "total_cascade_events": 0,
    "total_shock_events": 4,
    "total_defections": 672237,
    "total_redemptions": 6556,
    "net_strategy_change": 665681,
    "total_births": 923,
    "total_deaths": 326,
    "max_population_reached": 800,
    "population_stability": 0.002746851000455303,
    "population_growth": 4.0,
    "avg_system_stress": 0.38223288638737185,
    "max_system_stress": 1.2726171868092668,
    "avg_maslow_pressure": 0.2150525719345642,
    "avg_basic_needs_crisis_rate": 0.31139240506329113,
    "avg_trust_level": 0.2807542256070208,
    "cooperation_benefit_total": 0,
    "cooperation_resilience": 0.25063291139240507
  },
  "maslow_hierarchy": {
    "initial_needs_avg": {
      "physiological": 5.187258009576487,
      "safety": 5.041772747968826,
      "love": 5.020042325046919,
      "esteem": 5.371196396034562,
      "self_actualization": 5.366345303546129
    },
    "final_needs_avg": {
      "physiological": 5.04503290097936,
      "safety": 5.09001275923713,
      "love": 0.9746154506615383,
      "esteem": 0.483461886513244,
      "self_actualization": 5.264476782060367
    },
    "needs_improvement": {
      "physiological": -0.14222510859712667,
      "safety": 0.04824001126830346,
      "love": -4.045426874385381,
      "esteem": -4.887734509521318,
      "self_actualization": -0.10186852148576175
    }
  },
  "inter_group_metrics": {
    "final_group_populations": {
      "B": 278,
      "A": 285,
      "C": 227
    },
    "final_group_cooperation_rates": {
      "B": 0.24820143884892087,
      "A": 0.29473684210526313,
      "C": 0.19823788546255505
    },
    "in_group_interaction_rate": 0.4460966845430662,
    "out_group_interaction_rate": 0.5539033154569338,
    "avg_in_group_trust": 0.21231212926793563,
    "avg_out_group_trust": 0.3491963219461059,
    "trust_asymmetry": -0.13688419267817026,
    "group_segregation_index": 0.4460966845430662,
    "total_mixing_events": 15,
    "mixing_event_success_rate": 1.0,
    "reputational_spillover_events": 0,
    "out_group_constraint_amplifications": 0,
    "group_extinction_events": 0
  },
  "interaction_metrics": {
    "total_interactions": 368456,
    "avg_interaction_processing_time": 0.0
  }
}