{
  "run_id": 388,
  "parameters": {
    "shock_interval_years": 5,
    "homophily_bias": 0.19593123669503074,
    "num_groups": 2,
    "out_group_trust_bias": 1.0373495637952181,
    "out_group_penalty": 1.3585812147292904,
    "intervention_interval": 20,
    "intervention_scale": 0.07590196962251015,
    "event_bonus": 1.5018530902733076,
    "base_trust_delta": 0.0987508471207773,
    "group_trust_bias": 1.831369396337842,
    "resilience_profile": {
      "threshold": 0.10442301167474631,
      "noise": 0.024276625593400047
    },
    "turnover_rate": 0.020568987439902525,
    "social_diffusion": 0.0829682542564884,
    "max_rounds": 300,
    "initial_population": 200,
    "max_population": 800,
    "maslow_variation": 0.5,
    "constraint_threshold_range": [
      0.2,
      0.8
    ],
    "recovery_threshold": 0.15,
    "cooperation_bonus": 0.2,
    "trust_threshold": 0.6,
    "max_relationships_per_person": 150
  },
  "outcomes": {
    "final_cooperation_rate": 0.2687140115163148,
    "behavioral_cooperation_rate": 0.028335748155953636,
    "final_constrained_rate": 0.7312859884836852,
    "final_population": 521,
    "extinction_occurred": false,
    "rounds_completed": 300,
    "first_cascade_round": null,
    "total_cascade_events": 0,
    "total_shock_events": 16,
    "total_defections": 438659,
    "total_redemptions": 3248,
    "net_strategy_change": 435411,
    "total_births": 588,
    "total_deaths": 266,
    "max_population_reached": 627,
    "population_stability": 0.006192102430758921,
    "population_growth": 3.135,
    "avg_system_stress": 2.2702321105589065,
    "max_system_stress": 5.186685889171045,
    "avg_maslow_pressure": 0.2425852007658721,
    "avg_basic_needs_crisis_rate": 0.3896353166986564,
    "avg_trust_level": 0.18848247148995967,
    "cooperation_benefit_total": 0,
    "cooperation_resilience": 0.2687140115163148
  },
  "maslow_hierarchy": {
    "initial_needs_avg": {
      "physiological": 4.965208254421397,
      "safety": 5.196939283575898,
      "love": 4.826928984096377,
      "esteem": 5.097628421430667,
      "self_actualization": 5.120038890393416
    },
    "final_needs_avg": {
      "physiological": 4.776120110074169,
      "safety": 4.740459626114839,
      "love": 0.8328798661740673,
      "esteem": 0.37398007690653723,
      "self_actualization": 5.0203214473551805
    },
    "needs_improvement": {
      "physiological": -0.18908814434722832,
      "safety": -0.4564796574610597,
      "love": -3.99404911792231,
      "esteem": -4.723648344524129,
      "self_actualization": -0.09971744303823549
    }
  },
  "inter_group_metrics": {
    "final_group_populations": {
      "B": 292,
      "A": 229
    },
    "final_group_cooperation_rates": {
      "B": 0.3150684931506849,
      "A": 0.2096069868995633
    },
    "in_group_interaction_rate": 0.5992903714436248,
    "out_group_interaction_rate": 0.40070962855637515,
    "avg_in_group_trust": 0.12426716864143003,
    "avg_out_group_trust": 0.25269777433848933,
    "trust_asymmetry": -0.1284306056970593,
    "group_segregation_index": 0.5992903714436248,
    "total_mixing_events": 15,
    "mixing_event_success_rate": 1.0,
    "reputational_spillover_events": 0,
    "out_group_constraint_amplifications": 0,
    "group_extinction_events": 0
  },
  "interaction_metrics": {
    "total_interactions": 242944,
    "avg_interaction_processing_time": 0.0
  }
}