{
  "run_id": 181,
  "parameters": {
    "shock_interval_years": 2,
    "homophily_bias": 0.0,
    "num_groups": 1,
    "out_group_trust_bias": 0.8748936344607254,
    "out_group_penalty": 1.1783459405569243,
    "intervention_interval": 0,
    "intervention_scale": 0.14323112989341352,
    "event_bonus": 1.7970440156791838,
    "base_trust_delta": 0.18990489523471787,
    "group_trust_bias": 1.844422158162509,
    "resilience_profile": {
      "threshold": 0.3055977038671136,
      "noise": 0.03947714367593431
    },
    "turnover_rate": 0.020673456635985802,
    "social_diffusion": 0.06497270270878129,
    "max_rounds": 300,
    "initial_population": 200,
    "max_population": 800,
    "maslow_variation": 0.5,
    "constraint_threshold_range": [
      0.2,
      0.8
    ],
    "recovery_threshold": 0.15,
    "cooperation_bonus": 0.2,
    "trust_threshold": 0.6,
    "max_relationships_per_person": 150
  },
  "outcomes": {
    "final_cooperation_rate": 0.7330754352030948,
    "behavioral_cooperation_rate": 0.15195713461104093,
    "final_constrained_rate": 0.26692456479690524,
    "final_population": 517,
    "extinction_occurred": false,
    "rounds_completed": 300,
    "first_cascade_round": null,
    "total_cascade_events": 0,
    "total_shock_events": 39,
    "total_defections": 307425,
    "total_redemptions": 4487,
    "net_strategy_change": 302938,
    "total_births": 580,
    "total_deaths": 261,
    "max_population_reached": 626,
    "population_stability": 0.007233400544337688,
    "population_growth": 3.13,
    "avg_system_stress": 11.823140191056506,
    "max_system_stress": 20.435962612411494,
    "avg_maslow_pressure": 0.15674161418304217,
    "avg_basic_needs_crisis_rate": 0.29980657640232106,
    "avg_trust_level": 0.568939906954411,
    "cooperation_benefit_total": 0,
    "cooperation_resilience": 0.7330754352030948
  },
  "maslow_hierarchy": {
    "initial_needs_avg": {
      "physiological": 4.9509785865332905,
      "safety": 5.068821603805435,
      "love": 5.031902677699576,
      "esteem": 4.759853823792289,
      "self_actualization": 5.147618740116413
    },
    "final_needs_avg": {
      "physiological": 4.968728477483353,
      "safety": 5.1438378415301385,
      "love": 5.017634087758823,
      "esteem": 0.21302105322636608,
      "self_actualization": 5.3359518137600155
    },
    "needs_improvement": {
      "physiological": 0.017749890950062408,
      "safety": 0.07501623772470367,
      "love": -0.014268589940753529,
      "esteem": -4.546832770565923,
      "self_actualization": 0.1883330736436024
    }
  },
  "inter_group_metrics": {
    "final_group_populations": {
      "A": 517
    },
    "final_group_cooperation_rates": {
      "A": 0.7330754352030948
    },
    "in_group_interaction_rate": 1.0,
    "out_group_interaction_rate": 0.0,
    "avg_in_group_trust": 0.568939906954411,
    "avg_out_group_trust": 0.568939906954411,
    "trust_asymmetry": 0.0,
    "group_segregation_index": 1.0,
    "total_mixing_events": 0,
    "mixing_event_success_rate": 0,
    "reputational_spillover_events": 0,
    "out_group_constraint_amplifications": 0,
    "group_extinction_events": 0
  },
  "interaction_metrics": {
    "total_interactions": 239074,
    "avg_interaction_processing_time": 0.0
  }
}