{
  "run_id": 22,
  "parameters": {
    "shock_interval_years": 10,
    "homophily_bias": 0.0,
    "num_groups": 1,
    "out_group_trust_bias": 1.0554276494592059,
    "out_group_penalty": 1.3855295148255993,
    "intervention_interval": 0,
    "intervention_scale": 0.15889526784883184,
    "event_bonus": 1.8358499732505322,
    "base_trust_delta": 0.13505043450007848,
    "group_trust_bias": 1.7363998874797621,
    "resilience_profile": {
      "threshold": 0.3242588154363877,
      "noise": 0.14774971538859183
    },
    "turnover_rate": 0.03301086549058819,
    "social_diffusion": 0.07379486210075463,
    "max_rounds": 300,
    "initial_population": 200,
    "max_population": 800,
    "maslow_variation": 0.5,
    "constraint_threshold_range": [
      0.2,
      0.8
    ],
    "recovery_threshold": 0.15,
    "cooperation_bonus": 0.2,
    "trust_threshold": 0.6,
    "max_relationships_per_person": 150
  },
  "outcomes": {
    "final_cooperation_rate": 0.9887218045112782,
    "behavioral_cooperation_rate": 0.4802451103733116,
    "final_constrained_rate": 0.011278195488721804,
    "final_population": 798,
    "extinction_occurred": false,
    "rounds_completed": 300,
    "first_cascade_round": null,
    "total_cascade_events": 0,
    "total_shock_events": 8,
    "total_defections": 220593,
    "total_redemptions": 2241,
    "net_strategy_change": 218352,
    "total_births": 863,
    "total_deaths": 264,
    "max_population_reached": 800,
    "population_stability": 0.002652883411841538,
    "population_growth": 4.0,
    "avg_system_stress": 1.060483389396573,
    "max_system_stress": 2.1524532804206,
    "avg_maslow_pressure": 0.0878961848438368,
    "avg_basic_needs_crisis_rate": 0.3082706766917293,
    "avg_trust_level": 0.7626077340972475,
    "cooperation_benefit_total": 0,
    "cooperation_resilience": 0.9887218045112782
  },
  "maslow_hierarchy": {
    "initial_needs_avg": {
      "physiological": 5.149924680422114,
      "safety": 4.873316893880808,
      "love": 4.938428131845797,
      "esteem": 4.926492603884118,
      "self_actualization": 4.940408488954918
    },
    "final_needs_avg": {
      "physiological": 5.379425240628132,
      "safety": 5.269195809302157,
      "love": 9.91356879731621,
      "esteem": 1.1203377626147777,
      "self_actualization": 5.568231063227885
    },
    "needs_improvement": {
      "physiological": 0.22950056020601828,
      "safety": 0.3958789154213491,
      "love": 4.975140665470412,
      "esteem": -3.8061548412693407,
      "self_actualization": 0.6278225742729671
    }
  },
  "inter_group_metrics": {
    "final_group_populations": {
      "A": 798
    },
    "final_group_cooperation_rates": {
      "A": 0.9887218045112782
    },
    "in_group_interaction_rate": 1.0,
    "out_group_interaction_rate": 0.0,
    "avg_in_group_trust": 0.7626077340972475,
    "avg_out_group_trust": 0.7626077340972475,
    "trust_asymmetry": 0.0,
    "group_segregation_index": 1.0,
    "total_mixing_events": 0,
    "mixing_event_success_rate": 0,
    "reputational_spillover_events": 0,
    "out_group_constraint_amplifications": 0,
    "group_extinction_events": 0
  },
  "interaction_metrics": {
    "total_interactions": 325894,
    "avg_interaction_processing_time": 0.0
  }
}