{
  "run_id": 41,
  "parameters": {
    "shock_interval_years": 20,
    "homophily_bias": 0.14573016586261575,
    "num_groups": 3,
    "out_group_trust_bias": 0.8855466385092434,
    "out_group_penalty": 1.3131494063015785,
    "intervention_interval": 25,
    "intervention_scale": 0.07236212380768155,
    "event_bonus": 2.350484832484371,
    "base_trust_delta": 0.08544524358278063,
    "group_trust_bias": 1.659006609491006,
    "resilience_profile": {
      "threshold": 0.16491563036955936,
      "noise": 0.0030164610237905843
    },
    "turnover_rate": 0.023829484655356906,
    "social_diffusion": 0.03948756805468421,
    "max_rounds": 300,
    "initial_population": 200,
    "max_population": 800,
    "maslow_variation": 0.5,
    "constraint_threshold_range": [
      0.2,
      0.8
    ],
    "recovery_threshold": 0.15,
    "cooperation_bonus": 0.2,
    "trust_threshold": 0.6,
    "max_relationships_per_person": 150
  },
  "outcomes": {
    "final_cooperation_rate": 0.2353896103896104,
    "behavioral_cooperation_rate": 0.007406778090147981,
    "final_constrained_rate": 0.7646103896103896,
    "final_population": 616,
    "extinction_occurred": false,
    "rounds_completed": 300,
    "first_cascade_round": null,
    "total_cascade_events": 0,
    "total_shock_events": 6,
    "total_defections": 472944,
    "total_redemptions": 4608,
    "net_strategy_change": 468336,
    "total_births": 671,
    "total_deaths": 254,
    "max_population_reached": 679,
    "population_stability": 0.015615358020224937,
    "population_growth": 3.395,
    "avg_system_stress": 0.2864359553386947,
    "max_system_stress": 1.180992981738152,
    "avg_maslow_pressure": 0.24607934953484545,
    "avg_basic_needs_crisis_rate": 0.3685064935064935,
    "avg_trust_level": 0.2487994858497399,
    "cooperation_benefit_total": 0,
    "cooperation_resilience": 0.2353896103896104
  },
  "maslow_hierarchy": {
    "initial_needs_avg": {
      "physiological": 5.107081757371113,
      "safety": 4.8486211457375195,
      "love": 4.969334485005621,
      "esteem": 5.079771019896334,
      "self_actualization": 5.145094218722387
    },
    "final_needs_avg": {
      "physiological": 4.972192811729422,
      "safety": 4.657214197811253,
      "love": 0.38731216882603314,
      "esteem": 0.2764720388058769,
      "self_actualization": 5.117397857883222
    },
    "needs_improvement": {
      "physiological": -0.1348889456416913,
      "safety": -0.1914069479262661,
      "love": -4.5820223161795886,
      "esteem": -4.803298981090458,
      "self_actualization": -0.02769636083916538
    }
  },
  "inter_group_metrics": {
    "final_group_populations": {
      "C": 222,
      "A": 194,
      "B": 200
    },
    "final_group_cooperation_rates": {
      "C": 0.26126126126126126,
      "A": 0.23711340206185566,
      "B": 0.205
    },
    "in_group_interaction_rate": 0.42943866044672374,
    "out_group_interaction_rate": 0.5705613395532763,
    "avg_in_group_trust": 0.1818498186818876,
    "avg_out_group_trust": 0.3157491530175922,
    "trust_asymmetry": -0.1338993343357046,
    "group_segregation_index": 0.42943866044672374,
    "total_mixing_events": 12,
    "mixing_event_success_rate": 1.0,
    "reputational_spillover_events": 0,
    "out_group_constraint_amplifications": 0,
    "group_extinction_events": 0
  },
  "interaction_metrics": {
    "total_interactions": 258952,
    "avg_interaction_processing_time": 0.0
  }
}