{
  "run_id": 327,
  "parameters": {
    "shock_interval_years": 20,
    "homophily_bias": 0.2990500651277636,
    "num_groups": 3,
    "out_group_trust_bias": 1.0157859415863697,
    "out_group_penalty": 1.2695585898157047,
    "intervention_interval": 25,
    "intervention_scale": 0.20563538240993467,
    "event_bonus": 2.3281307163323532,
    "base_trust_delta": 0.14097365955380114,
    "group_trust_bias": 1.7612664252303194,
    "resilience_profile": {
      "threshold": 0.12657249085984718,
      "noise": 0.07138811481811945
    },
    "turnover_rate": 0.04258251413193745,
    "social_diffusion": 0.012963663234006296,
    "max_rounds": 300,
    "initial_population": 200,
    "max_population": 800,
    "maslow_variation": 0.5,
    "constraint_threshold_range": [
      0.2,
      0.8
    ],
    "recovery_threshold": 0.15,
    "cooperation_bonus": 0.2,
    "trust_threshold": 0.6,
    "max_relationships_per_person": 150
  },
  "outcomes": {
    "final_cooperation_rate": 0.3553299492385787,
    "behavioral_cooperation_rate": 0.028962074765341003,
    "final_constrained_rate": 0.6446700507614214,
    "final_population": 788,
    "extinction_occurred": false,
    "rounds_completed": 300,
    "first_cascade_round": null,
    "total_cascade_events": 0,
    "total_shock_events": 2,
    "total_defections": 638620,
    "total_redemptions": 4739,
    "net_strategy_change": 633881,
    "total_births": 920,
    "total_deaths": 328,
    "max_population_reached": 800,
    "population_stability": 0.004186282215764456,
    "population_growth": 4.0,
    "avg_system_stress": 0.07987959208791229,
    "max_system_stress": 0.6721508658717072,
    "avg_maslow_pressure": 0.1842586127924777,
    "avg_basic_needs_crisis_rate": 0.2766497461928934,
    "avg_trust_level": 0.20699355762148644,
    "cooperation_benefit_total": 0,
    "cooperation_resilience": 0.3553299492385787
  },
  "maslow_hierarchy": {
    "initial_needs_avg": {
      "physiological": 5.153810313109289,
      "safety": 5.074094353525729,
      "love": 5.376663241521848,
      "esteem": 4.912639197866468,
      "self_actualization": 5.16785482428643
    },
    "final_needs_avg": {
      "physiological": 5.189907259234545,
      "safety": 5.312013259225158,
      "love": 2.085224119223099,
      "esteem": 0.8660490496692503,
      "self_actualization": 5.298504774744412
    },
    "needs_improvement": {
      "physiological": 0.036096946125256046,
      "safety": 0.23791890569942886,
      "love": -3.2914391222987485,
      "esteem": -4.046590148197217,
      "self_actualization": 0.13064995045798167
    }
  },
  "inter_group_metrics": {
    "final_group_populations": {
      "C": 330,
      "B": 227,
      "A": 231
    },
    "final_group_cooperation_rates": {
      "C": 0.37272727272727274,
      "B": 0.31718061674008813,
      "A": 0.36796536796536794
    },
    "in_group_interaction_rate": 0.5321767674027453,
    "out_group_interaction_rate": 0.4678232325972546,
    "avg_in_group_trust": 0.1471144904060429,
    "avg_out_group_trust": 0.26687262483693,
    "trust_asymmetry": -0.11975813443088706,
    "group_segregation_index": 0.5321767674027453,
    "total_mixing_events": 12,
    "mixing_event_success_rate": 1.0,
    "reputational_spillover_events": 0,
    "out_group_constraint_amplifications": 0,
    "group_extinction_events": 0
  },
  "interaction_metrics": {
    "total_interactions": 368620,
    "avg_interaction_processing_time": 0.0
  }
}