{
  "run_id": 476,
  "parameters": {
    "shock_interval_years": 5,
    "homophily_bias": 0.14484201581385703,
    "num_groups": 3,
    "out_group_trust_bias": 1.146764376259553,
    "out_group_penalty": 1.4650145826668857,
    "intervention_interval": 10,
    "intervention_scale": 0.27033908044931926,
    "event_bonus": 1.7286820907295628,
    "base_trust_delta": 0.10123569199174264,
    "group_trust_bias": 1.868011278324869,
    "resilience_profile": {
      "threshold": 0.21637458437847468,
      "noise": 0.030124388318259088
    },
    "turnover_rate": 0.04320466838142081,
    "social_diffusion": 0.07936294199764012,
    "max_rounds": 300,
    "initial_population": 200,
    "max_population": 800,
    "maslow_variation": 0.5,
    "constraint_threshold_range": [
      0.2,
      0.8
    ],
    "recovery_threshold": 0.15,
    "cooperation_bonus": 0.2,
    "trust_threshold": 0.6,
    "max_relationships_per_person": 150
  },
  "outcomes": {
    "final_cooperation_rate": 0.020151133501259445,
    "behavioral_cooperation_rate": 0.009610936403565766,
    "final_constrained_rate": 0.9798488664987406,
    "final_population": 794,
    "extinction_occurred": false,
    "rounds_completed": 300,
    "first_cascade_round": null,
    "total_cascade_events": 0,
    "total_shock_events": 14,
    "total_defections": 715253,
    "total_redemptions": 6262,
    "net_strategy_change": 708991,
    "total_births": 946,
    "total_deaths": 351,
    "max_population_reached": 800,
    "population_stability": 0.0029001883982495637,
    "population_growth": 4.0,
    "avg_system_stress": 2.4696946879571984,
    "max_system_stress": 5.615914480007867,
    "avg_maslow_pressure": 0.22702364801184485,
    "avg_basic_needs_crisis_rate": 0.336272040302267,
    "avg_trust_level": 0.3280289038386932,
    "cooperation_benefit_total": 0,
    "cooperation_resilience": 0.020151133501259445
  },
  "maslow_hierarchy": {
    "initial_needs_avg": {
      "physiological": 5.08007584581185,
      "safety": 5.124429798046509,
      "love": 5.022063958975101,
      "esteem": 4.707515321303242,
      "self_actualization": 4.9492053155848525
    },
    "final_needs_avg": {
      "physiological": 4.690273452518644,
      "safety": 5.429329626519398,
      "love": 1.373787615375822,
      "esteem": 0.5750667996937627,
      "self_actualization": 4.837556786029261
    },
    "needs_improvement": {
      "physiological": -0.38980239329320554,
      "safety": 0.3048998284728892,
      "love": -3.6482763435992793,
      "esteem": -4.132448521609479,
      "self_actualization": -0.11164852955559113
    }
  },
  "inter_group_metrics": {
    "final_group_populations": {
      "C": 260,
      "A": 281,
      "B": 253
    },
    "final_group_cooperation_rates": {
      "C": 0.015384615384615385,
      "A": 0.028469750889679714,
      "B": 0.015810276679841896
    },
    "in_group_interaction_rate": 0.4286976635392572,
    "out_group_interaction_rate": 0.5713023364607428,
    "avg_in_group_trust": 0.2065402643307766,
    "avg_out_group_trust": 0.4495175433466098,
    "trust_asymmetry": -0.24297727901583321,
    "group_segregation_index": 0.4286976635392572,
    "total_mixing_events": 30,
    "mixing_event_success_rate": 1.0,
    "reputational_spillover_events": 0,
    "out_group_constraint_amplifications": 0,
    "group_extinction_events": 0
  },
  "interaction_metrics": {
    "total_interactions": 384770,
    "avg_interaction_processing_time": 0.0
  }
}