{
  "run_id": 369,
  "parameters": {
    "shock_interval_years": 2,
    "homophily_bias": 0.0,
    "num_groups": 1,
    "out_group_trust_bias": 0.9150413243786356,
    "out_group_penalty": 1.2404541844935886,
    "intervention_interval": 0,
    "intervention_scale": 0.2787149523419747,
    "event_bonus": 1.950569960063897,
    "base_trust_delta": 0.1989052452355899,
    "group_trust_bias": 1.650859614923944,
    "resilience_profile": {
      "threshold": 0.26705043818886187,
      "noise": 0.022148461570177292
    },
    "turnover_rate": 0.04966812443627175,
    "social_diffusion": 0.046837759574749394,
    "max_rounds": 300,
    "initial_population": 200,
    "max_population": 800,
    "maslow_variation": 0.5,
    "constraint_threshold_range": [
      0.2,
      0.8
    ],
    "recovery_threshold": 0.15,
    "cooperation_bonus": 0.2,
    "trust_threshold": 0.6,
    "max_relationships_per_person": 150
  },
  "outcomes": {
    "final_cooperation_rate": 0.8341772151898734,
    "behavioral_cooperation_rate": 0.14974376565732164,
    "final_constrained_rate": 0.16582278481012658,
    "final_population": 790,
    "extinction_occurred": false,
    "rounds_completed": 300,
    "first_cascade_round": null,
    "total_cascade_events": 0,
    "total_shock_events": 39,
    "total_defections": 479780,
    "total_redemptions": 6754,
    "net_strategy_change": 473026,
    "total_births": 950,
    "total_deaths": 356,
    "max_population_reached": 800,
    "population_stability": 0.00386859068973655,
    "population_growth": 4.0,
    "avg_system_stress": 9.87555399221221,
    "max_system_stress": 16.215692647261605,
    "avg_maslow_pressure": 0.14869419992059255,
    "avg_basic_needs_crisis_rate": 0.31518987341772153,
    "avg_trust_level": 0.7441547874540698,
    "cooperation_benefit_total": 0,
    "cooperation_resilience": 0.8341772151898734
  },
  "maslow_hierarchy": {
    "initial_needs_avg": {
      "physiological": 4.8304311140470695,
      "safety": 4.999303253190343,
      "love": 5.051301896739305,
      "esteem": 4.756952978290957,
      "self_actualization": 5.2491984399672695
    },
    "final_needs_avg": {
      "physiological": 5.007725652908783,
      "safety": 4.985312185562925,
      "love": 5.700188465669956,
      "esteem": 0.24177757618495604,
      "self_actualization": 5.490422917576005
    },
    "needs_improvement": {
      "physiological": 0.1772945388617133,
      "safety": -0.013991067627417308,
      "love": 0.6488865689306511,
      "esteem": -4.515175402106001,
      "self_actualization": 0.24122447760873555
    }
  },
  "inter_group_metrics": {
    "final_group_populations": {
      "A": 790
    },
    "final_group_cooperation_rates": {
      "A": 0.8341772151898734
    },
    "in_group_interaction_rate": 1.0,
    "out_group_interaction_rate": 0.0,
    "avg_in_group_trust": 0.7441547874540698,
    "avg_out_group_trust": 0.7441547874540698,
    "trust_asymmetry": 0.0,
    "group_segregation_index": 1.0,
    "total_mixing_events": 0,
    "mixing_event_success_rate": 0,
    "reputational_spillover_events": 0,
    "out_group_constraint_amplifications": 0,
    "group_extinction_events": 0
  },
  "interaction_metrics": {
    "total_interactions": 384804,
    "avg_interaction_processing_time": 0.0
  }
}