{
  "run_id": 171,
  "parameters": {
    "shock_interval_years": 2,
    "homophily_bias": 0.0,
    "num_groups": 1,
    "out_group_trust_bias": 0.9748082421540117,
    "out_group_penalty": 1.4307551854775649,
    "intervention_interval": 0,
    "intervention_scale": 0.08112797177439328,
    "event_bonus": 1.7743122706592136,
    "base_trust_delta": 0.1544105717019071,
    "group_trust_bias": 1.829639422888086,
    "resilience_profile": {
      "threshold": 0.3666754138894198,
      "noise": 0.11773485201012425
    },
    "turnover_rate": 0.024591317282721598,
    "social_diffusion": 0.06407799726659964,
    "max_rounds": 300,
    "initial_population": 200,
    "max_population": 800,
    "maslow_variation": 0.5,
    "constraint_threshold_range": [
      0.2,
      0.8
    ],
    "recovery_threshold": 0.15,
    "cooperation_bonus": 0.2,
    "trust_threshold": 0.6,
    "max_relationships_per_person": 150
  },
  "outcomes": {
    "final_cooperation_rate": 0.9240837696335078,
    "behavioral_cooperation_rate": 0.20244729907773387,
    "final_constrained_rate": 0.07591623036649214,
    "final_population": 764,
    "extinction_occurred": false,
    "rounds_completed": 300,
    "first_cascade_round": null,
    "total_cascade_events": 0,
    "total_shock_events": 23,
    "total_defections": 350497,
    "total_redemptions": 5181,
    "net_strategy_change": 345316,
    "total_births": 843,
    "total_deaths": 278,
    "max_population_reached": 800,
    "population_stability": 0.012704550580396282,
    "population_growth": 4.0,
    "avg_system_stress": 4.178730732635831,
    "max_system_stress": 7.9403781086712275,
    "avg_maslow_pressure": 0.14446137789499516,
    "avg_basic_needs_crisis_rate": 0.33638743455497383,
    "avg_trust_level": 0.6584766272169479,
    "cooperation_benefit_total": 0,
    "cooperation_resilience": 0.9240837696335078
  },
  "maslow_hierarchy": {
    "initial_needs_avg": {
      "physiological": 4.7463872163547025,
      "safety": 4.781278292354473,
      "love": 5.004873477981207,
      "esteem": 4.82736703399675,
      "self_actualization": 4.935707594254348
    },
    "final_needs_avg": {
      "physiological": 4.8853888366035205,
      "safety": 5.044261170487274,
      "love": 7.938930763278218,
      "esteem": 0.29664824071986956,
      "self_actualization": 4.9678544786103815
    },
    "needs_improvement": {
      "physiological": 0.13900162024881801,
      "safety": 0.2629828781328003,
      "love": 2.93405728529701,
      "esteem": -4.530718793276881,
      "self_actualization": 0.032146884356033745
    }
  },
  "inter_group_metrics": {
    "final_group_populations": {
      "A": 764
    },
    "final_group_cooperation_rates": {
      "A": 0.9240837696335078
    },
    "in_group_interaction_rate": 1.0,
    "out_group_interaction_rate": 0.0,
    "avg_in_group_trust": 0.6584766272169479,
    "avg_out_group_trust": 0.6584766272169479,
    "trust_asymmetry": 0.0,
    "group_segregation_index": 1.0,
    "total_mixing_events": 0,
    "mixing_event_success_rate": 0,
    "reputational_spillover_events": 0,
    "out_group_constraint_amplifications": 0,
    "group_extinction_events": 0
  },
  "interaction_metrics": {
    "total_interactions": 303600,
    "avg_interaction_processing_time": 0.0
  }
}