{
  "run_id": 16,
  "parameters": {
    "shock_interval_years": 5,
    "homophily_bias": 0.0,
    "num_groups": 1,
    "out_group_trust_bias": 0.8661564850198449,
    "out_group_penalty": 1.2642896566983848,
    "intervention_interval": 0,
    "intervention_scale": 0.1370974331424366,
    "event_bonus": 1.843204406244112,
    "base_trust_delta": 0.060378460783443694,
    "group_trust_bias": 1.6672749767510202,
    "resilience_profile": {
      "threshold": 0.3079947846205052,
      "noise": 0.06489022650036368
    },
    "turnover_rate": 0.02826626486995546,
    "social_diffusion": 0.08767123078393753,
    "max_rounds": 300,
    "initial_population": 200,
    "max_population": 800,
    "maslow_variation": 0.5,
    "constraint_threshold_range": [
      0.2,
      0.8
    ],
    "recovery_threshold": 0.15,
    "cooperation_bonus": 0.2,
    "trust_threshold": 0.6,
    "max_relationships_per_person": 150
  },
  "outcomes": {
    "final_cooperation_rate": 0.9521410579345088,
    "behavioral_cooperation_rate": 0.33841516741629185,
    "final_constrained_rate": 0.04785894206549118,
    "final_population": 794,
    "extinction_occurred": false,
    "rounds_completed": 300,
    "first_cascade_round": null,
    "total_cascade_events": 0,
    "total_shock_events": 14,
    "total_defections": 282740,
    "total_redemptions": 3604,
    "net_strategy_change": 279136,
    "total_births": 871,
    "total_deaths": 274,
    "max_population_reached": 800,
    "population_stability": 0.006029208020942612,
    "population_growth": 4.0,
    "avg_system_stress": 2.4940563590677893,
    "max_system_stress": 4.153388923279739,
    "avg_maslow_pressure": 0.12343131659562233,
    "avg_basic_needs_crisis_rate": 0.3148614609571788,
    "avg_trust_level": 0.6043465745155067,
    "cooperation_benefit_total": 0,
    "cooperation_resilience": 0.9521410579345088
  },
  "maslow_hierarchy": {
    "initial_needs_avg": {
      "physiological": 5.042768965323332,
      "safety": 4.729805755456914,
      "love": 5.09569959950884,
      "esteem": 5.174500463970591,
      "self_actualization": 4.7882892022310894
    },
    "final_needs_avg": {
      "physiological": 5.339172348970593,
      "safety": 4.7774267513922695,
      "love": 9.216588922450942,
      "esteem": 0.4751233990723909,
      "self_actualization": 5.0419675388974206
    },
    "needs_improvement": {
      "physiological": 0.29640338364726126,
      "safety": 0.04762099593535574,
      "love": 4.120889322942102,
      "esteem": -4.6993770648982,
      "self_actualization": 0.2536783366663311
    }
  },
  "inter_group_metrics": {
    "final_group_populations": {
      "A": 794
    },
    "final_group_cooperation_rates": {
      "A": 0.9521410579345088
    },
    "in_group_interaction_rate": 1.0,
    "out_group_interaction_rate": 0.0,
    "avg_in_group_trust": 0.6043465745155067,
    "avg_out_group_trust": 0.6043465745155067,
    "trust_asymmetry": 0.0,
    "group_segregation_index": 1.0,
    "total_mixing_events": 0,
    "mixing_event_success_rate": 0,
    "reputational_spillover_events": 0,
    "out_group_constraint_amplifications": 0,
    "group_extinction_events": 0
  },
  "interaction_metrics": {
    "total_interactions": 320160,
    "avg_interaction_processing_time": 0.0
  }
}