{
  "run_id": 445,
  "parameters": {
    "shock_interval_years": 5,
    "homophily_bias": 0.5068246526956661,
    "num_groups": 3,
    "out_group_trust_bias": 0.9123359521425752,
    "out_group_penalty": 1.379929043961849,
    "intervention_interval": 25,
    "intervention_scale": 0.24421550626097105,
    "event_bonus": 1.970200576899638,
    "base_trust_delta": 0.14401179943279774,
    "group_trust_bias": 1.227006900873555,
    "resilience_profile": {
      "threshold": 0.21783327546348186,
      "noise": 0.0828021192678719
    },
    "turnover_rate": 0.029630615592966005,
    "social_diffusion": 0.01894619101721964,
    "max_rounds": 300,
    "initial_population": 200,
    "max_population": 800,
    "maslow_variation": 0.5,
    "constraint_threshold_range": [
      0.2,
      0.8
    ],
    "recovery_threshold": 0.15,
    "cooperation_bonus": 0.2,
    "trust_threshold": 0.6,
    "max_relationships_per_person": 150
  },
  "outcomes": {
    "final_cooperation_rate": 0.0807061790668348,
    "behavioral_cooperation_rate": 0.0503105210022333,
    "final_constrained_rate": 0.9192938209331651,
    "final_population": 793,
    "extinction_occurred": false,
    "rounds_completed": 300,
    "first_cascade_round": null,
    "total_cascade_events": 0,
    "total_shock_events": 15,
    "total_defections": 546298,
    "total_redemptions": 4356,
    "net_strategy_change": 541942,
    "total_births": 878,
    "total_deaths": 282,
    "max_population_reached": 800,
    "population_stability": 0.010431823191369545,
    "population_growth": 4.0,
    "avg_system_stress": 2.959836841852977,
    "max_system_stress": 5.4280792010940555,
    "avg_maslow_pressure": 0.18576363304341142,
    "avg_basic_needs_crisis_rate": 0.29129886506935687,
    "avg_trust_level": 0.2878255977055113,
    "cooperation_benefit_total": 0,
    "cooperation_resilience": 0.0807061790668348
  },
  "maslow_hierarchy": {
    "initial_needs_avg": {
      "physiological": 4.979259323057375,
      "safety": 4.861113431472643,
      "love": 5.267999124895328,
      "esteem": 4.7808768408728755,
      "self_actualization": 4.801214253733912
    },
    "final_needs_avg": {
      "physiological": 5.102759821567356,
      "safety": 5.037454390522858,
      "love": 3.2010657654527326,
      "esteem": 0.5332832655703558,
      "self_actualization": 5.059801925029902
    },
    "needs_improvement": {
      "physiological": 0.1235004985099808,
      "safety": 0.17634095905021496,
      "love": -2.066933359442596,
      "esteem": -4.24759357530252,
      "self_actualization": 0.2585876712959898
    }
  },
  "inter_group_metrics": {
    "final_group_populations": {
      "C": 318,
      "A": 251,
      "B": 224
    },
    "final_group_cooperation_rates": {
      "C": 0.0880503144654088,
      "A": 0.06772908366533864,
      "B": 0.08482142857142858
    },
    "in_group_interaction_rate": 0.6732493040046502,
    "out_group_interaction_rate": 0.32675069599534984,
    "avg_in_group_trust": 0.27284510118752126,
    "avg_out_group_trust": 0.3028060942235014,
    "trust_asymmetry": -0.029960993035980155,
    "group_segregation_index": 0.6732493040046502,
    "total_mixing_events": 12,
    "mixing_event_success_rate": 1.0,
    "reputational_spillover_events": 0,
    "out_group_constraint_amplifications": 0,
    "group_extinction_events": 0
  },
  "interaction_metrics": {
    "total_interactions": 326870,
    "avg_interaction_processing_time": 0.0
  }
}