{
  "run_id": 182,
  "parameters": {
    "shock_interval_years": 20,
    "homophily_bias": 0.0,
    "num_groups": 1,
    "out_group_trust_bias": 0.9843302299664968,
    "out_group_penalty": 1.1999105865641329,
    "intervention_interval": 0,
    "intervention_scale": 0.25854243487848777,
    "event_bonus": 2.286757678803856,
    "base_trust_delta": 0.08667160286568798,
    "group_trust_bias": 1.874618293660859,
    "resilience_profile": {
      "threshold": 0.3185925240639689,
      "noise": 0.13402290385609067
    },
    "turnover_rate": 0.02095277371623581,
    "social_diffusion": 0.01937117856506101,
    "max_rounds": 300,
    "initial_population": 200,
    "max_population": 800,
    "maslow_variation": 0.5,
    "constraint_threshold_range": [
      0.2,
      0.8
    ],
    "recovery_threshold": 0.15,
    "cooperation_bonus": 0.2,
    "trust_threshold": 0.6,
    "max_relationships_per_person": 150
  },
  "outcomes": {
    "final_cooperation_rate": 1.0,
    "behavioral_cooperation_rate": 0.6361185983827493,
    "final_constrained_rate": 0.0,
    "final_population": 658,
    "extinction_occurred": false,
    "rounds_completed": 300,
    "first_cascade_round": null,
    "total_cascade_events": 0,
    "total_shock_events": 3,
    "total_defections": 116626,
    "total_redemptions": 728,
    "net_strategy_change": 115898,
    "total_births": 714,
    "total_deaths": 256,
    "max_population_reached": 718,
    "population_stability": 0.01908022442781625,
    "population_growth": 3.59,
    "avg_system_stress": 0.12343090976115069,
    "max_system_stress": 0.7432788272309372,
    "avg_maslow_pressure": 0.05450303467010998,
    "avg_basic_needs_crisis_rate": 0.2006079027355623,
    "avg_trust_level": 0.7018077893085634,
    "cooperation_benefit_total": 0,
    "cooperation_resilience": 1.0
  },
  "maslow_hierarchy": {
    "initial_needs_avg": {
      "physiological": 5.087795145786255,
      "safety": 5.260954285050741,
      "love": 5.0245210527171285,
      "esteem": 5.257586464016257,
      "self_actualization": 5.051247740273475
    },
    "final_needs_avg": {
      "physiological": 5.679097376874761,
      "safety": 5.925185164425631,
      "love": 9.976529010534257,
      "esteem": 3.142342030200086,
      "self_actualization": 5.444776549162664
    },
    "needs_improvement": {
      "physiological": 0.5913022310885063,
      "safety": 0.6642308793748901,
      "love": 4.952007957817129,
      "esteem": -2.115244433816171,
      "self_actualization": 0.3935288088891893
    }
  },
  "inter_group_metrics": {
    "final_group_populations": {
      "A": 658
    },
    "final_group_cooperation_rates": {
      "A": 1.0
    },
    "in_group_interaction_rate": 1.0,
    "out_group_interaction_rate": 0.0,
    "avg_in_group_trust": 0.7018077893085634,
    "avg_out_group_trust": 0.7018077893085634,
    "trust_asymmetry": 0.0,
    "group_segregation_index": 1.0,
    "total_mixing_events": 0,
    "mixing_event_success_rate": 0,
    "reputational_spillover_events": 0,
    "out_group_constraint_amplifications": 0,
    "group_extinction_events": 0
  },
  "interaction_metrics": {
    "total_interactions": 261926,
    "avg_interaction_processing_time": 0.0
  }
}