{
  "run_id": 268,
  "parameters": {
    "shock_interval_years": 5,
    "homophily_bias": 0.22952838955768043,
    "num_groups": 3,
    "out_group_trust_bias": 1.0969587515875558,
    "out_group_penalty": 1.3214233723102218,
    "intervention_interval": 20,
    "intervention_scale": 0.2960705013126928,
    "event_bonus": 2.24346982522145,
    "base_trust_delta": 0.05635022832782357,
    "group_trust_bias": 1.3255112219569039,
    "resilience_profile": {
      "threshold": 0.24247095401940527,
      "noise": 0.08617016121532516
    },
    "turnover_rate": 0.03012331273048573,
    "social_diffusion": 0.04348568174883319,
    "max_rounds": 300,
    "initial_population": 200,
    "max_population": 800,
    "maslow_variation": 0.5,
    "constraint_threshold_range": [
      0.2,
      0.8
    ],
    "recovery_threshold": 0.15,
    "cooperation_bonus": 0.2,
    "trust_threshold": 0.6,
    "max_relationships_per_person": 150
  },
  "outcomes": {
    "final_cooperation_rate": 0.22040302267002518,
    "behavioral_cooperation_rate": 0.014705080927900597,
    "final_constrained_rate": 0.7795969773299748,
    "final_population": 794,
    "extinction_occurred": false,
    "rounds_completed": 300,
    "first_cascade_round": null,
    "total_cascade_events": 0,
    "total_shock_events": 14,
    "total_defections": 578696,
    "total_redemptions": 5290,
    "net_strategy_change": 573406,
    "total_births": 876,
    "total_deaths": 280,
    "max_population_reached": 800,
    "population_stability": 0.01665969984347277,
    "population_growth": 4.0,
    "avg_system_stress": 3.675115623598283,
    "max_system_stress": 5.166531572277806,
    "avg_maslow_pressure": 0.22025092275264985,
    "avg_basic_needs_crisis_rate": 0.3249370277078086,
    "avg_trust_level": 0.41990467612126525,
    "cooperation_benefit_total": 0,
    "cooperation_resilience": 0.22040302267002518
  },
  "maslow_hierarchy": {
    "initial_needs_avg": {
      "physiological": 5.029479302274239,
      "safety": 5.1207262440165975,
      "love": 4.960689222462044,
      "esteem": 5.050870374435797,
      "self_actualization": 5.0216433078576435
    },
    "final_needs_avg": {
      "physiological": 5.168678121026208,
      "safety": 4.993316704954174,
      "love": 1.200703885911378,
      "esteem": 0.5088281986342529,
      "self_actualization": 4.986338799994172
    },
    "needs_improvement": {
      "physiological": 0.13919881875196882,
      "safety": -0.12740953906242325,
      "love": -3.759985336550666,
      "esteem": -4.542042175801544,
      "self_actualization": -0.03530450786347128
    }
  },
  "inter_group_metrics": {
    "final_group_populations": {
      "C": 269,
      "A": 270,
      "B": 255
    },
    "final_group_cooperation_rates": {
      "C": 0.23048327137546468,
      "A": 0.18888888888888888,
      "B": 0.24313725490196078
    },
    "in_group_interaction_rate": 0.4841535117198617,
    "out_group_interaction_rate": 0.5158464882801383,
    "avg_in_group_trust": 0.38348356824436614,
    "avg_out_group_trust": 0.45632578399816437,
    "trust_asymmetry": -0.07284221575379823,
    "group_segregation_index": 0.4841535117198617,
    "total_mixing_events": 15,
    "mixing_event_success_rate": 1.0,
    "reputational_spillover_events": 0,
    "out_group_constraint_amplifications": 0,
    "group_extinction_events": 0
  },
  "interaction_metrics": {
    "total_interactions": 330294,
    "avg_interaction_processing_time": 0.0
  }
}