{
  "run_id": 160,
  "parameters": {
    "shock_interval_years": 2,
    "homophily_bias": 0.36197461644641393,
    "num_groups": 2,
    "out_group_trust_bias": 0.9955810583958162,
    "out_group_penalty": 1.3282025285026,
    "intervention_interval": 20,
    "intervention_scale": 0.06214503962895372,
    "event_bonus": 1.8021260662033654,
    "base_trust_delta": 0.07669233350631048,
    "group_trust_bias": 1.7635252259366212,
    "resilience_profile": {
      "threshold": 0.11404715490470446,
      "noise": 0.09425520022089953
    },
    "turnover_rate": 0.025188176800077802,
    "social_diffusion": 0.0019220997279203568,
    "max_rounds": 300,
    "initial_population": 200,
    "max_population": 800,
    "maslow_variation": 0.5,
    "constraint_threshold_range": [
      0.2,
      0.8
    ],
    "recovery_threshold": 0.15,
    "cooperation_bonus": 0.2,
    "trust_threshold": 0.6,
    "max_relationships_per_person": 150
  },
  "outcomes": {
    "final_cooperation_rate": 0.4070221066319896,
    "behavioral_cooperation_rate": 0.012451780512766684,
    "final_constrained_rate": 0.5929778933680104,
    "final_population": 769,
    "extinction_occurred": false,
    "rounds_completed": 300,
    "first_cascade_round": null,
    "total_cascade_events": 0,
    "total_shock_events": 35,
    "total_defections": 561085,
    "total_redemptions": 3807,
    "net_strategy_change": 557278,
    "total_births": 849,
    "total_deaths": 279,
    "max_population_reached": 800,
    "population_stability": 0.008792746275429718,
    "population_growth": 4.0,
    "avg_system_stress": 7.228402015858905,
    "max_system_stress": 13.728643423132358,
    "avg_maslow_pressure": 0.2461080249212937,
    "avg_basic_needs_crisis_rate": 0.32769830949284784,
    "avg_trust_level": 0.2783460874042128,
    "cooperation_benefit_total": 0,
    "cooperation_resilience": 0.4070221066319896
  },
  "maslow_hierarchy": {
    "initial_needs_avg": {
      "physiological": 5.105500202523425,
      "safety": 4.686952820102541,
      "love": 5.113401669899644,
      "esteem": 5.045810391897087,
      "self_actualization": 4.983435329598001
    },
    "final_needs_avg": {
      "physiological": 5.336341619008778,
      "safety": 4.76733983148698,
      "love": 0.4856453112449866,
      "esteem": 0.26340757993738284,
      "self_actualization": 4.662361248803337
    },
    "needs_improvement": {
      "physiological": 0.23084141648535272,
      "safety": 0.08038701138443916,
      "love": -4.627756358654657,
      "esteem": -4.782402811959704,
      "self_actualization": -0.3210740807946646
    }
  },
  "inter_group_metrics": {
    "final_group_populations": {
      "A": 438,
      "B": 331
    },
    "final_group_cooperation_rates": {
      "A": 0.4931506849315068,
      "B": 0.2930513595166163
    },
    "in_group_interaction_rate": 0.68322749101215,
    "out_group_interaction_rate": 0.31677250898785,
    "avg_in_group_trust": 0.2244638476590032,
    "avg_out_group_trust": 0.33222832714942235,
    "trust_asymmetry": -0.10776447949041915,
    "group_segregation_index": 0.68322749101215,
    "total_mixing_events": 15,
    "mixing_event_success_rate": 1.0,
    "reputational_spillover_events": 0,
    "out_group_constraint_amplifications": 0,
    "group_extinction_events": 0
  },
  "interaction_metrics": {
    "total_interactions": 304856,
    "avg_interaction_processing_time": 0.0
  }
}