{
  "run_id": 301,
  "parameters": {
    "shock_interval_years": 20,
    "homophily_bias": 0.17468226930380598,
    "num_groups": 3,
    "out_group_trust_bias": 0.9028061360156103,
    "out_group_penalty": 1.3671099459271405,
    "intervention_interval": 25,
    "intervention_scale": 0.22832889064100786,
    "event_bonus": 1.7817034052173883,
    "base_trust_delta": 0.12237276535006265,
    "group_trust_bias": 1.4793220730499859,
    "resilience_profile": {
      "threshold": 0.1278978468915012,
      "noise": 0.04323268317586781
    },
    "turnover_rate": 0.03711765181298603,
    "social_diffusion": 0.06313915937123359,
    "max_rounds": 300,
    "initial_population": 200,
    "max_population": 800,
    "maslow_variation": 0.5,
    "constraint_threshold_range": [
      0.2,
      0.8
    ],
    "recovery_threshold": 0.15,
    "cooperation_bonus": 0.2,
    "trust_threshold": 0.6,
    "max_relationships_per_person": 150
  },
  "outcomes": {
    "final_cooperation_rate": 0.24146649810366624,
    "behavioral_cooperation_rate": 0.010156087636590354,
    "final_constrained_rate": 0.7585335018963337,
    "final_population": 791,
    "extinction_occurred": false,
    "rounds_completed": 300,
    "first_cascade_round": null,
    "total_cascade_events": 0,
    "total_shock_events": 4,
    "total_defections": 675369,
    "total_redemptions": 6448,
    "net_strategy_change": 668921,
    "total_births": 910,
    "total_deaths": 316,
    "max_population_reached": 800,
    "population_stability": 0.004193146821017267,
    "population_growth": 4.0,
    "avg_system_stress": 0.15339172299700116,
    "max_system_stress": 1.186103477832779,
    "avg_maslow_pressure": 0.23962631914983482,
    "avg_basic_needs_crisis_rate": 0.2920353982300885,
    "avg_trust_level": 0.2311773489774508,
    "cooperation_benefit_total": 0,
    "cooperation_resilience": 0.24146649810366624
  },
  "maslow_hierarchy": {
    "initial_needs_avg": {
      "physiological": 4.879981150702218,
      "safety": 5.505027828658598,
      "love": 4.90501778820128,
      "esteem": 4.959901372821519,
      "self_actualization": 4.878977396483551
    },
    "final_needs_avg": {
      "physiological": 4.751992640645338,
      "safety": 5.628318225437893,
      "love": 0.6135425813312854,
      "esteem": 0.36803145857099356,
      "self_actualization": 4.750733760774239
    },
    "needs_improvement": {
      "physiological": -0.1279885100568796,
      "safety": 0.12329039677929554,
      "love": -4.291475206869995,
      "esteem": -4.591869914250525,
      "self_actualization": -0.1282436357093122
    }
  },
  "inter_group_metrics": {
    "final_group_populations": {
      "B": 272,
      "A": 289,
      "C": 230
    },
    "final_group_cooperation_rates": {
      "B": 0.25735294117647056,
      "A": 0.2664359861591695,
      "C": 0.19130434782608696
    },
    "in_group_interaction_rate": 0.45119116633669865,
    "out_group_interaction_rate": 0.5488088336633014,
    "avg_in_group_trust": 0.15720055108399075,
    "avg_out_group_trust": 0.30515414687091086,
    "trust_asymmetry": -0.1479535957869201,
    "group_segregation_index": 0.45119116633669865,
    "total_mixing_events": 12,
    "mixing_event_success_rate": 1.0,
    "reputational_spillover_events": 0,
    "out_group_constraint_amplifications": 0,
    "group_extinction_events": 0
  },
  "interaction_metrics": {
    "total_interactions": 365692,
    "avg_interaction_processing_time": 0.0
  }
}