{
  "run_id": 290,
  "parameters": {
    "shock_interval_years": 20,
    "homophily_bias": 0.48908045691294166,
    "num_groups": 2,
    "out_group_trust_bias": 0.9641280166238375,
    "out_group_penalty": 1.400751640854801,
    "intervention_interval": 15,
    "intervention_scale": 0.12617372349362338,
    "event_bonus": 2.2305155246062256,
    "base_trust_delta": 0.14132118562145135,
    "group_trust_bias": 1.8272031563294537,
    "resilience_profile": {
      "threshold": 0.3357546371102207,
      "noise": 0.012030324673184111
    },
    "turnover_rate": 0.02495528331752803,
    "social_diffusion": 0.06680496371411117,
    "max_rounds": 300,
    "initial_population": 200,
    "max_population": 800,
    "maslow_variation": 0.5,
    "constraint_threshold_range": [
      0.2,
      0.8
    ],
    "recovery_threshold": 0.15,
    "cooperation_bonus": 0.2,
    "trust_threshold": 0.6,
    "max_relationships_per_person": 150
  },
  "outcomes": {
    "final_cooperation_rate": 0.9576868829337094,
    "behavioral_cooperation_rate": 0.47662927059506954,
    "final_constrained_rate": 0.04231311706629055,
    "final_population": 709,
    "extinction_occurred": false,
    "rounds_completed": 300,
    "first_cascade_round": null,
    "total_cascade_events": 0,
    "total_shock_events": 2,
    "total_defections": 195450,
    "total_redemptions": 1404,
    "net_strategy_change": 194046,
    "total_births": 775,
    "total_deaths": 265,
    "max_population_reached": 742,
    "population_stability": 0.01076518304470078,
    "population_growth": 3.71,
    "avg_system_stress": 0.1021070676056532,
    "max_system_stress": 0.5601104135128083,
    "avg_maslow_pressure": 0.054820361163714644,
    "avg_basic_needs_crisis_rate": 0.2552891396332863,
    "avg_trust_level": 0.5865822915815669,
    "cooperation_benefit_total": 0,
    "cooperation_resilience": 0.9576868829337094
  },
  "maslow_hierarchy": {
    "initial_needs_avg": {
      "physiological": 4.96870057143952,
      "safety": 4.570256464165155,
      "love": 5.123739349016679,
      "esteem": 5.141623754937043,
      "self_actualization": 5.3066531287685965
    },
    "final_needs_avg": {
      "physiological": 5.698666137894366,
      "safety": 5.246402870763639,
      "love": 9.722139417381127,
      "esteem": 3.3895648364205373,
      "self_actualization": 5.908035056390355
    },
    "needs_improvement": {
      "physiological": 0.7299655664548466,
      "safety": 0.6761464065984839,
      "love": 4.598400068364448,
      "esteem": -1.7520589185165054,
      "self_actualization": 0.6013819276217589
    }
  },
  "inter_group_metrics": {
    "final_group_populations": {
      "A": 377,
      "B": 332
    },
    "final_group_cooperation_rates": {
      "A": 0.9575596816976127,
      "B": 0.9578313253012049
    },
    "in_group_interaction_rate": 0.744744581200305,
    "out_group_interaction_rate": 0.25525541879969504,
    "avg_in_group_trust": 0.733067862301579,
    "avg_out_group_trust": 0.44009672086155477,
    "trust_asymmetry": 0.2929711414400243,
    "group_segregation_index": 0.744744581200305,
    "total_mixing_events": 20,
    "mixing_event_success_rate": 1.0,
    "reputational_spillover_events": 0,
    "out_group_constraint_amplifications": 0,
    "group_extinction_events": 0
  },
  "interaction_metrics": {
    "total_interactions": 275430,
    "avg_interaction_processing_time": 0.0
  }
}