{
  "run_id": 24,
  "parameters": {
    "shock_interval_years": 5,
    "homophily_bias": 0.0,
    "num_groups": 1,
    "out_group_trust_bias": 1.1507205639897877,
    "out_group_penalty": 1.207011057152257,
    "intervention_interval": 0,
    "intervention_scale": 0.13192410252559955,
    "event_bonus": 1.5127649401681582,
    "base_trust_delta": 0.14766830601337894,
    "group_trust_bias": 1.5536126364035077,
    "resilience_profile": {
      "threshold": 0.16940971837808322,
      "noise": 0.06850123726374784
    },
    "turnover_rate": 0.02885611925432414,
    "social_diffusion": 0.09254347298563989,
    "max_rounds": 300,
    "initial_population": 200,
    "max_population": 800,
    "maslow_variation": 0.5,
    "constraint_threshold_range": [
      0.2,
      0.8
    ],
    "recovery_threshold": 0.15,
    "cooperation_bonus": 0.2,
    "trust_threshold": 0.6,
    "max_relationships_per_person": 150
  },
  "outcomes": {
    "final_cooperation_rate": 0.5279255319148937,
    "behavioral_cooperation_rate": 0.3147884669171744,
    "final_constrained_rate": 0.4720744680851064,
    "final_population": 752,
    "extinction_occurred": false,
    "rounds_completed": 300,
    "first_cascade_round": null,
    "total_cascade_events": 0,
    "total_shock_events": 13,
    "total_defections": 298718,
    "total_redemptions": 3729,
    "net_strategy_change": 294989,
    "total_births": 852,
    "total_deaths": 297,
    "max_population_reached": 800,
    "population_stability": 0.00654324052773504,
    "population_growth": 4.0,
    "avg_system_stress": 3.690683810177164,
    "max_system_stress": 5.958879728657332,
    "avg_maslow_pressure": 0.09749020383251075,
    "avg_basic_needs_crisis_rate": 0.2699468085106383,
    "avg_trust_level": 0.7245339662410989,
    "cooperation_benefit_total": 0,
    "cooperation_resilience": 0.5279255319148937
  },
  "maslow_hierarchy": {
    "initial_needs_avg": {
      "physiological": 5.055347396394395,
      "safety": 4.968952928235231,
      "love": 5.236794840782057,
      "esteem": 5.221575467251147,
      "self_actualization": 5.16884649023124
    },
    "final_needs_avg": {
      "physiological": 5.517988558724085,
      "safety": 5.35039552518083,
      "love": 8.383532014133458,
      "esteem": 0.420170835332461,
      "self_actualization": 5.6679038203487995
    },
    "needs_improvement": {
      "physiological": 0.46264116232968977,
      "safety": 0.38144259694559945,
      "love": 3.1467371733514007,
      "esteem": -4.801404631918686,
      "self_actualization": 0.4990573301175596
    }
  },
  "inter_group_metrics": {
    "final_group_populations": {
      "A": 752
    },
    "final_group_cooperation_rates": {
      "A": 0.5279255319148937
    },
    "in_group_interaction_rate": 1.0,
    "out_group_interaction_rate": 0.0,
    "avg_in_group_trust": 0.7245339662410989,
    "avg_out_group_trust": 0.7245339662410989,
    "trust_asymmetry": 0.0,
    "group_segregation_index": 1.0,
    "total_mixing_events": 0,
    "mixing_event_success_rate": 0,
    "reputational_spillover_events": 0,
    "out_group_constraint_amplifications": 0,
    "group_extinction_events": 0
  },
  "interaction_metrics": {
    "total_interactions": 328932,
    "avg_interaction_processing_time": 0.0
  }
}