{
  "run_id": 334,
  "parameters": {
    "shock_interval_years": 20,
    "homophily_bias": 0.0,
    "num_groups": 1,
    "out_group_trust_bias": 1.1342590124946783,
    "out_group_penalty": 1.2021063101442149,
    "intervention_interval": 0,
    "intervention_scale": 0.14832024563772017,
    "event_bonus": 1.62083163490747,
    "base_trust_delta": 0.07264090343835973,
    "group_trust_bias": 1.4371840231508273,
    "resilience_profile": {
      "threshold": 0.17147783877565687,
      "noise": 0.09414423037760405
    },
    "turnover_rate": 0.027321002633858695,
    "social_diffusion": 0.05749705858468375,
    "max_rounds": 300,
    "initial_population": 200,
    "max_population": 800,
    "maslow_variation": 0.5,
    "constraint_threshold_range": [
      0.2,
      0.8
    ],
    "recovery_threshold": 0.15,
    "cooperation_bonus": 0.2,
    "trust_threshold": 0.6,
    "max_relationships_per_person": 150
  },
  "outcomes": {
    "final_cooperation_rate": 0.9935483870967742,
    "behavioral_cooperation_rate": 0.5890238912147061,
    "final_constrained_rate": 0.0064516129032258064,
    "final_population": 775,
    "extinction_occurred": false,
    "rounds_completed": 300,
    "first_cascade_round": null,
    "total_cascade_events": 0,
    "total_shock_events": 3,
    "total_defections": 158240,
    "total_redemptions": 1351,
    "net_strategy_change": 156889,
    "total_births": 854,
    "total_deaths": 279,
    "max_population_reached": 800,
    "population_stability": 0.01696070699564962,
    "population_growth": 4.0,
    "avg_system_stress": 0.09030247965157832,
    "max_system_stress": 0.5176382959827054,
    "avg_maslow_pressure": 0.0622463750624473,
    "avg_basic_needs_crisis_rate": 0.2541935483870968,
    "avg_trust_level": 0.6464044035862778,
    "cooperation_benefit_total": 0,
    "cooperation_resilience": 0.9935483870967742
  },
  "maslow_hierarchy": {
    "initial_needs_avg": {
      "physiological": 4.917707739172837,
      "safety": 4.760941312151356,
      "love": 5.226897519827496,
      "esteem": 5.338764230399072,
      "self_actualization": 4.965772717999201
    },
    "final_needs_avg": {
      "physiological": 5.773102300127628,
      "safety": 5.472594434387991,
      "love": 9.954785854785253,
      "esteem": 2.7749815826370314,
      "self_actualization": 5.693848762729411
    },
    "needs_improvement": {
      "physiological": 0.8553945609547915,
      "safety": 0.7116531222366351,
      "love": 4.727888334957758,
      "esteem": -2.5637826477620402,
      "self_actualization": 0.7280760447302104
    }
  },
  "inter_group_metrics": {
    "final_group_populations": {
      "A": 775
    },
    "final_group_cooperation_rates": {
      "A": 0.9935483870967742
    },
    "in_group_interaction_rate": 1.0,
    "out_group_interaction_rate": 0.0,
    "avg_in_group_trust": 0.6464044035862778,
    "avg_out_group_trust": 0.6464044035862778,
    "trust_asymmetry": 0.0,
    "group_segregation_index": 1.0,
    "total_mixing_events": 0,
    "mixing_event_success_rate": 0,
    "reputational_spillover_events": 0,
    "out_group_constraint_amplifications": 0,
    "group_extinction_events": 0
  },
  "interaction_metrics": {
    "total_interactions": 317690,
    "avg_interaction_processing_time": 0.0
  }
}