{
  "run_id": 350,
  "parameters": {
    "shock_interval_years": 20,
    "homophily_bias": 0.46409621240088783,
    "num_groups": 3,
    "out_group_trust_bias": 1.1745624521968219,
    "out_group_penalty": 1.2473536016555502,
    "intervention_interval": 15,
    "intervention_scale": 0.10353685218331522,
    "event_bonus": 2.3642326672547447,
    "base_trust_delta": 0.09994386880341286,
    "group_trust_bias": 1.3074013938061118,
    "resilience_profile": {
      "threshold": 0.2356223399269117,
      "noise": 0.00830997953262817
    },
    "turnover_rate": 0.04100824491441997,
    "social_diffusion": 0.06354799638352875,
    "max_rounds": 300,
    "initial_population": 200,
    "max_population": 800,
    "maslow_variation": 0.5,
    "constraint_threshold_range": [
      0.2,
      0.8
    ],
    "recovery_threshold": 0.15,
    "cooperation_bonus": 0.2,
    "trust_threshold": 0.6,
    "max_relationships_per_person": 150
  },
  "outcomes": {
    "final_cooperation_rate": 0.8938053097345132,
    "behavioral_cooperation_rate": 0.12752772861827247,
    "final_constrained_rate": 0.10619469026548672,
    "final_population": 791,
    "extinction_occurred": false,
    "rounds_completed": 300,
    "first_cascade_round": null,
    "total_cascade_events": 0,
    "total_shock_events": 3,
    "total_defections": 525639,
    "total_redemptions": 1836,
    "net_strategy_change": 523803,
    "total_births": 946,
    "total_deaths": 352,
    "max_population_reached": 800,
    "population_stability": 0.004661760325367853,
    "population_growth": 4.0,
    "avg_system_stress": 0.355521566256666,
    "max_system_stress": 1.3248213794959325,
    "avg_maslow_pressure": 0.09803959999552497,
    "avg_basic_needs_crisis_rate": 0.24905183312262957,
    "avg_trust_level": 0.5075812647316444,
    "cooperation_benefit_total": 0,
    "cooperation_resilience": 0.8938053097345132
  },
  "maslow_hierarchy": {
    "initial_needs_avg": {
      "physiological": 4.586042517855671,
      "safety": 5.330730106004412,
      "love": 5.029314990235195,
      "esteem": 4.781147490142229,
      "self_actualization": 5.195556308656359
    },
    "final_needs_avg": {
      "physiological": 5.2376527937211685,
      "safety": 5.5660956916923405,
      "love": 8.731579758705548,
      "esteem": 2.3776362944626164,
      "self_actualization": 4.974849751799129
    },
    "needs_improvement": {
      "physiological": 0.6516102758654974,
      "safety": 0.2353655856879282,
      "love": 3.7022647684703536,
      "esteem": -2.4035111956796125,
      "self_actualization": -0.2207065568572304
    }
  },
  "inter_group_metrics": {
    "final_group_populations": {
      "A": 305,
      "B": 248,
      "C": 238
    },
    "final_group_cooperation_rates": {
      "A": 0.9114754098360656,
      "B": 0.8911290322580645,
      "C": 0.8739495798319328
    },
    "in_group_interaction_rate": 0.6421692893927073,
    "out_group_interaction_rate": 0.3578307106072926,
    "avg_in_group_trust": 0.5515276145863361,
    "avg_out_group_trust": 0.4636349148769528,
    "trust_asymmetry": 0.08789269970938335,
    "group_segregation_index": 0.6421692893927073,
    "total_mixing_events": 20,
    "mixing_event_success_rate": 1.0,
    "reputational_spillover_events": 0,
    "out_group_constraint_amplifications": 0,
    "group_extinction_events": 0
  },
  "interaction_metrics": {
    "total_interactions": 376326,
    "avg_interaction_processing_time": 0.0
  }
}