{
  "run_id": 48,
  "parameters": {
    "shock_interval_years": 10,
    "homophily_bias": 0.10529356383721425,
    "num_groups": 3,
    "out_group_trust_bias": 1.1966229951287572,
    "out_group_penalty": 1.4400320185639917,
    "intervention_interval": 15,
    "intervention_scale": 0.14183920602338668,
    "event_bonus": 1.6642380946321582,
    "base_trust_delta": 0.14958146425756225,
    "group_trust_bias": 1.7496361661347626,
    "resilience_profile": {
      "threshold": 0.3726805360797024,
      "noise": 0.09488750128249361
    },
    "turnover_rate": 0.02145426571798027,
    "social_diffusion": 0.040638245105923246,
    "max_rounds": 300,
    "initial_population": 200,
    "max_population": 800,
    "maslow_variation": 0.5,
    "constraint_threshold_range": [
      0.2,
      0.8
    ],
    "recovery_threshold": 0.15,
    "cooperation_bonus": 0.2,
    "trust_threshold": 0.6,
    "max_relationships_per_person": 150
  },
  "outcomes": {
    "final_cooperation_rate": 0.4292929292929293,
    "behavioral_cooperation_rate": 0.02498957029620359,
    "final_constrained_rate": 0.5707070707070707,
    "final_population": 594,
    "extinction_occurred": false,
    "rounds_completed": 300,
    "first_cascade_round": null,
    "total_cascade_events": 0,
    "total_shock_events": 5,
    "total_defections": 462048,
    "total_redemptions": 3594,
    "net_strategy_change": 458454,
    "total_births": 658,
    "total_deaths": 261,
    "max_population_reached": 693,
    "population_stability": 0.005704790793732444,
    "population_growth": 3.465,
    "avg_system_stress": 0.464366733845827,
    "max_system_stress": 1.7034876123330744,
    "avg_maslow_pressure": 0.20200860291177594,
    "avg_basic_needs_crisis_rate": 0.3451178451178451,
    "avg_trust_level": 0.14923274674799192,
    "cooperation_benefit_total": 0,
    "cooperation_resilience": 0.4292929292929293
  },
  "maslow_hierarchy": {
    "initial_needs_avg": {
      "physiological": 4.9115402849760255,
      "safety": 4.868278591297684,
      "love": 4.91771723721674,
      "esteem": 4.717542151260248,
      "self_actualization": 4.8859803009298926
    },
    "final_needs_avg": {
      "physiological": 5.123569502322639,
      "safety": 4.828455295318072,
      "love": 2.169461663809805,
      "esteem": 0.8311919331769995,
      "self_actualization": 5.1337948217700795
    },
    "needs_improvement": {
      "physiological": 0.21202921734661384,
      "safety": -0.03982329597961165,
      "love": -2.748255573406935,
      "esteem": -3.8863502180832485,
      "self_actualization": 0.24781452084018696
    }
  },
  "inter_group_metrics": {
    "final_group_populations": {
      "C": 233,
      "B": 183,
      "A": 178
    },
    "final_group_cooperation_rates": {
      "C": 0.48497854077253216,
      "B": 0.3770491803278688,
      "A": 0.4101123595505618
    },
    "in_group_interaction_rate": 0.40297341373686807,
    "out_group_interaction_rate": 0.597026586263132,
    "avg_in_group_trust": 0.14726668992459352,
    "avg_out_group_trust": 0.15119880357139034,
    "trust_asymmetry": -0.003932113646796825,
    "group_segregation_index": 0.40297341373686807,
    "total_mixing_events": 20,
    "mixing_event_success_rate": 1.0,
    "reputational_spillover_events": 0,
    "out_group_constraint_amplifications": 0,
    "group_extinction_events": 0
  },
  "interaction_metrics": {
    "total_interactions": 263670,
    "avg_interaction_processing_time": 0.0
  }
}