{
  "run_id": 370,
  "parameters": {
    "shock_interval_years": 5,
    "homophily_bias": 0.0,
    "num_groups": 1,
    "out_group_trust_bias": 0.8430902952761341,
    "out_group_penalty": 1.1002446179359828,
    "intervention_interval": 0,
    "intervention_scale": 0.22142340574147112,
    "event_bonus": 2.0928192517802677,
    "base_trust_delta": 0.18962919896341535,
    "group_trust_bias": 1.367754187189285,
    "resilience_profile": {
      "threshold": 0.1319677155424786,
      "noise": 0.05656607935606379
    },
    "turnover_rate": 0.02137506278364232,
    "social_diffusion": 0.06324291768604366,
    "max_rounds": 300,
    "initial_population": 200,
    "max_population": 800,
    "maslow_variation": 0.5,
    "constraint_threshold_range": [
      0.2,
      0.8
    ],
    "recovery_threshold": 0.15,
    "cooperation_bonus": 0.2,
    "trust_threshold": 0.6,
    "max_relationships_per_person": 150
  },
  "outcomes": {
    "final_cooperation_rate": 0.3038194444444444,
    "behavioral_cooperation_rate": 0.3423758750846856,
    "final_constrained_rate": 0.6961805555555556,
    "final_population": 576,
    "extinction_occurred": false,
    "rounds_completed": 300,
    "first_cascade_round": null,
    "total_cascade_events": 0,
    "total_shock_events": 13,
    "total_defections": 231024,
    "total_redemptions": 2370,
    "net_strategy_change": 228654,
    "total_births": 626,
    "total_deaths": 248,
    "max_population_reached": 645,
    "population_stability": 0.013753883088037832,
    "population_growth": 3.225,
    "avg_system_stress": 1.1320320845312228,
    "max_system_stress": 2.8346541223890473,
    "avg_maslow_pressure": 0.09863163740316531,
    "avg_basic_needs_crisis_rate": 0.22916666666666666,
    "avg_trust_level": 0.6319338290340459,
    "cooperation_benefit_total": 0,
    "cooperation_resilience": 0.3038194444444444
  },
  "maslow_hierarchy": {
    "initial_needs_avg": {
      "physiological": 4.7749129913857775,
      "safety": 4.8154311244702015,
      "love": 5.272210499414067,
      "esteem": 5.20154100374489,
      "self_actualization": 5.300329252507928
    },
    "final_needs_avg": {
      "physiological": 5.386342051392596,
      "safety": 5.563325213922397,
      "love": 7.55170883709998,
      "esteem": 0.5971902535978137,
      "self_actualization": 5.676415115198121
    },
    "needs_improvement": {
      "physiological": 0.6114290600068184,
      "safety": 0.7478940894521955,
      "love": 2.2794983376859133,
      "esteem": -4.604350750147077,
      "self_actualization": 0.37608586269019284
    }
  },
  "inter_group_metrics": {
    "final_group_populations": {
      "A": 576
    },
    "final_group_cooperation_rates": {
      "A": 0.3038194444444444
    },
    "in_group_interaction_rate": 1.0,
    "out_group_interaction_rate": 0.0,
    "avg_in_group_trust": 0.6319338290340459,
    "avg_out_group_trust": 0.6319338290340459,
    "trust_asymmetry": 0.0,
    "group_segregation_index": 1.0,
    "total_mixing_events": 0,
    "mixing_event_success_rate": 0,
    "reputational_spillover_events": 0,
    "out_group_constraint_amplifications": 0,
    "group_extinction_events": 0
  },
  "interaction_metrics": {
    "total_interactions": 247976,
    "avg_interaction_processing_time": 0.0
  }
}