{
  "run_id": 124,
  "parameters": {
    "shock_interval_years": 10,
    "homophily_bias": 0.0,
    "num_groups": 1,
    "out_group_trust_bias": 0.8320778929628523,
    "out_group_penalty": 1.2061656606898876,
    "intervention_interval": 0,
    "intervention_scale": 0.07925883966261281,
    "event_bonus": 1.6643652706768677,
    "base_trust_delta": 0.16241262756072591,
    "group_trust_bias": 1.3291985627303846,
    "resilience_profile": {
      "threshold": 0.2792129671801008,
      "noise": 0.023115248237286612
    },
    "turnover_rate": 0.02934828562350149,
    "social_diffusion": 0.04963142029771442,
    "max_rounds": 300,
    "initial_population": 200,
    "max_population": 800,
    "maslow_variation": 0.5,
    "constraint_threshold_range": [
      0.2,
      0.8
    ],
    "recovery_threshold": 0.15,
    "cooperation_bonus": 0.2,
    "trust_threshold": 0.6,
    "max_relationships_per_person": 150
  },
  "outcomes": {
    "final_cooperation_rate": 0.6469849246231156,
    "behavioral_cooperation_rate": 0.40032680736691,
    "final_constrained_rate": 0.3530150753768844,
    "final_population": 796,
    "extinction_occurred": false,
    "rounds_completed": 300,
    "first_cascade_round": null,
    "total_cascade_events": 0,
    "total_shock_events": 8,
    "total_defections": 257587,
    "total_redemptions": 3103,
    "net_strategy_change": 254484,
    "total_births": 895,
    "total_deaths": 297,
    "max_population_reached": 800,
    "population_stability": 0.01835623135490892,
    "population_growth": 4.0,
    "avg_system_stress": 3.451022099566505,
    "max_system_stress": 4.484713935243934,
    "avg_maslow_pressure": 0.10329909453187651,
    "avg_basic_needs_crisis_rate": 0.24246231155778894,
    "avg_trust_level": 0.7170180093353509,
    "cooperation_benefit_total": 0,
    "cooperation_resilience": 0.6469849246231156
  },
  "maslow_hierarchy": {
    "initial_needs_avg": {
      "physiological": 4.871693751958886,
      "safety": 4.977336628383375,
      "love": 4.820506716383102,
      "esteem": 5.134477539917025,
      "self_actualization": 4.865887084621102
    },
    "final_needs_avg": {
      "physiological": 5.423566879338763,
      "safety": 5.460470288586549,
      "love": 8.26205561566091,
      "esteem": 0.6685756323549894,
      "self_actualization": 5.321625037746453
    },
    "needs_improvement": {
      "physiological": 0.5518731273798769,
      "safety": 0.4831336602031744,
      "love": 3.4415488992778087,
      "esteem": -4.465901907562036,
      "self_actualization": 0.45573795312535115
    }
  },
  "inter_group_metrics": {
    "final_group_populations": {
      "A": 796
    },
    "final_group_cooperation_rates": {
      "A": 0.6469849246231156
    },
    "in_group_interaction_rate": 1.0,
    "out_group_interaction_rate": 0.0,
    "avg_in_group_trust": 0.7170180093353509,
    "avg_out_group_trust": 0.7170180093353509,
    "trust_asymmetry": 0.0,
    "group_segregation_index": 1.0,
    "total_mixing_events": 0,
    "mixing_event_success_rate": 0,
    "reputational_spillover_events": 0,
    "out_group_constraint_amplifications": 0,
    "group_extinction_events": 0
  },
  "interaction_metrics": {
    "total_interactions": 327410,
    "avg_interaction_processing_time": 0.0
  }
}