{
  "run_id": 39,
  "parameters": {
    "shock_interval_years": 20,
    "homophily_bias": 0.6248830022162974,
    "num_groups": 3,
    "out_group_trust_bias": 0.9055609796742591,
    "out_group_penalty": 1.3246445238521163,
    "intervention_interval": 15,
    "intervention_scale": 0.15506377514708208,
    "event_bonus": 1.9568672648619911,
    "base_trust_delta": 0.11064817365423808,
    "group_trust_bias": 1.4894340046773795,
    "resilience_profile": {
      "threshold": 0.2547669091867487,
      "noise": 0.01691569010640279
    },
    "turnover_rate": 0.042300195391577866,
    "social_diffusion": 0.0957013406769492,
    "max_rounds": 300,
    "initial_population": 200,
    "max_population": 800,
    "maslow_variation": 0.5,
    "constraint_threshold_range": [
      0.2,
      0.8
    ],
    "recovery_threshold": 0.15,
    "cooperation_bonus": 0.2,
    "trust_threshold": 0.6,
    "max_relationships_per_person": 150
  },
  "outcomes": {
    "final_cooperation_rate": 0.944233206590621,
    "behavioral_cooperation_rate": 0.35563270635410577,
    "final_constrained_rate": 0.05576679340937896,
    "final_population": 789,
    "extinction_occurred": false,
    "rounds_completed": 300,
    "first_cascade_round": null,
    "total_cascade_events": 0,
    "total_shock_events": 5,
    "total_defections": 352680,
    "total_redemptions": 3498,
    "net_strategy_change": 349182,
    "total_births": 899,
    "total_deaths": 306,
    "max_population_reached": 800,
    "population_stability": 0.004153546007845822,
    "population_growth": 4.0,
    "avg_system_stress": 0.620772478959614,
    "max_system_stress": 2.0040498949549317,
    "avg_maslow_pressure": 0.06450727825526291,
    "avg_basic_needs_crisis_rate": 0.20532319391634982,
    "avg_trust_level": 0.587747168144009,
    "cooperation_benefit_total": 0,
    "cooperation_resilience": 0.944233206590621
  },
  "maslow_hierarchy": {
    "initial_needs_avg": {
      "physiological": 5.2250029850698425,
      "safety": 5.037639609403189,
      "love": 4.828344416272607,
      "esteem": 5.230742027877758,
      "self_actualization": 4.917257296830396
    },
    "final_needs_avg": {
      "physiological": 5.862236497069862,
      "safety": 5.555602481582044,
      "love": 9.607171825290624,
      "esteem": 1.7628150985746531,
      "self_actualization": 5.754505197726692
    },
    "needs_improvement": {
      "physiological": 0.6372335120000194,
      "safety": 0.5179628721788552,
      "love": 4.778827409018017,
      "esteem": -3.467926929303105,
      "self_actualization": 0.8372479008962959
    }
  },
  "inter_group_metrics": {
    "final_group_populations": {
      "C": 261,
      "B": 197,
      "A": 331
    },
    "final_group_cooperation_rates": {
      "C": 0.9272030651340997,
      "B": 0.9238578680203046,
      "A": 0.9697885196374623
    },
    "in_group_interaction_rate": 0.7492365348790201,
    "out_group_interaction_rate": 0.25076346512097986,
    "avg_in_group_trust": 0.6515746921141563,
    "avg_out_group_trust": 0.5239196441738615,
    "trust_asymmetry": 0.1276550479402948,
    "group_segregation_index": 0.7492365348790201,
    "total_mixing_events": 20,
    "mixing_event_success_rate": 1.0,
    "reputational_spillover_events": 0,
    "out_group_constraint_amplifications": 0,
    "group_extinction_events": 0
  },
  "interaction_metrics": {
    "total_interactions": 366094,
    "avg_interaction_processing_time": 0.0
  }
}