{
  "run_id": 437,
  "parameters": {
    "shock_interval_years": 5,
    "homophily_bias": 0.03331938783322341,
    "num_groups": 2,
    "out_group_trust_bias": 1.0117998685822054,
    "out_group_penalty": 1.4823302009534336,
    "intervention_interval": 20,
    "intervention_scale": 0.2761757823949652,
    "event_bonus": 2.4261675805761973,
    "base_trust_delta": 0.13749250069919186,
    "group_trust_bias": 1.4058676755032833,
    "resilience_profile": {
      "threshold": 0.38456405696548024,
      "noise": 0.020041225306930477
    },
    "turnover_rate": 0.03789775625461445,
    "social_diffusion": 0.06796307516602641,
    "max_rounds": 300,
    "initial_population": 200,
    "max_population": 800,
    "maslow_variation": 0.5,
    "constraint_threshold_range": [
      0.2,
      0.8
    ],
    "recovery_threshold": 0.15,
    "cooperation_bonus": 0.2,
    "trust_threshold": 0.6,
    "max_relationships_per_person": 150
  },
  "outcomes": {
    "final_cooperation_rate": 0.44823232323232326,
    "behavioral_cooperation_rate": 0.019504128421865368,
    "final_constrained_rate": 0.5517676767676768,
    "final_population": 792,
    "extinction_occurred": false,
    "rounds_completed": 300,
    "first_cascade_round": null,
    "total_cascade_events": 0,
    "total_shock_events": 18,
    "total_defections": 616114,
    "total_redemptions": 5143,
    "net_strategy_change": 610971,
    "total_births": 884,
    "total_deaths": 290,
    "max_population_reached": 800,
    "population_stability": 0.0025748199942035766,
    "population_growth": 4.0,
    "avg_system_stress": 2.8458461943986464,
    "max_system_stress": 6.178331182991089,
    "avg_maslow_pressure": 0.2050398085666413,
    "avg_basic_needs_crisis_rate": 0.3409090909090909,
    "avg_trust_level": 0.2716160529662385,
    "cooperation_benefit_total": 0,
    "cooperation_resilience": 0.44823232323232326
  },
  "maslow_hierarchy": {
    "initial_needs_avg": {
      "physiological": 5.191983347495433,
      "safety": 4.795678078626892,
      "love": 4.885533523563513,
      "esteem": 4.815207472905741,
      "self_actualization": 5.0883619504361794
    },
    "final_needs_avg": {
      "physiological": 5.2507139250415555,
      "safety": 4.838408948969435,
      "love": 1.7530389807697895,
      "esteem": 0.4902864765024005,
      "self_actualization": 5.198864189016708
    },
    "needs_improvement": {
      "physiological": 0.05873057754612265,
      "safety": 0.04273087034254264,
      "love": -3.1324945427937236,
      "esteem": -4.324920996403341,
      "self_actualization": 0.11050223858052899
    }
  },
  "inter_group_metrics": {
    "final_group_populations": {
      "B": 374,
      "A": 418
    },
    "final_group_cooperation_rates": {
      "B": 0.43315508021390375,
      "A": 0.46172248803827753
    },
    "in_group_interaction_rate": 0.5152719918411091,
    "out_group_interaction_rate": 0.48472800815889094,
    "avg_in_group_trust": 0.22578186016234922,
    "avg_out_group_trust": 0.3174502457701277,
    "trust_asymmetry": -0.09166838560777849,
    "group_segregation_index": 0.5152719918411091,
    "total_mixing_events": 15,
    "mixing_event_success_rate": 1.0,
    "reputational_spillover_events": 0,
    "out_group_constraint_amplifications": 0,
    "group_extinction_events": 0
  },
  "interaction_metrics": {
    "total_interactions": 347106,
    "avg_interaction_processing_time": 0.0
  }
}