{
  "run_id": 356,
  "parameters": {
    "shock_interval_years": 2,
    "homophily_bias": 0.5864368116125604,
    "num_groups": 3,
    "out_group_trust_bias": 1.1939475075737023,
    "out_group_penalty": 1.231380946726462,
    "intervention_interval": 20,
    "intervention_scale": 0.2601565310366257,
    "event_bonus": 1.9264470648054426,
    "base_trust_delta": 0.19194305510983217,
    "group_trust_bias": 1.4443493389952322,
    "resilience_profile": {
      "threshold": 0.34115892245876844,
      "noise": 0.031981213074962773
    },
    "turnover_rate": 0.04332077504520788,
    "social_diffusion": 0.0437205084443755,
    "max_rounds": 300,
    "initial_population": 200,
    "max_population": 800,
    "maslow_variation": 0.5,
    "constraint_threshold_range": [
      0.2,
      0.8
    ],
    "recovery_threshold": 0.15,
    "cooperation_bonus": 0.2,
    "trust_threshold": 0.6,
    "max_relationships_per_person": 150
  },
  "outcomes": {
    "final_cooperation_rate": 0.8638083228247163,
    "behavioral_cooperation_rate": 0.08452926487940071,
    "final_constrained_rate": 0.13619167717528374,
    "final_population": 793,
    "extinction_occurred": false,
    "rounds_completed": 300,
    "first_cascade_round": null,
    "total_cascade_events": 0,
    "total_shock_events": 21,
    "total_defections": 588263,
    "total_redemptions": 5552,
    "net_strategy_change": 582711,
    "total_births": 910,
    "total_deaths": 314,
    "max_population_reached": 800,
    "population_stability": 0.0024976278777704827,
    "population_growth": 4.0,
    "avg_system_stress": 4.772078092556291,
    "max_system_stress": 7.606652702398105,
    "avg_maslow_pressure": 0.17121793248592723,
    "avg_basic_needs_crisis_rate": 0.3316519546027743,
    "avg_trust_level": 0.34878234309490264,
    "cooperation_benefit_total": 0,
    "cooperation_resilience": 0.8638083228247163
  },
  "maslow_hierarchy": {
    "initial_needs_avg": {
      "physiological": 4.875611033329476,
      "safety": 4.712741504396337,
      "love": 5.042349451230575,
      "esteem": 4.866555514491796,
      "self_actualization": 4.56438111741518
    },
    "final_needs_avg": {
      "physiological": 5.227939035130189,
      "safety": 4.60006948752457,
      "love": 5.384082277340714,
      "esteem": 0.6083271885043114,
      "self_actualization": 4.802203174706979
    },
    "needs_improvement": {
      "physiological": 0.35232800180071244,
      "safety": -0.11267201687176787,
      "love": 0.3417328261101389,
      "esteem": -4.258228325987484,
      "self_actualization": 0.23782205729179928
    }
  },
  "inter_group_metrics": {
    "final_group_populations": {
      "A": 282,
      "C": 224,
      "B": 287
    },
    "final_group_cooperation_rates": {
      "A": 0.8936170212765957,
      "C": 0.8169642857142857,
      "B": 0.8710801393728222
    },
    "in_group_interaction_rate": 0.7225118678484208,
    "out_group_interaction_rate": 0.2774881321515792,
    "avg_in_group_trust": 0.34558996335185443,
    "avg_out_group_trust": 0.3519747228379509,
    "trust_asymmetry": -0.0063847594860964585,
    "group_segregation_index": 0.7225118678484208,
    "total_mixing_events": 15,
    "mixing_event_success_rate": 1.0,
    "reputational_spillover_events": 0,
    "out_group_constraint_amplifications": 0,
    "group_extinction_events": 0
  },
  "interaction_metrics": {
    "total_interactions": 364430,
    "avg_interaction_processing_time": 0.0
  }
}