{
  "run_id": 299,
  "parameters": {
    "shock_interval_years": 20,
    "homophily_bias": 0.6364028783144143,
    "num_groups": 2,
    "out_group_trust_bias": 1.0050441252762312,
    "out_group_penalty": 1.1540786631492792,
    "intervention_interval": 15,
    "intervention_scale": 0.0698088925955684,
    "event_bonus": 1.5321007340581374,
    "base_trust_delta": 0.13385157731611713,
    "group_trust_bias": 1.5835915612622595,
    "resilience_profile": {
      "threshold": 0.38313937467347636,
      "noise": 0.08606219154126699
    },
    "turnover_rate": 0.02076950842423669,
    "social_diffusion": 0.04397612184417692,
    "max_rounds": 300,
    "initial_population": 200,
    "max_population": 800,
    "maslow_variation": 0.5,
    "constraint_threshold_range": [
      0.2,
      0.8
    ],
    "recovery_threshold": 0.15,
    "cooperation_bonus": 0.2,
    "trust_threshold": 0.6,
    "max_relationships_per_person": 150
  },
  "outcomes": {
    "final_cooperation_rate": 0.42828685258964144,
    "behavioral_cooperation_rate": 0.48234896730130744,
    "final_constrained_rate": 0.5717131474103586,
    "final_population": 502,
    "extinction_occurred": false,
    "rounds_completed": 300,
    "first_cascade_round": null,
    "total_cascade_events": 0,
    "total_shock_events": 6,
    "total_defections": 169053,
    "total_redemptions": 1675,
    "net_strategy_change": 167378,
    "total_births": 566,
    "total_deaths": 263,
    "max_population_reached": 619,
    "population_stability": 0.006295829406217078,
    "population_growth": 3.095,
    "avg_system_stress": 0.6242425829139422,
    "max_system_stress": 2.609060524529972,
    "avg_maslow_pressure": 0.0927491346053237,
    "avg_basic_needs_crisis_rate": 0.2749003984063745,
    "avg_trust_level": 0.5448850928962641,
    "cooperation_benefit_total": 0,
    "cooperation_resilience": 0.42828685258964144
  },
  "maslow_hierarchy": {
    "initial_needs_avg": {
      "physiological": 4.510372986664499,
      "safety": 4.967019473362268,
      "love": 5.0710411783941955,
      "esteem": 5.1237966019695484,
      "self_actualization": 4.953102384421079
    },
    "final_needs_avg": {
      "physiological": 4.9682691145002265,
      "safety": 5.825777922189319,
      "love": 8.122784732440513,
      "esteem": 1.7744759566548534,
      "self_actualization": 5.520796523303211
    },
    "needs_improvement": {
      "physiological": 0.45789612783572764,
      "safety": 0.858758448827051,
      "love": 3.0517435540463174,
      "esteem": -3.349320645314695,
      "self_actualization": 0.5676941388821319
    }
  },
  "inter_group_metrics": {
    "final_group_populations": {
      "A": 299,
      "B": 203
    },
    "final_group_cooperation_rates": {
      "A": 0.44481605351170567,
      "B": 0.4039408866995074
    },
    "in_group_interaction_rate": 0.8208162727280217,
    "out_group_interaction_rate": 0.17918372727197832,
    "avg_in_group_trust": 0.6408245850950077,
    "avg_out_group_trust": 0.4489456006975205,
    "trust_asymmetry": 0.19187898439748724,
    "group_segregation_index": 0.8208162727280217,
    "total_mixing_events": 20,
    "mixing_event_success_rate": 1.0,
    "reputational_spillover_events": 0,
    "out_group_constraint_amplifications": 0,
    "group_extinction_events": 0
  },
  "interaction_metrics": {
    "total_interactions": 242762,
    "avg_interaction_processing_time": 0.0
  }
}