{
  "run_id": 4,
  "parameters": {
    "shock_interval_years": 10,
    "homophily_bias": 0.4234964226434535,
    "num_groups": 2,
    "out_group_trust_bias": 1.1353058682018498,
    "out_group_penalty": 1.2601062684450106,
    "intervention_interval": 15,
    "intervention_scale": 0.25343461741745194,
    "event_bonus": 1.566649654661552,
    "base_trust_delta": 0.05737767369239785,
    "group_trust_bias": 1.6745872149439052,
    "resilience_profile": {
      "threshold": 0.25892959335559995,
      "noise": 0.07414202586775434
    },
    "turnover_rate": 0.0207625597620698,
    "social_diffusion": 0.029982627327805378,
    "max_rounds": 300,
    "initial_population": 200,
    "max_population": 800,
    "maslow_variation": 0.5,
    "constraint_threshold_range": [
      0.2,
      0.8
    ],
    "recovery_threshold": 0.15,
    "cooperation_bonus": 0.2,
    "trust_threshold": 0.6,
    "max_relationships_per_person": 150
  },
  "outcomes": {
    "final_cooperation_rate": 0.9555555555555556,
    "behavioral_cooperation_rate": 0.27384379944492,
    "final_constrained_rate": 0.044444444444444446,
    "final_population": 495,
    "extinction_occurred": false,
    "rounds_completed": 300,
    "first_cascade_round": null,
    "total_cascade_events": 0,
    "total_shock_events": 6,
    "total_defections": 252642,
    "total_redemptions": 1747,
    "net_strategy_change": 250895,
    "total_births": 549,
    "total_deaths": 252,
    "max_population_reached": 606,
    "population_stability": 0.011421914057343538,
    "population_growth": 3.03,
    "avg_system_stress": 1.0866197573718321,
    "max_system_stress": 1.833349967960749,
    "avg_maslow_pressure": 0.0894545638258938,
    "avg_basic_needs_crisis_rate": 0.31313131313131315,
    "avg_trust_level": 0.5021294688060556,
    "cooperation_benefit_total": 0,
    "cooperation_resilience": 0.9555555555555556
  },
  "maslow_hierarchy": {
    "initial_needs_avg": {
      "physiological": 4.891629073362505,
      "safety": 4.981650251952371,
      "love": 4.862453595544278,
      "esteem": 4.862890752000755,
      "self_actualization": 5.364137421571108
    },
    "final_needs_avg": {
      "physiological": 4.980532265226248,
      "safety": 5.251923338306001,
      "love": 9.67622827181939,
      "esteem": 2.0883619495435695,
      "self_actualization": 5.7495995131824085
    },
    "needs_improvement": {
      "physiological": 0.08890319186374285,
      "safety": 0.27027308635362957,
      "love": 4.813774676275112,
      "esteem": -2.7745288024571857,
      "self_actualization": 0.3854620916113003
    }
  },
  "inter_group_metrics": {
    "final_group_populations": {
      "A": 240,
      "B": 255
    },
    "final_group_cooperation_rates": {
      "A": 0.9583333333333334,
      "B": 0.9529411764705882
    },
    "in_group_interaction_rate": 0.7086435123941933,
    "out_group_interaction_rate": 0.29135648760580674,
    "avg_in_group_trust": 0.541450511539607,
    "avg_out_group_trust": 0.4628084260725041,
    "trust_asymmetry": 0.07864208546710288,
    "group_segregation_index": 0.7086435123941933,
    "total_mixing_events": 20,
    "mixing_event_success_rate": 1.0,
    "reputational_spillover_events": 0,
    "out_group_constraint_amplifications": 0,
    "group_extinction_events": 0
  },
  "interaction_metrics": {
    "total_interactions": 231318,
    "avg_interaction_processing_time": 0.0
  }
}