{
  "run_id": 407,
  "parameters": {
    "shock_interval_years": 10,
    "homophily_bias": 0.0,
    "num_groups": 1,
    "out_group_trust_bias": 0.8039522614013722,
    "out_group_penalty": 1.3811866603622742,
    "intervention_interval": 0,
    "intervention_scale": 0.056348436829458906,
    "event_bonus": 1.8713498763969794,
    "base_trust_delta": 0.09860285330981841,
    "group_trust_bias": 1.9483694341817328,
    "resilience_profile": {
      "threshold": 0.35366932959304864,
      "noise": 0.08320684645825699
    },
    "turnover_rate": 0.041459174167685714,
    "social_diffusion": 0.010591024466007161,
    "max_rounds": 300,
    "initial_population": 200,
    "max_population": 800,
    "maslow_variation": 0.5,
    "constraint_threshold_range": [
      0.2,
      0.8
    ],
    "recovery_threshold": 0.15,
    "cooperation_bonus": 0.2,
    "trust_threshold": 0.6,
    "max_relationships_per_person": 150
  },
  "outcomes": {
    "final_cooperation_rate": 1.0,
    "behavioral_cooperation_rate": 0.4655559684316194,
    "final_constrained_rate": 0.0,
    "final_population": 794,
    "extinction_occurred": false,
    "rounds_completed": 300,
    "first_cascade_round": null,
    "total_cascade_events": 0,
    "total_shock_events": 7,
    "total_defections": 249243,
    "total_redemptions": 2813,
    "net_strategy_change": 246430,
    "total_births": 904,
    "total_deaths": 307,
    "max_population_reached": 800,
    "population_stability": 0.0023926438760509252,
    "population_growth": 4.0,
    "avg_system_stress": 1.3860351141842935,
    "max_system_stress": 2.8609501680929648,
    "avg_maslow_pressure": 0.06923082632451687,
    "avg_basic_needs_crisis_rate": 0.18261964735516373,
    "avg_trust_level": 0.7525145387250098,
    "cooperation_benefit_total": 0,
    "cooperation_resilience": 1.0
  },
  "maslow_hierarchy": {
    "initial_needs_avg": {
      "physiological": 5.637893987681146,
      "safety": 5.024281795051677,
      "love": 5.6154591522911845,
      "esteem": 5.214166777078561,
      "self_actualization": 4.884607604223288
    },
    "final_needs_avg": {
      "physiological": 6.170880167567022,
      "safety": 5.699507262246636,
      "love": 9.982093350633635,
      "esteem": 1.3532528070814798,
      "self_actualization": 5.199894191817721
    },
    "needs_improvement": {
      "physiological": 0.5329861798858762,
      "safety": 0.6752254671949585,
      "love": 4.36663419834245,
      "esteem": -3.8609139699970814,
      "self_actualization": 0.31528658759443307
    }
  },
  "inter_group_metrics": {
    "final_group_populations": {
      "A": 794
    },
    "final_group_cooperation_rates": {
      "A": 1.0
    },
    "in_group_interaction_rate": 1.0,
    "out_group_interaction_rate": 0.0,
    "avg_in_group_trust": 0.7525145387250098,
    "avg_out_group_trust": 0.7525145387250098,
    "trust_asymmetry": 0.0,
    "group_segregation_index": 1.0,
    "total_mixing_events": 0,
    "mixing_event_success_rate": 0,
    "reputational_spillover_events": 0,
    "out_group_constraint_amplifications": 0,
    "group_extinction_events": 0
  },
  "interaction_metrics": {
    "total_interactions": 360614,
    "avg_interaction_processing_time": 0.0
  }
}