{
  "run_id": 101,
  "parameters": {
    "shock_interval_years": 2,
    "homophily_bias": 0.5783995929503585,
    "num_groups": 2,
    "out_group_trust_bias": 0.9205884194445687,
    "out_group_penalty": 1.3695592954472446,
    "intervention_interval": 15,
    "intervention_scale": 0.28023823750865096,
    "event_bonus": 1.8706426047948526,
    "base_trust_delta": 0.1874066646708351,
    "group_trust_bias": 1.5466966294123399,
    "resilience_profile": {
      "threshold": 0.2715113832250279,
      "noise": 0.008520284200978412
    },
    "turnover_rate": 0.02446918852544659,
    "social_diffusion": 0.009699138745768665,
    "max_rounds": 300,
    "initial_population": 200,
    "max_population": 800,
    "maslow_variation": 0.5,
    "constraint_threshold_range": [
      0.2,
      0.8
    ],
    "recovery_threshold": 0.15,
    "cooperation_bonus": 0.2,
    "trust_threshold": 0.6,
    "max_relationships_per_person": 150
  },
  "outcomes": {
    "final_cooperation_rate": 0.7805851063829787,
    "behavioral_cooperation_rate": 0.045642207725498256,
    "final_constrained_rate": 0.21941489361702127,
    "final_population": 752,
    "extinction_occurred": false,
    "rounds_completed": 300,
    "first_cascade_round": null,
    "total_cascade_events": 0,
    "total_shock_events": 36,
    "total_defections": 530876,
    "total_redemptions": 5264,
    "net_strategy_change": 525612,
    "total_births": 830,
    "total_deaths": 275,
    "max_population_reached": 800,
    "population_stability": 0.009882830689412708,
    "population_growth": 4.0,
    "avg_system_stress": 10.21792238641116,
    "max_system_stress": 16.10150504951064,
    "avg_maslow_pressure": 0.18639029629129988,
    "avg_basic_needs_crisis_rate": 0.30851063829787234,
    "avg_trust_level": 0.2948402657843842,
    "cooperation_benefit_total": 0,
    "cooperation_resilience": 0.7805851063829787
  },
  "maslow_hierarchy": {
    "initial_needs_avg": {
      "physiological": 5.086864731721502,
      "safety": 4.812397311086961,
      "love": 5.084346335135109,
      "esteem": 5.043353312993188,
      "self_actualization": 4.936141500961976
    },
    "final_needs_avg": {
      "physiological": 5.314707799600819,
      "safety": 4.777941144789072,
      "love": 3.467134203484688,
      "esteem": 0.7143814018215698,
      "self_actualization": 4.916841899817635
    },
    "needs_improvement": {
      "physiological": 0.2278430678793164,
      "safety": -0.03445616629788972,
      "love": -1.617212131650421,
      "esteem": -4.328971911171617,
      "self_actualization": -0.019299601144340706
    }
  },
  "inter_group_metrics": {
    "final_group_populations": {
      "B": 375,
      "A": 377
    },
    "final_group_cooperation_rates": {
      "B": 0.792,
      "A": 0.7692307692307693
    },
    "in_group_interaction_rate": 0.7877606841997123,
    "out_group_interaction_rate": 0.21223931580028765,
    "avg_in_group_trust": 0.32631510659903734,
    "avg_out_group_trust": 0.2633654249697311,
    "trust_asymmetry": 0.06294968162930625,
    "group_segregation_index": 0.7877606841997123,
    "total_mixing_events": 20,
    "mixing_event_success_rate": 1.0,
    "reputational_spillover_events": 0,
    "out_group_constraint_amplifications": 0,
    "group_extinction_events": 0
  },
  "interaction_metrics": {
    "total_interactions": 311488,
    "avg_interaction_processing_time": 0.0
  }
}