{
  "run_id": 261,
  "parameters": {
    "shock_interval_years": 5,
    "homophily_bias": 0.5545221954008709,
    "num_groups": 3,
    "out_group_trust_bias": 1.0541513571496788,
    "out_group_penalty": 1.203081561242755,
    "intervention_interval": 15,
    "intervention_scale": 0.1817101581921241,
    "event_bonus": 2.1665897382458583,
    "base_trust_delta": 0.09751038093405373,
    "group_trust_bias": 1.8665371630079144,
    "resilience_profile": {
      "threshold": 0.11293539935388094,
      "noise": 0.023342055172394943
    },
    "turnover_rate": 0.03684604174245997,
    "social_diffusion": 0.053499752975834786,
    "max_rounds": 300,
    "initial_population": 200,
    "max_population": 800,
    "maslow_variation": 0.5,
    "constraint_threshold_range": [
      0.2,
      0.8
    ],
    "recovery_threshold": 0.15,
    "cooperation_bonus": 0.2,
    "trust_threshold": 0.6,
    "max_relationships_per_person": 150
  },
  "outcomes": {
    "final_cooperation_rate": 0.3702770780856423,
    "behavioral_cooperation_rate": 0.027742415195520655,
    "final_constrained_rate": 0.6297229219143576,
    "final_population": 794,
    "extinction_occurred": false,
    "rounds_completed": 300,
    "first_cascade_round": null,
    "total_cascade_events": 0,
    "total_shock_events": 13,
    "total_defections": 624499,
    "total_redemptions": 4858,
    "net_strategy_change": 619641,
    "total_births": 895,
    "total_deaths": 299,
    "max_population_reached": 800,
    "population_stability": 0.003222421965044865,
    "population_growth": 4.0,
    "avg_system_stress": 1.4193666411313322,
    "max_system_stress": 2.9339381029779457,
    "avg_maslow_pressure": 0.22273599597530583,
    "avg_basic_needs_crisis_rate": 0.3602015113350126,
    "avg_trust_level": 0.26756711701956454,
    "cooperation_benefit_total": 0,
    "cooperation_resilience": 0.3702770780856423
  },
  "maslow_hierarchy": {
    "initial_needs_avg": {
      "physiological": 4.800648832554828,
      "safety": 5.046764787366372,
      "love": 5.237418208041666,
      "esteem": 5.121887712845986,
      "self_actualization": 4.9675927598318115
    },
    "final_needs_avg": {
      "physiological": 4.701653320478844,
      "safety": 4.9935020285624026,
      "love": 1.8789729827988786,
      "esteem": 0.46051467755890657,
      "self_actualization": 5.011264743335652
    },
    "needs_improvement": {
      "physiological": -0.09899551207598467,
      "safety": -0.053262758803969135,
      "love": -3.3584452252427868,
      "esteem": -4.661373035287079,
      "self_actualization": 0.04367198350384083
    }
  },
  "inter_group_metrics": {
    "final_group_populations": {
      "B": 245,
      "A": 265,
      "C": 284
    },
    "final_group_cooperation_rates": {
      "B": 0.33877551020408164,
      "A": 0.37358490566037733,
      "C": 0.39436619718309857
    },
    "in_group_interaction_rate": 0.7013789529421043,
    "out_group_interaction_rate": 0.29862104705789577,
    "avg_in_group_trust": 0.17280864252671332,
    "avg_out_group_trust": 0.3623255915124157,
    "trust_asymmetry": -0.1895169489857024,
    "group_segregation_index": 0.7013789529421043,
    "total_mixing_events": 20,
    "mixing_event_success_rate": 1.0,
    "reputational_spillover_events": 0,
    "out_group_constraint_amplifications": 0,
    "group_extinction_events": 0
  },
  "interaction_metrics": {
    "total_interactions": 355052,
    "avg_interaction_processing_time": 0.0
  }
}