{
  "run_id": 395,
  "parameters": {
    "shock_interval_years": 20,
    "homophily_bias": 0.0,
    "num_groups": 1,
    "out_group_trust_bias": 1.1366971896967333,
    "out_group_penalty": 1.3820187184829535,
    "intervention_interval": 0,
    "intervention_scale": 0.20291981799204833,
    "event_bonus": 2.2433647935133916,
    "base_trust_delta": 0.1475375408723063,
    "group_trust_bias": 1.4642461581055533,
    "resilience_profile": {
      "threshold": 0.3859428410291422,
      "noise": 0.08658948588142056
    },
    "turnover_rate": 0.045854601563128976,
    "social_diffusion": 0.017492049980175218,
    "max_rounds": 300,
    "initial_population": 200,
    "max_population": 800,
    "maslow_variation": 0.5,
    "constraint_threshold_range": [
      0.2,
      0.8
    ],
    "recovery_threshold": 0.15,
    "cooperation_bonus": 0.2,
    "trust_threshold": 0.6,
    "max_relationships_per_person": 150
  },
  "outcomes": {
    "final_cooperation_rate": 1.0,
    "behavioral_cooperation_rate": 0.6379417896044487,
    "final_constrained_rate": 0.0,
    "final_population": 796,
    "extinction_occurred": false,
    "rounds_completed": 300,
    "first_cascade_round": null,
    "total_cascade_events": 0,
    "total_shock_events": 2,
    "total_defections": 161704,
    "total_redemptions": 973,
    "net_strategy_change": 160731,
    "total_births": 932,
    "total_deaths": 333,
    "max_population_reached": 800,
    "population_stability": 0.004421551789289524,
    "population_growth": 4.0,
    "avg_system_stress": 0.11808569978445393,
    "max_system_stress": 0.8152964174686999,
    "avg_maslow_pressure": 0.035105282103838883,
    "avg_basic_needs_crisis_rate": 0.1444723618090452,
    "avg_trust_level": 0.791042184202095,
    "cooperation_benefit_total": 0,
    "cooperation_resilience": 1.0
  },
  "maslow_hierarchy": {
    "initial_needs_avg": {
      "physiological": 4.90990232255654,
      "safety": 5.3195602447155785,
      "love": 4.833778671731598,
      "esteem": 4.574113709959672,
      "self_actualization": 4.999602628394383
    },
    "final_needs_avg": {
      "physiological": 6.01197667266668,
      "safety": 5.934292667414027,
      "love": 9.982509494873584,
      "esteem": 3.9368328886109913,
      "self_actualization": 5.542791236422299
    },
    "needs_improvement": {
      "physiological": 1.10207435011014,
      "safety": 0.6147324226984487,
      "love": 5.148730823141986,
      "esteem": -0.6372808213486807,
      "self_actualization": 0.5431886080279158
    }
  },
  "inter_group_metrics": {
    "final_group_populations": {
      "A": 796
    },
    "final_group_cooperation_rates": {
      "A": 1.0
    },
    "in_group_interaction_rate": 1.0,
    "out_group_interaction_rate": 0.0,
    "avg_in_group_trust": 0.791042184202095,
    "avg_out_group_trust": 0.791042184202095,
    "trust_asymmetry": 0.0,
    "group_segregation_index": 1.0,
    "total_mixing_events": 0,
    "mixing_event_success_rate": 0,
    "reputational_spillover_events": 0,
    "out_group_constraint_amplifications": 0,
    "group_extinction_events": 0
  },
  "interaction_metrics": {
    "total_interactions": 375122,
    "avg_interaction_processing_time": 0.0
  }
}