{
  "run_id": 440,
  "parameters": {
    "shock_interval_years": 5,
    "homophily_bias": 0.46898413777386916,
    "num_groups": 3,
    "out_group_trust_bias": 1.1724788971944675,
    "out_group_penalty": 1.1341535597338663,
    "intervention_interval": 15,
    "intervention_scale": 0.06631188276445991,
    "event_bonus": 1.8628394005742752,
    "base_trust_delta": 0.1099263951619539,
    "group_trust_bias": 1.221331558621722,
    "resilience_profile": {
      "threshold": 0.10814146339148903,
      "noise": 0.037037141047776154
    },
    "turnover_rate": 0.03901032257148285,
    "social_diffusion": 0.013364128106038365,
    "max_rounds": 300,
    "initial_population": 200,
    "max_population": 800,
    "maslow_variation": 0.5,
    "constraint_threshold_range": [
      0.2,
      0.8
    ],
    "recovery_threshold": 0.15,
    "cooperation_bonus": 0.2,
    "trust_threshold": 0.6,
    "max_relationships_per_person": 150
  },
  "outcomes": {
    "final_cooperation_rate": 0.4136191677175284,
    "behavioral_cooperation_rate": 0.016315931108719053,
    "final_constrained_rate": 0.5863808322824716,
    "final_population": 793,
    "extinction_occurred": false,
    "rounds_completed": 300,
    "first_cascade_round": null,
    "total_cascade_events": 0,
    "total_shock_events": 17,
    "total_defections": 674728,
    "total_redemptions": 5067,
    "net_strategy_change": 669661,
    "total_births": 937,
    "total_deaths": 340,
    "max_population_reached": 800,
    "population_stability": 0.003621015737088165,
    "population_growth": 4.0,
    "avg_system_stress": 2.738669168115722,
    "max_system_stress": 5.118178217336676,
    "avg_maslow_pressure": 0.2181938592719054,
    "avg_basic_needs_crisis_rate": 0.25851197982345525,
    "avg_trust_level": 0.24171262231042817,
    "cooperation_benefit_total": 0,
    "cooperation_resilience": 0.4136191677175284
  },
  "maslow_hierarchy": {
    "initial_needs_avg": {
      "physiological": 5.11570516809842,
      "safety": 5.402400878636014,
      "love": 5.073919953456232,
      "esteem": 5.013102014121881,
      "self_actualization": 4.8014863388842635
    },
    "final_needs_avg": {
      "physiological": 5.21945449545021,
      "safety": 5.400505570762198,
      "love": 0.8029114488867817,
      "esteem": 0.30093318743868064,
      "self_actualization": 4.973805725845003
    },
    "needs_improvement": {
      "physiological": 0.10374932735178977,
      "safety": -0.0018953078738155327,
      "love": -4.27100850456945,
      "esteem": -4.712168826683201,
      "self_actualization": 0.17231938696073978
    }
  },
  "inter_group_metrics": {
    "final_group_populations": {
      "A": 234,
      "B": 271,
      "C": 288
    },
    "final_group_cooperation_rates": {
      "A": 0.3888888888888889,
      "B": 0.42066420664206644,
      "C": 0.4270833333333333
    },
    "in_group_interaction_rate": 0.6427610333692142,
    "out_group_interaction_rate": 0.3572389666307858,
    "avg_in_group_trust": 0.21872178459602518,
    "avg_out_group_trust": 0.26470346002483114,
    "trust_asymmetry": -0.04598167542880596,
    "group_segregation_index": 0.6427610333692142,
    "total_mixing_events": 20,
    "mixing_event_success_rate": 1.0,
    "reputational_spillover_events": 0,
    "out_group_constraint_amplifications": 0,
    "group_extinction_events": 0
  },
  "interaction_metrics": {
    "total_interactions": 371600,
    "avg_interaction_processing_time": 0.0
  }
}