{
  "run_id": 241,
  "parameters": {
    "shock_interval_years": 2,
    "homophily_bias": 0.0,
    "num_groups": 1,
    "out_group_trust_bias": 1.1114899178375062,
    "out_group_penalty": 1.1574403337004158,
    "intervention_interval": 0,
    "intervention_scale": 0.08245339962874813,
    "event_bonus": 1.8752060103432922,
    "base_trust_delta": 0.08794556992934802,
    "group_trust_bias": 1.289482695719695,
    "resilience_profile": {
      "threshold": 0.3774665648995754,
      "noise": 0.001166950010200285
    },
    "turnover_rate": 0.02264580943419573,
    "social_diffusion": 0.052497967591698114,
    "max_rounds": 300,
    "initial_population": 200,
    "max_population": 800,
    "maslow_variation": 0.5,
    "constraint_threshold_range": [
      0.2,
      0.8
    ],
    "recovery_threshold": 0.15,
    "cooperation_bonus": 0.2,
    "trust_threshold": 0.6,
    "max_relationships_per_person": 150
  },
  "outcomes": {
    "final_cooperation_rate": 0.3389592123769339,
    "behavioral_cooperation_rate": 0.18279847471253347,
    "final_constrained_rate": 0.6610407876230661,
    "final_population": 711,
    "extinction_occurred": false,
    "rounds_completed": 300,
    "first_cascade_round": null,
    "total_cascade_events": 0,
    "total_shock_events": 33,
    "total_defections": 325297,
    "total_redemptions": 4349,
    "net_strategy_change": 320948,
    "total_births": 757,
    "total_deaths": 244,
    "max_population_reached": 742,
    "population_stability": 0.009519185835472187,
    "population_growth": 3.71,
    "avg_system_stress": 9.049677527257034,
    "max_system_stress": 19.47895443579808,
    "avg_maslow_pressure": 0.15803325994641776,
    "avg_basic_needs_crisis_rate": 0.32208157524613223,
    "avg_trust_level": 0.5010186005502381,
    "cooperation_benefit_total": 0,
    "cooperation_resilience": 0.3389592123769339
  },
  "maslow_hierarchy": {
    "initial_needs_avg": {
      "physiological": 4.983017676241512,
      "safety": 5.113554106757979,
      "love": 5.100682452791482,
      "esteem": 4.767930037483825,
      "self_actualization": 4.98981324062912
    },
    "final_needs_avg": {
      "physiological": 5.054231267551127,
      "safety": 5.099759392137808,
      "love": 5.622314093379153,
      "esteem": 0.21942852054322493,
      "self_actualization": 5.098118732564389
    },
    "needs_improvement": {
      "physiological": 0.0712135913096148,
      "safety": -0.0137947146201709,
      "love": 0.5216316405876711,
      "esteem": -4.5485015169406,
      "self_actualization": 0.10830549193526906
    }
  },
  "inter_group_metrics": {
    "final_group_populations": {
      "A": 711
    },
    "final_group_cooperation_rates": {
      "A": 0.3389592123769339
    },
    "in_group_interaction_rate": 1.0,
    "out_group_interaction_rate": 0.0,
    "avg_in_group_trust": 0.5010186005502381,
    "avg_out_group_trust": 0.5010186005502381,
    "trust_asymmetry": 0.0,
    "group_segregation_index": 1.0,
    "total_mixing_events": 0,
    "mixing_event_success_rate": 0,
    "reputational_spillover_events": 0,
    "out_group_constraint_amplifications": 0,
    "group_extinction_events": 0
  },
  "interaction_metrics": {
    "total_interactions": 271162,
    "avg_interaction_processing_time": 0.0
  }
}