{
  "run_id": 490,
  "parameters": {
    "shock_interval_years": 20,
    "homophily_bias": 0.0,
    "num_groups": 1,
    "out_group_trust_bias": 0.8456915238864171,
    "out_group_penalty": 1.30260542191078,
    "intervention_interval": 0,
    "intervention_scale": 0.13085041429608424,
    "event_bonus": 1.7775451920650602,
    "base_trust_delta": 0.09428045424251202,
    "group_trust_bias": 1.6408828957495372,
    "resilience_profile": {
      "threshold": 0.32044692326756674,
      "noise": 0.13091417067157035
    },
    "turnover_rate": 0.03772269989604559,
    "social_diffusion": 0.023571761365871358,
    "max_rounds": 300,
    "initial_population": 200,
    "max_population": 800,
    "maslow_variation": 0.5,
    "constraint_threshold_range": [
      0.2,
      0.8
    ],
    "recovery_threshold": 0.15,
    "cooperation_bonus": 0.2,
    "trust_threshold": 0.6,
    "max_relationships_per_person": 150
  },
  "outcomes": {
    "final_cooperation_rate": 0.9924146649810367,
    "behavioral_cooperation_rate": 0.6428555741017307,
    "final_constrained_rate": 0.007585335018963337,
    "final_population": 791,
    "extinction_occurred": false,
    "rounds_completed": 300,
    "first_cascade_round": null,
    "total_cascade_events": 0,
    "total_shock_events": 2,
    "total_defections": 158946,
    "total_redemptions": 877,
    "net_strategy_change": 158069,
    "total_births": 930,
    "total_deaths": 336,
    "max_population_reached": 800,
    "population_stability": 0.0028648402778494162,
    "population_growth": 4.0,
    "avg_system_stress": 0.0799669860049827,
    "max_system_stress": 0.5829564183822273,
    "avg_maslow_pressure": 0.046980807095561954,
    "avg_basic_needs_crisis_rate": 0.22882427307206069,
    "avg_trust_level": 0.715312301298985,
    "cooperation_benefit_total": 0,
    "cooperation_resilience": 0.9924146649810367
  },
  "maslow_hierarchy": {
    "initial_needs_avg": {
      "physiological": 4.854985715014171,
      "safety": 4.67938712154473,
      "love": 4.864409074401463,
      "esteem": 4.910996023533417,
      "self_actualization": 5.02910283927857
    },
    "final_needs_avg": {
      "physiological": 5.479692010945944,
      "safety": 5.525812759400836,
      "love": 9.933987260605036,
      "esteem": 3.0306313950290824,
      "self_actualization": 6.011042237241697
    },
    "needs_improvement": {
      "physiological": 0.6247062959317731,
      "safety": 0.8464256378561057,
      "love": 5.069578186203573,
      "esteem": -1.8803646285043345,
      "self_actualization": 0.981939397963127
    }
  },
  "inter_group_metrics": {
    "final_group_populations": {
      "A": 791
    },
    "final_group_cooperation_rates": {
      "A": 0.9924146649810367
    },
    "in_group_interaction_rate": 1.0,
    "out_group_interaction_rate": 0.0,
    "avg_in_group_trust": 0.715312301298985,
    "avg_out_group_trust": 0.715312301298985,
    "trust_asymmetry": 0.0,
    "group_segregation_index": 1.0,
    "total_mixing_events": 0,
    "mixing_event_success_rate": 0,
    "reputational_spillover_events": 0,
    "out_group_constraint_amplifications": 0,
    "group_extinction_events": 0
  },
  "interaction_metrics": {
    "total_interactions": 364256,
    "avg_interaction_processing_time": 0.0
  }
}