{
  "run_id": 163,
  "parameters": {
    "shock_interval_years": 2,
    "homophily_bias": 0.36740322011180465,
    "num_groups": 3,
    "out_group_trust_bias": 1.1831105006041323,
    "out_group_penalty": 1.4429866465106667,
    "intervention_interval": 25,
    "intervention_scale": 0.22629834850794656,
    "event_bonus": 2.0279850958039454,
    "base_trust_delta": 0.09702680222201737,
    "group_trust_bias": 1.3434834580916577,
    "resilience_profile": {
      "threshold": 0.31413500613257794,
      "noise": 0.021479995280419273
    },
    "turnover_rate": 0.020445077812576904,
    "social_diffusion": 0.08105288935136416,
    "max_rounds": 300,
    "initial_population": 200,
    "max_population": 800,
    "maslow_variation": 0.5,
    "constraint_threshold_range": [
      0.2,
      0.8
    ],
    "recovery_threshold": 0.15,
    "cooperation_bonus": 0.2,
    "trust_threshold": 0.6,
    "max_relationships_per_person": 150
  },
  "outcomes": {
    "final_cooperation_rate": 0.461839530332681,
    "behavioral_cooperation_rate": 0.004742726258695707,
    "final_constrained_rate": 0.538160469667319,
    "final_population": 511,
    "extinction_occurred": false,
    "rounds_completed": 300,
    "first_cascade_round": null,
    "total_cascade_events": 0,
    "total_shock_events": 36,
    "total_defections": 438824,
    "total_redemptions": 3427,
    "net_strategy_change": 435397,
    "total_births": 569,
    "total_deaths": 256,
    "max_population_reached": 613,
    "population_stability": 0.009960126530820044,
    "population_growth": 3.065,
    "avg_system_stress": 10.836835405409275,
    "max_system_stress": 17.113566921549353,
    "avg_maslow_pressure": 0.23714892506688273,
    "avg_basic_needs_crisis_rate": 0.350293542074364,
    "avg_trust_level": 0.2106219304550963,
    "cooperation_benefit_total": 0,
    "cooperation_resilience": 0.461839530332681
  },
  "maslow_hierarchy": {
    "initial_needs_avg": {
      "physiological": 4.936197177208231,
      "safety": 5.0031205592081625,
      "love": 5.306812523630201,
      "esteem": 4.892931332091088,
      "self_actualization": 4.900118148845093
    },
    "final_needs_avg": {
      "physiological": 5.200767626305227,
      "safety": 5.028866052762996,
      "love": 0.8396165453057259,
      "esteem": 0.4571973506770617,
      "self_actualization": 4.751046278035671
    },
    "needs_improvement": {
      "physiological": 0.264570449096996,
      "safety": 0.025745493554833132,
      "love": -4.467195978324475,
      "esteem": -4.435733981414026,
      "self_actualization": -0.14907187080942208
    }
  },
  "inter_group_metrics": {
    "final_group_populations": {
      "B": 165,
      "A": 165,
      "C": 181
    },
    "final_group_cooperation_rates": {
      "B": 0.46060606060606063,
      "A": 0.43636363636363634,
      "C": 0.4861878453038674
    },
    "in_group_interaction_rate": 0.5757048099929327,
    "out_group_interaction_rate": 0.4242951900070673,
    "avg_in_group_trust": 0.17447734381578361,
    "avg_out_group_trust": 0.24676651709440897,
    "trust_asymmetry": -0.07228917327862536,
    "group_segregation_index": 0.5757048099929327,
    "total_mixing_events": 12,
    "mixing_event_success_rate": 1.0,
    "reputational_spillover_events": 0,
    "out_group_constraint_amplifications": 0,
    "group_extinction_events": 0
  },
  "interaction_metrics": {
    "total_interactions": 234886,
    "avg_interaction_processing_time": 0.0
  }
}