{
  "run_id": 221,
  "parameters": {
    "shock_interval_years": 20,
    "homophily_bias": 0.37484479474506704,
    "num_groups": 2,
    "out_group_trust_bias": 0.8543052046366189,
    "out_group_penalty": 1.1440726589219652,
    "intervention_interval": 15,
    "intervention_scale": 0.11001431865020218,
    "event_bonus": 2.0893111214327527,
    "base_trust_delta": 0.07630487179067513,
    "group_trust_bias": 1.7051806780944099,
    "resilience_profile": {
      "threshold": 0.12026114090182186,
      "noise": 0.14936891595467108
    },
    "turnover_rate": 0.049839194713866095,
    "social_diffusion": 0.02406135475273409,
    "max_rounds": 300,
    "initial_population": 200,
    "max_population": 800,
    "maslow_variation": 0.5,
    "constraint_threshold_range": [
      0.2,
      0.8
    ],
    "recovery_threshold": 0.15,
    "cooperation_bonus": 0.2,
    "trust_threshold": 0.6,
    "max_relationships_per_person": 150
  },
  "outcomes": {
    "final_cooperation_rate": 0.6595208070617906,
    "behavioral_cooperation_rate": 0.12031456230772705,
    "final_constrained_rate": 0.34047919293820933,
    "final_population": 793,
    "extinction_occurred": false,
    "rounds_completed": 300,
    "first_cascade_round": null,
    "total_cascade_events": 0,
    "total_shock_events": 5,
    "total_defections": 559348,
    "total_redemptions": 4633,
    "net_strategy_change": 554715,
    "total_births": 1008,
    "total_deaths": 412,
    "max_population_reached": 800,
    "population_stability": 0.00306853683751058,
    "population_growth": 4.0,
    "avg_system_stress": 0.09160916383577365,
    "max_system_stress": 0.39435234498782973,
    "avg_maslow_pressure": 0.13983569297049073,
    "avg_basic_needs_crisis_rate": 0.21059268600252207,
    "avg_trust_level": 0.4719259996041869,
    "cooperation_benefit_total": 0,
    "cooperation_resilience": 0.6595208070617906
  },
  "maslow_hierarchy": {
    "initial_needs_avg": {
      "physiological": 5.213594306879367,
      "safety": 5.044567615648364,
      "love": 5.086162719945178,
      "esteem": 5.289158539867782,
      "self_actualization": 4.779155188332663
    },
    "final_needs_avg": {
      "physiological": 5.493628131391148,
      "safety": 5.5115970728126875,
      "love": 5.609867619972053,
      "esteem": 1.091959359236451,
      "self_actualization": 4.912132653865765
    },
    "needs_improvement": {
      "physiological": 0.28003382451178105,
      "safety": 0.4670294571643234,
      "love": 0.5237049000268748,
      "esteem": -4.197199180631332,
      "self_actualization": 0.1329774655331022
    }
  },
  "inter_group_metrics": {
    "final_group_populations": {
      "A": 467,
      "B": 326
    },
    "final_group_cooperation_rates": {
      "A": 0.6937901498929336,
      "B": 0.6104294478527608
    },
    "in_group_interaction_rate": 0.6900196225051566,
    "out_group_interaction_rate": 0.3099803774948435,
    "avg_in_group_trust": 0.4546804088920355,
    "avg_out_group_trust": 0.4891715903163383,
    "trust_asymmetry": -0.0344911814243028,
    "group_segregation_index": 0.6900196225051566,
    "total_mixing_events": 20,
    "mixing_event_success_rate": 1.0,
    "reputational_spillover_events": 0,
    "out_group_constraint_amplifications": 0,
    "group_extinction_events": 0
  },
  "interaction_metrics": {
    "total_interactions": 398522,
    "avg_interaction_processing_time": 0.0
  }
}