{
  "run_id": 324,
  "parameters": {
    "shock_interval_years": 10,
    "homophily_bias": 0.5577414449864028,
    "num_groups": 3,
    "out_group_trust_bias": 0.9088165758375325,
    "out_group_penalty": 1.1131275467142543,
    "intervention_interval": 10,
    "intervention_scale": 0.08730323989233334,
    "event_bonus": 1.9390569870160688,
    "base_trust_delta": 0.12624355358524197,
    "group_trust_bias": 1.2459626309763465,
    "resilience_profile": {
      "threshold": 0.30806833686184215,
      "noise": 0.09159321833081263
    },
    "turnover_rate": 0.021159210679669724,
    "social_diffusion": 0.06911934388077257,
    "max_rounds": 300,
    "initial_population": 200,
    "max_population": 800,
    "maslow_variation": 0.5,
    "constraint_threshold_range": [
      0.2,
      0.8
    ],
    "recovery_threshold": 0.15,
    "cooperation_bonus": 0.2,
    "trust_threshold": 0.6,
    "max_relationships_per_person": 150
  },
  "outcomes": {
    "final_cooperation_rate": 0.99,
    "behavioral_cooperation_rate": 0.4818361458818579,
    "final_constrained_rate": 0.01,
    "final_population": 600,
    "extinction_occurred": false,
    "rounds_completed": 300,
    "first_cascade_round": null,
    "total_cascade_events": 0,
    "total_shock_events": 5,
    "total_defections": 191703,
    "total_redemptions": 1358,
    "net_strategy_change": 190345,
    "total_births": 670,
    "total_deaths": 269,
    "max_population_reached": 694,
    "population_stability": 0.005429860451021991,
    "population_growth": 3.47,
    "avg_system_stress": 0.4716068343120562,
    "max_system_stress": 1.2204770286287352,
    "avg_maslow_pressure": 0.054354877065144316,
    "avg_basic_needs_crisis_rate": 0.21833333333333332,
    "avg_trust_level": 0.5724059964258298,
    "cooperation_benefit_total": 0,
    "cooperation_resilience": 0.99
  },
  "maslow_hierarchy": {
    "initial_needs_avg": {
      "physiological": 5.1830392490143256,
      "safety": 4.94208184910528,
      "love": 5.082456854712836,
      "esteem": 5.131451468467065,
      "self_actualization": 5.412026416089856
    },
    "final_needs_avg": {
      "physiological": 5.969905168166445,
      "safety": 5.395825308468166,
      "love": 9.93684197044832,
      "esteem": 2.9248263530824334,
      "self_actualization": 5.852834795787566
    },
    "needs_improvement": {
      "physiological": 0.7868659191521195,
      "safety": 0.45374345936288574,
      "love": 4.854385115735484,
      "esteem": -2.206625115384632,
      "self_actualization": 0.44080837969771025
    }
  },
  "inter_group_metrics": {
    "final_group_populations": {
      "C": 193,
      "B": 181,
      "A": 226
    },
    "final_group_cooperation_rates": {
      "C": 0.9948186528497409,
      "B": 0.9779005524861878,
      "A": 0.995575221238938
    },
    "in_group_interaction_rate": 0.7021165492058244,
    "out_group_interaction_rate": 0.29788345079417555,
    "avg_in_group_trust": 0.6794088760696664,
    "avg_out_group_trust": 0.46540311678199314,
    "trust_asymmetry": 0.21400575928767324,
    "group_segregation_index": 0.7021165492058244,
    "total_mixing_events": 30,
    "mixing_event_success_rate": 1.0,
    "reputational_spillover_events": 0,
    "out_group_constraint_amplifications": 0,
    "group_extinction_events": 0
  },
  "interaction_metrics": {
    "total_interactions": 266188,
    "avg_interaction_processing_time": 0.0
  }
}