{
  "run_id": 312,
  "parameters": {
    "shock_interval_years": 10,
    "homophily_bias": 0.0,
    "num_groups": 1,
    "out_group_trust_bias": 0.9179570173981855,
    "out_group_penalty": 1.254415633497294,
    "intervention_interval": 0,
    "intervention_scale": 0.23693834399544278,
    "event_bonus": 2.438571099117336,
    "base_trust_delta": 0.1886059414034319,
    "group_trust_bias": 1.6847922783947558,
    "resilience_profile": {
      "threshold": 0.39636015440156114,
      "noise": 0.01131292888553737
    },
    "turnover_rate": 0.04021831359207521,
    "social_diffusion": 0.02148868647728146,
    "max_rounds": 300,
    "initial_population": 200,
    "max_population": 800,
    "maslow_variation": 0.5,
    "constraint_threshold_range": [
      0.2,
      0.8
    ],
    "recovery_threshold": 0.15,
    "cooperation_bonus": 0.2,
    "trust_threshold": 0.6,
    "max_relationships_per_person": 150
  },
  "outcomes": {
    "final_cooperation_rate": 0.8428390367553865,
    "behavioral_cooperation_rate": 0.4446453928463611,
    "final_constrained_rate": 0.15716096324461343,
    "final_population": 789,
    "extinction_occurred": false,
    "rounds_completed": 300,
    "first_cascade_round": null,
    "total_cascade_events": 0,
    "total_shock_events": 8,
    "total_defections": 257860,
    "total_redemptions": 3104,
    "net_strategy_change": 254756,
    "total_births": 890,
    "total_deaths": 300,
    "max_population_reached": 800,
    "population_stability": 0.002873047482703283,
    "population_growth": 4.0,
    "avg_system_stress": 0.8752922521342483,
    "max_system_stress": 1.6062793685052177,
    "avg_maslow_pressure": 0.07594683207863753,
    "avg_basic_needs_crisis_rate": 0.21419518377693283,
    "avg_trust_level": 0.8359867292167862,
    "cooperation_benefit_total": 0,
    "cooperation_resilience": 0.8428390367553865
  },
  "maslow_hierarchy": {
    "initial_needs_avg": {
      "physiological": 5.0330581786667254,
      "safety": 5.161203307484528,
      "love": 5.013745209707637,
      "esteem": 5.179274650979836,
      "self_actualization": 5.08543542538269
    },
    "final_needs_avg": {
      "physiological": 5.763079801129959,
      "safety": 5.510825548707349,
      "love": 9.235905548059721,
      "esteem": 0.9026304823533989,
      "self_actualization": 5.786596355934769
    },
    "needs_improvement": {
      "physiological": 0.7300216224632337,
      "safety": 0.3496222412228214,
      "love": 4.222160338352084,
      "esteem": -4.2766441686264365,
      "self_actualization": 0.7011609305520787
    }
  },
  "inter_group_metrics": {
    "final_group_populations": {
      "A": 789
    },
    "final_group_cooperation_rates": {
      "A": 0.8428390367553865
    },
    "in_group_interaction_rate": 1.0,
    "out_group_interaction_rate": 0.0,
    "avg_in_group_trust": 0.8359867292167862,
    "avg_out_group_trust": 0.8359867292167862,
    "trust_asymmetry": 0.0,
    "group_segregation_index": 1.0,
    "total_mixing_events": 0,
    "mixing_event_success_rate": 0,
    "reputational_spillover_events": 0,
    "out_group_constraint_amplifications": 0,
    "group_extinction_events": 0
  },
  "interaction_metrics": {
    "total_interactions": 357748,
    "avg_interaction_processing_time": 0.0
  }
}