{
  "run_id": 128,
  "parameters": {
    "shock_interval_years": 20,
    "homophily_bias": 0.5386111451076674,
    "num_groups": 3,
    "out_group_trust_bias": 0.8792287537363318,
    "out_group_penalty": 1.1407845187891024,
    "intervention_interval": 10,
    "intervention_scale": 0.21544701812847689,
    "event_bonus": 1.9176151824208363,
    "base_trust_delta": 0.1223591875329652,
    "group_trust_bias": 1.6704907578567285,
    "resilience_profile": {
      "threshold": 0.3049420648323118,
      "noise": 0.14757184199870368
    },
    "turnover_rate": 0.002062634511024536,
    "social_diffusion": 0.07197746597345167,
    "max_rounds": 300,
    "initial_population": 200,
    "max_population": 800,
    "maslow_variation": 0.5,
    "constraint_threshold_range": [
      0.2,
      0.8
    ],
    "recovery_threshold": 0.15,
    "cooperation_bonus": 0.2,
    "trust_threshold": 0.6,
    "max_relationships_per_person": 150
  },
  "outcomes": {
    "final_cooperation_rate": 0.9848484848484849,
    "behavioral_cooperation_rate": 0.5891891370473502,
    "final_constrained_rate": 0.015151515151515152,
    "final_population": 792,
    "extinction_occurred": false,
    "rounds_completed": 300,
    "first_cascade_round": null,
    "total_cascade_events": 0,
    "total_shock_events": 4,
    "total_defections": 163307,
    "total_redemptions": 484,
    "net_strategy_change": 162823,
    "total_births": 871,
    "total_deaths": 279,
    "max_population_reached": 800,
    "population_stability": 0.0158005042864824,
    "population_growth": 4.0,
    "avg_system_stress": 0.11316289478193847,
    "max_system_stress": 0.5607240108263116,
    "avg_maslow_pressure": 0.02973329127436561,
    "avg_basic_needs_crisis_rate": 0.2335858585858586,
    "avg_trust_level": 0.6641779190881172,
    "cooperation_benefit_total": 0,
    "cooperation_resilience": 0.9848484848484849
  },
  "maslow_hierarchy": {
    "initial_needs_avg": {
      "physiological": 5.054709272005574,
      "safety": 4.837136040583915,
      "love": 5.201869127880018,
      "esteem": 4.981703541336042,
      "self_actualization": 4.7716426463628645
    },
    "final_needs_avg": {
      "physiological": 5.630882980091519,
      "safety": 5.710074021857199,
      "love": 9.919125989094326,
      "esteem": 6.813906937856492,
      "self_actualization": 5.533982990770949
    },
    "needs_improvement": {
      "physiological": 0.5761737080859444,
      "safety": 0.8729379812732843,
      "love": 4.717256861214308,
      "esteem": 1.83220339652045,
      "self_actualization": 0.7623403444080843
    }
  },
  "inter_group_metrics": {
    "final_group_populations": {
      "A": 271,
      "B": 272,
      "C": 249
    },
    "final_group_cooperation_rates": {
      "A": 0.985239852398524,
      "B": 0.9852941176470589,
      "C": 0.9839357429718876
    },
    "in_group_interaction_rate": 0.6886322274454827,
    "out_group_interaction_rate": 0.3113677725545173,
    "avg_in_group_trust": 0.7793020359377459,
    "avg_out_group_trust": 0.5490538022384883,
    "trust_asymmetry": 0.23024823369925762,
    "group_segregation_index": 0.6886322274454827,
    "total_mixing_events": 30,
    "mixing_event_success_rate": 1.0,
    "reputational_spillover_events": 0,
    "out_group_constraint_amplifications": 0,
    "group_extinction_events": 0
  },
  "interaction_metrics": {
    "total_interactions": 311002,
    "avg_interaction_processing_time": 0.0
  }
}