{
  "run_id": 190,
  "parameters": {
    "shock_interval_years": 2,
    "homophily_bias": 0.1694811816534051,
    "num_groups": 2,
    "out_group_trust_bias": 0.9716904796320467,
    "out_group_penalty": 1.8884049755720311,
    "intervention_interval": 25,
    "intervention_scale": 0.1811861354177675,
    "event_bonus": 1.9218509088829696,
    "base_trust_delta": 0.05286666631117433,
    "group_trust_bias": 1.893750642363274,
    "resilience_profile": {
      "threshold": 0.17710959642132038,
      "noise": 0.034320756190485115
    },
    "turnover_rate": 0.007402867466052336,
    "social_diffusion": 0.07531097756390832,
    "max_rounds": 300,
    "initial_population": 200,
    "max_population": 800,
    "maslow_variation": 0.5,
    "constraint_threshold_range": [
      0.2,
      0.8
    ],
    "recovery_threshold": 0.15,
    "cooperation_bonus": 0.2,
    "trust_threshold": 0.6,
    "max_relationships_per_person": 150
  },
  "outcomes": {
    "final_cooperation_rate": 0.5397435897435897,
    "behavioral_cooperation_rate": 0.04673075653707248,
    "final_constrained_rate": 0.46025641025641023,
    "final_population": 780,
    "extinction_occurred": false,
    "rounds_completed": 300,
    "first_cascade_round": null,
    "total_cascade_events": 0,
    "total_shock_events": 33,
    "total_defections": 700062,
    "total_redemptions": 5235,
    "net_strategy_change": 694827,
    "total_births": 1140,
    "total_deaths": 550,
    "max_population_reached": 800,
    "population_stability": 0.004309676161189585,
    "population_growth": 4.0,
    "avg_system_stress": 8.080460050434793,
    "max_system_stress": 15.91132479362771,
    "avg_maslow_pressure": 0.1503140372568332,
    "avg_basic_needs_crisis_rate": 0.16025641025641027,
    "avg_trust_level": 0.4065521409950039,
    "cooperation_benefit_total": 0,
    "cooperation_resilience": 0.5397435897435897
  },
  "maslow_hierarchy": {
    "initial_needs_avg": {
      "physiological": 5.114186993424923,
      "safety": 5.410415151332566,
      "love": 4.839408953320654,
      "esteem": 5.140362197888687,
      "self_actualization": 4.809195802354128
    },
    "final_needs_avg": {
      "physiological": 5.825607573069217,
      "safety": 5.992612390011563,
      "love": 2.0542130605758993,
      "esteem": 0.758343602764989,
      "self_actualization": 5.45539335819385
    },
    "needs_improvement": {
      "physiological": 0.7114205796442938,
      "safety": 0.5821972386789973,
      "love": -2.785195892744755,
      "esteem": -4.382018595123698,
      "self_actualization": 0.6461975558397217
    }
  },
  "inter_group_metrics": {
    "final_group_populations": {
      "A": 434,
      "B": 346
    },
    "final_group_cooperation_rates": {
      "A": 0.5552995391705069,
      "B": 0.5202312138728323
    },
    "in_group_interaction_rate": 0.5863798809984064,
    "out_group_interaction_rate": 0.4136201190015936,
    "avg_in_group_trust": 0.34887472784457557,
    "avg_out_group_trust": 0.46422955414543227,
    "trust_asymmetry": -0.1153548263008567,
    "group_segregation_index": 0.5863798809984064,
    "total_mixing_events": 12,
    "mixing_event_success_rate": 1.0,
    "reputational_spillover_events": 0,
    "out_group_constraint_amplifications": 0,
    "group_extinction_events": 0
  },
  "interaction_metrics": {
    "total_interactions": 424196,
    "avg_interaction_processing_time": 0.0
  }
}