{
  "run_id": 75,
  "parameters": {
    "shock_interval_years": 2,
    "homophily_bias": 0.0,
    "num_groups": 1,
    "out_group_trust_bias": 0.945747434771084,
    "out_group_penalty": 1.9838180325756256,
    "intervention_interval": 0,
    "intervention_scale": 0.07776590374247282,
    "event_bonus": 1.5018248862948296,
    "base_trust_delta": 0.1403852612240481,
    "group_trust_bias": 1.880699023364596,
    "resilience_profile": {
      "threshold": 0.2198580934539423,
      "noise": 0.0009871808460279075
    },
    "turnover_rate": 0.004989716717266137,
    "social_diffusion": 0.04691736501279026,
    "max_rounds": 300,
    "initial_population": 200,
    "max_population": 800,
    "maslow_variation": 0.5,
    "constraint_threshold_range": [
      0.2,
      0.8
    ],
    "recovery_threshold": 0.15,
    "cooperation_bonus": 0.2,
    "trust_threshold": 0.6,
    "max_relationships_per_person": 150
  },
  "outcomes": {
    "final_cooperation_rate": 0.6044098573281452,
    "behavioral_cooperation_rate": 0.309278910221608,
    "final_constrained_rate": 0.3955901426718547,
    "final_population": 771,
    "extinction_occurred": false,
    "rounds_completed": 300,
    "first_cascade_round": null,
    "total_cascade_events": 0,
    "total_shock_events": 36,
    "total_defections": 382121,
    "total_redemptions": 7240,
    "net_strategy_change": 374881,
    "total_births": 1015,
    "total_deaths": 435,
    "max_population_reached": 800,
    "population_stability": 0.00909664331242104,
    "population_growth": 4.0,
    "avg_system_stress": 8.597570638080413,
    "max_system_stress": 15.698817870215356,
    "avg_maslow_pressure": 0.12048239407320813,
    "avg_basic_needs_crisis_rate": 0.2529182879377432,
    "avg_trust_level": 0.6565459917735333,
    "cooperation_benefit_total": 0,
    "cooperation_resilience": 0.6044098573281452
  },
  "maslow_hierarchy": {
    "initial_needs_avg": {
      "physiological": 5.040452616941309,
      "safety": 5.1018112810696525,
      "love": 5.148441227072933,
      "esteem": 4.997879715707976,
      "self_actualization": 4.6220542179322255
    },
    "final_needs_avg": {
      "physiological": 5.49136116150328,
      "safety": 5.684339580937411,
      "love": 6.677129679979921,
      "esteem": 0.650774472369923,
      "self_actualization": 5.2255106823079505
    },
    "needs_improvement": {
      "physiological": 0.4509085445619707,
      "safety": 0.5825282998677581,
      "love": 1.5286884529069882,
      "esteem": -4.347105243338053,
      "self_actualization": 0.603456464375725
    }
  },
  "inter_group_metrics": {
    "final_group_populations": {
      "A": 771
    },
    "final_group_cooperation_rates": {
      "A": 0.6044098573281452
    },
    "in_group_interaction_rate": 1.0,
    "out_group_interaction_rate": 0.0,
    "avg_in_group_trust": 0.6565459917735333,
    "avg_out_group_trust": 0.6565459917735333,
    "trust_asymmetry": 0.0,
    "group_segregation_index": 1.0,
    "total_mixing_events": 0,
    "mixing_event_success_rate": 0,
    "reputational_spillover_events": 0,
    "out_group_constraint_amplifications": 0,
    "group_extinction_events": 0
  },
  "interaction_metrics": {
    "total_interactions": 405220,
    "avg_interaction_processing_time": 0.0
  }
}