{
  "run_id": 171,
  "parameters": {
    "shock_interval_years": 10,
    "homophily_bias": 0.7779011844905067,
    "num_groups": 3,
    "out_group_trust_bias": 0.9093981049962068,
    "out_group_penalty": 1.851209908300234,
    "intervention_interval": 25,
    "intervention_scale": 0.12602983534907036,
    "event_bonus": 2.1366591346884825,
    "base_trust_delta": 0.1938684797351108,
    "group_trust_bias": 1.9566926185005589,
    "resilience_profile": {
      "threshold": 0.3605178499910474,
      "noise": 0.146568485342111
    },
    "turnover_rate": 0.0012912787513102804,
    "social_diffusion": 0.039801579720957964,
    "max_rounds": 300,
    "initial_population": 200,
    "max_population": 800,
    "maslow_variation": 0.5,
    "constraint_threshold_range": [
      0.2,
      0.8
    ],
    "recovery_threshold": 0.15,
    "cooperation_bonus": 0.2,
    "trust_threshold": 0.6,
    "max_relationships_per_person": 150
  },
  "outcomes": {
    "final_cooperation_rate": 0.9454545454545454,
    "behavioral_cooperation_rate": 0.5881506090808416,
    "final_constrained_rate": 0.05454545454545454,
    "final_population": 385,
    "extinction_occurred": false,
    "rounds_completed": 300,
    "first_cascade_round": null,
    "total_cascade_events": 0,
    "total_shock_events": 3,
    "total_defections": 115615,
    "total_redemptions": 1139,
    "net_strategy_change": 114476,
    "total_births": 424,
    "total_deaths": 239,
    "max_population_reached": 528,
    "population_stability": 0.0087484873231835,
    "population_growth": 2.64,
    "avg_system_stress": 0.39974069130298084,
    "max_system_stress": 1.4201901635148173,
    "avg_maslow_pressure": 0.049962589892273084,
    "avg_basic_needs_crisis_rate": 0.2701298701298701,
    "avg_trust_level": 0.6181046181017923,
    "cooperation_benefit_total": 0,
    "cooperation_resilience": 0.9454545454545454
  },
  "maslow_hierarchy": {
    "initial_needs_avg": {
      "physiological": 5.034916448107699,
      "safety": 4.929494813489649,
      "love": 4.7542573389678076,
      "esteem": 5.03566226788543,
      "self_actualization": 4.981873648410367
    },
    "final_needs_avg": {
      "physiological": 5.842502504073062,
      "safety": 5.2570295145749695,
      "love": 9.408053738351086,
      "esteem": 4.766266483439676,
      "self_actualization": 5.589767125375759
    },
    "needs_improvement": {
      "physiological": 0.8075860559653627,
      "safety": 0.32753470108532046,
      "love": 4.653796399383278,
      "esteem": -0.26939578444575396,
      "self_actualization": 0.6078934769653914
    }
  },
  "inter_group_metrics": {
    "final_group_populations": {
      "B": 130,
      "C": 133,
      "A": 122
    },
    "final_group_cooperation_rates": {
      "B": 0.9538461538461539,
      "C": 0.9473684210526315,
      "A": 0.9344262295081968
    },
    "in_group_interaction_rate": 0.8485386874668978,
    "out_group_interaction_rate": 0.15146131253310222,
    "avg_in_group_trust": 0.795555243016465,
    "avg_out_group_trust": 0.4406539931871196,
    "trust_asymmetry": 0.35490124982934534,
    "group_segregation_index": 0.8485386874668978,
    "total_mixing_events": 12,
    "mixing_event_success_rate": 1.0,
    "reputational_spillover_events": 0,
    "out_group_constraint_amplifications": 0,
    "group_extinction_events": 0
  },
  "interaction_metrics": {
    "total_interactions": 207690,
    "avg_interaction_processing_time": 0.0
  }
}