{
  "run_id": 139,
  "parameters": {
    "shock_interval_years": 10,
    "homophily_bias": 0.0,
    "num_groups": 1,
    "out_group_trust_bias": 0.9359659971406308,
    "out_group_penalty": 1.175193109697253,
    "intervention_interval": 0,
    "intervention_scale": 0.09147871238818144,
    "event_bonus": 1.8676172490848235,
    "base_trust_delta": 0.12342092562929628,
    "group_trust_bias": 1.6318924644979578,
    "resilience_profile": {
      "threshold": 0.19753490042371175,
      "noise": 0.13109660346996782
    },
    "turnover_rate": 0.0014109865615621752,
    "social_diffusion": 0.05027983755570014,
    "max_rounds": 300,
    "initial_population": 200,
    "max_population": 800,
    "maslow_variation": 0.5,
    "constraint_threshold_range": [
      0.2,
      0.8
    ],
    "recovery_threshold": 0.15,
    "cooperation_bonus": 0.2,
    "trust_threshold": 0.6,
    "max_relationships_per_person": 150
  },
  "outcomes": {
    "final_cooperation_rate": 0.9642857142857143,
    "behavioral_cooperation_rate": 0.6154720588707864,
    "final_constrained_rate": 0.03571428571428571,
    "final_population": 532,
    "extinction_occurred": false,
    "rounds_completed": 300,
    "first_cascade_round": null,
    "total_cascade_events": 0,
    "total_shock_events": 12,
    "total_defections": 117291,
    "total_redemptions": 1586,
    "net_strategy_change": 115705,
    "total_births": 589,
    "total_deaths": 257,
    "max_population_reached": 662,
    "population_stability": 0.004103579289256036,
    "population_growth": 3.31,
    "avg_system_stress": 1.7575638252868975,
    "max_system_stress": 3.163854799925324,
    "avg_maslow_pressure": 0.03268559136631671,
    "avg_basic_needs_crisis_rate": 0.13909774436090225,
    "avg_trust_level": 0.6961829998390028,
    "cooperation_benefit_total": 0,
    "cooperation_resilience": 0.9642857142857143
  },
  "maslow_hierarchy": {
    "initial_needs_avg": {
      "physiological": 5.50967764378359,
      "safety": 5.428290235655312,
      "love": 4.852791098818016,
      "esteem": 4.908420790994767,
      "self_actualization": 5.243835288074063
    },
    "final_needs_avg": {
      "physiological": 6.2833775219614845,
      "safety": 6.349806419540996,
      "love": 9.646733560628464,
      "esteem": 3.9625136730937887,
      "self_actualization": 6.055439386073625
    },
    "needs_improvement": {
      "physiological": 0.7736998781778945,
      "safety": 0.921516183885684,
      "love": 4.793942461810448,
      "esteem": -0.9459071179009784,
      "self_actualization": 0.8116040979995622
    }
  },
  "inter_group_metrics": {
    "final_group_populations": {
      "A": 532
    },
    "final_group_cooperation_rates": {
      "A": 0.9642857142857143
    },
    "in_group_interaction_rate": 1.0,
    "out_group_interaction_rate": 0.0,
    "avg_in_group_trust": 0.6961829998390028,
    "avg_out_group_trust": 0.6961829998390028,
    "trust_asymmetry": 0.0,
    "group_segregation_index": 1.0,
    "total_mixing_events": 0,
    "mixing_event_success_rate": 0,
    "reputational_spillover_events": 0,
    "out_group_constraint_amplifications": 0,
    "group_extinction_events": 0
  },
  "interaction_metrics": {
    "total_interactions": 248952,
    "avg_interaction_processing_time": 0.0
  }
}