{
  "run_id": 79,
  "parameters": {
    "shock_interval_years": 10,
    "homophily_bias": 0.4582703442256601,
    "num_groups": 2,
    "out_group_trust_bias": 0.8502039372417746,
    "out_group_penalty": 1.8267827139902337,
    "intervention_interval": 20,
    "intervention_scale": 0.25923726754027765,
    "event_bonus": 2.0919742421273293,
    "base_trust_delta": 0.1786948263153053,
    "group_trust_bias": 1.9131519582259544,
    "resilience_profile": {
      "threshold": 0.25579581632665915,
      "noise": 0.13571373157710906
    },
    "turnover_rate": 0.004570343941873586,
    "social_diffusion": 0.04518480074283651,
    "max_rounds": 300,
    "initial_population": 200,
    "max_population": 800,
    "maslow_variation": 0.5,
    "constraint_threshold_range": [
      0.2,
      0.8
    ],
    "recovery_threshold": 0.15,
    "cooperation_bonus": 0.2,
    "trust_threshold": 0.6,
    "max_relationships_per_person": 150
  },
  "outcomes": {
    "final_cooperation_rate": 0.9173027989821882,
    "behavioral_cooperation_rate": 0.40230381784043157,
    "final_constrained_rate": 0.08269720101781171,
    "final_population": 786,
    "extinction_occurred": false,
    "rounds_completed": 300,
    "first_cascade_round": null,
    "total_cascade_events": 0,
    "total_shock_events": 7,
    "total_defections": 332111,
    "total_redemptions": 3780,
    "net_strategy_change": 328331,
    "total_births": 1001,
    "total_deaths": 410,
    "max_population_reached": 800,
    "population_stability": 0.0029315269887410064,
    "population_growth": 4.0,
    "avg_system_stress": 0.999416101404626,
    "max_system_stress": 1.5904943048584252,
    "avg_maslow_pressure": 0.05878389147445619,
    "avg_basic_needs_crisis_rate": 0.19974554707379136,
    "avg_trust_level": 0.7359093730555479,
    "cooperation_benefit_total": 0,
    "cooperation_resilience": 0.9173027989821882
  },
  "maslow_hierarchy": {
    "initial_needs_avg": {
      "physiological": 5.174711048052634,
      "safety": 5.27708007796703,
      "love": 4.849679579266547,
      "esteem": 4.904663757872715,
      "self_actualization": 4.585047457130521
    },
    "final_needs_avg": {
      "physiological": 5.646016798149233,
      "safety": 5.843979233177343,
      "love": 9.055762920041266,
      "esteem": 4.735105196095602,
      "self_actualization": 5.231009088409862
    },
    "needs_improvement": {
      "physiological": 0.47130575009659914,
      "safety": 0.5668991552103133,
      "love": 4.206083340774719,
      "esteem": -0.16955856177711315,
      "self_actualization": 0.6459616312793406
    }
  },
  "inter_group_metrics": {
    "final_group_populations": {
      "B": 380,
      "A": 406
    },
    "final_group_cooperation_rates": {
      "B": 0.9026315789473685,
      "A": 0.9310344827586207
    },
    "in_group_interaction_rate": 0.7286730446358497,
    "out_group_interaction_rate": 0.27132695536415025,
    "avg_in_group_trust": 0.8175524712148018,
    "avg_out_group_trust": 0.6542662748962942,
    "trust_asymmetry": 0.1632861963185076,
    "group_segregation_index": 0.7286730446358497,
    "total_mixing_events": 15,
    "mixing_event_success_rate": 1.0,
    "reputational_spillover_events": 0,
    "out_group_constraint_amplifications": 0,
    "group_extinction_events": 0
  },
  "interaction_metrics": {
    "total_interactions": 402636,
    "avg_interaction_processing_time": 0.0
  }
}