{
  "run_id": 138,
  "parameters": {
    "shock_interval_years": 10,
    "homophily_bias": 0.0,
    "num_groups": 1,
    "out_group_trust_bias": 0.8893140515419259,
    "out_group_penalty": 1.9149308242971164,
    "intervention_interval": 0,
    "intervention_scale": 0.12254047374640308,
    "event_bonus": 2.3945938861230607,
    "base_trust_delta": 0.09519824352485558,
    "group_trust_bias": 1.7324782468818722,
    "resilience_profile": {
      "threshold": 0.25644011632152874,
      "noise": 0.1287561249937848
    },
    "turnover_rate": 0.0010809516125107243,
    "social_diffusion": 0.021483273503644453,
    "max_rounds": 300,
    "initial_population": 200,
    "max_population": 800,
    "maslow_variation": 0.5,
    "constraint_threshold_range": [
      0.2,
      0.8
    ],
    "recovery_threshold": 0.15,
    "cooperation_bonus": 0.2,
    "trust_threshold": 0.6,
    "max_relationships_per_person": 150
  },
  "outcomes": {
    "final_cooperation_rate": 1.0,
    "behavioral_cooperation_rate": 0.7871589587182419,
    "final_constrained_rate": 0.0,
    "final_population": 337,
    "extinction_occurred": false,
    "rounds_completed": 300,
    "first_cascade_round": null,
    "total_cascade_events": 0,
    "total_shock_events": 2,
    "total_defections": 46946,
    "total_redemptions": 0,
    "net_strategy_change": 46946,
    "total_births": 387,
    "total_deaths": 249,
    "max_population_reached": 518,
    "population_stability": 0.01320210645399793,
    "population_growth": 2.59,
    "avg_system_stress": 0.049304742155827516,
    "max_system_stress": 0.4624787963177692,
    "avg_maslow_pressure": 0.03265870625196839,
    "avg_basic_needs_crisis_rate": 0.20771513353115728,
    "avg_trust_level": 0.7301744366857307,
    "cooperation_benefit_total": 0,
    "cooperation_resilience": 1.0
  },
  "maslow_hierarchy": {
    "initial_needs_avg": {
      "physiological": 5.12535493095452,
      "safety": 5.160260460568229,
      "love": 5.007609587069231,
      "esteem": 4.899091929513096,
      "self_actualization": 4.824906118416175
    },
    "final_needs_avg": {
      "physiological": 5.711803616325837,
      "safety": 5.677448166047272,
      "love": 9.986924561752115,
      "esteem": 5.615308286944158,
      "self_actualization": 5.457306054664796
    },
    "needs_improvement": {
      "physiological": 0.5864486853713169,
      "safety": 0.517187705479043,
      "love": 4.979314974682884,
      "esteem": 0.7162163574310618,
      "self_actualization": 0.6323999362486212
    }
  },
  "inter_group_metrics": {
    "final_group_populations": {
      "A": 337
    },
    "final_group_cooperation_rates": {
      "A": 1.0
    },
    "in_group_interaction_rate": 1.0,
    "out_group_interaction_rate": 0.0,
    "avg_in_group_trust": 0.7301744366857307,
    "avg_out_group_trust": 0.7301744366857307,
    "trust_asymmetry": 0.0,
    "group_segregation_index": 1.0,
    "total_mixing_events": 0,
    "mixing_event_success_rate": 0,
    "reputational_spillover_events": 0,
    "out_group_constraint_amplifications": 0,
    "group_extinction_events": 0
  },
  "interaction_metrics": {
    "total_interactions": 204594,
    "avg_interaction_processing_time": 0.0
  }
}