{
  "run_id": 105,
  "parameters": {
    "shock_interval_years": 3,
    "homophily_bias": 0.23296015110728688,
    "num_groups": 3,
    "out_group_trust_bias": 0.9287262697972781,
    "out_group_penalty": 2.2196519530926797,
    "intervention_interval": 15,
    "intervention_scale": 0.08894767687942585,
    "event_bonus": 2.4825015417845435,
    "base_trust_delta": 0.13939096946492335,
    "group_trust_bias": 1.876483498224695,
    "resilience_profile": {
      "threshold": 0.17031586767785012,
      "noise": 0.07089352585110203
    },
    "turnover_rate": 0.0018880295581587346,
    "social_diffusion": 0.06699050793008036,
    "max_rounds": 300,
    "initial_population": 200,
    "max_population": 800,
    "maslow_variation": 0.5,
    "constraint_threshold_range": [
      0.2,
      0.8
    ],
    "recovery_threshold": 0.15,
    "cooperation_bonus": 0.2,
    "trust_threshold": 0.6,
    "max_relationships_per_person": 150
  },
  "outcomes": {
    "final_cooperation_rate": 0.1497005988023952,
    "behavioral_cooperation_rate": 0.011763161221929372,
    "final_constrained_rate": 0.8502994011976048,
    "final_population": 334,
    "extinction_occurred": false,
    "rounds_completed": 300,
    "first_cascade_round": null,
    "total_cascade_events": 0,
    "total_shock_events": 24,
    "total_defections": 388093,
    "total_redemptions": 3168,
    "net_strategy_change": 384925,
    "total_births": 388,
    "total_deaths": 254,
    "max_population_reached": 514,
    "population_stability": 0.007937138412918997,
    "population_growth": 2.57,
    "avg_system_stress": 5.614723582251425,
    "max_system_stress": 9.231122549543521,
    "avg_maslow_pressure": 0.22780096443832912,
    "avg_basic_needs_crisis_rate": 0.3083832335329341,
    "avg_trust_level": 0.10258996070622468,
    "cooperation_benefit_total": 0,
    "cooperation_resilience": 0.1497005988023952
  },
  "maslow_hierarchy": {
    "initial_needs_avg": {
      "physiological": 5.044144274127559,
      "safety": 4.7064972806029495,
      "love": 4.938822412621945,
      "esteem": 5.044136796189236,
      "self_actualization": 4.764330127915241
    },
    "final_needs_avg": {
      "physiological": 5.127768547319246,
      "safety": 4.968575245042862,
      "love": 0.7551113512624893,
      "esteem": 0.4165451757875466,
      "self_actualization": 5.058089615513376
    },
    "needs_improvement": {
      "physiological": 0.08362427319168653,
      "safety": 0.2620779644399125,
      "love": -4.183711061359455,
      "esteem": -4.62759162040169,
      "self_actualization": 0.29375948759813486
    }
  },
  "inter_group_metrics": {
    "final_group_populations": {
      "C": 120,
      "A": 107,
      "B": 107
    },
    "final_group_cooperation_rates": {
      "C": 0.10833333333333334,
      "A": 0.1308411214953271,
      "B": 0.21495327102803738
    },
    "in_group_interaction_rate": 0.48502737767576665,
    "out_group_interaction_rate": 0.5149726223242334,
    "avg_in_group_trust": 0.030450433683618727,
    "avg_out_group_trust": 0.17472948772883065,
    "trust_asymmetry": -0.14427905404521194,
    "group_segregation_index": 0.48502737767576665,
    "total_mixing_events": 20,
    "mixing_event_success_rate": 1.0,
    "reputational_spillover_events": 0,
    "out_group_constraint_amplifications": 0,
    "group_extinction_events": 0
  },
  "interaction_metrics": {
    "total_interactions": 205642,
    "avg_interaction_processing_time": 0.0
  }
}