{
  "run_id": 87,
  "parameters": {
    "shock_interval_years": 20,
    "homophily_bias": 0.0,
    "num_groups": 1,
    "out_group_trust_bias": 0.9379473023682546,
    "out_group_penalty": 1.1224741340422957,
    "intervention_interval": 0,
    "intervention_scale": 0.24604605320959522,
    "event_bonus": 1.5325833531670559,
    "base_trust_delta": 0.1309382554802069,
    "group_trust_bias": 1.7722614229649256,
    "resilience_profile": {
      "threshold": 0.15477633916342515,
      "noise": 0.036591402891636725
    },
    "turnover_rate": 0.004667776970359286,
    "social_diffusion": 0.08594397323764179,
    "max_rounds": 300,
    "initial_population": 200,
    "max_population": 800,
    "maslow_variation": 0.5,
    "constraint_threshold_range": [
      0.2,
      0.8
    ],
    "recovery_threshold": 0.15,
    "cooperation_bonus": 0.2,
    "trust_threshold": 0.6,
    "max_relationships_per_person": 150
  },
  "outcomes": {
    "final_cooperation_rate": 1.0,
    "behavioral_cooperation_rate": 0.7320119253036947,
    "final_constrained_rate": 0.0,
    "final_population": 784,
    "extinction_occurred": false,
    "rounds_completed": 300,
    "first_cascade_round": null,
    "total_cascade_events": 0,
    "total_shock_events": 4,
    "total_defections": 118186,
    "total_redemptions": 864,
    "net_strategy_change": 117322,
    "total_births": 1006,
    "total_deaths": 414,
    "max_population_reached": 800,
    "population_stability": 0.004620003005538637,
    "population_growth": 4.0,
    "avg_system_stress": 0.30874863999782254,
    "max_system_stress": 0.9623579123926223,
    "avg_maslow_pressure": 0.027914665872389298,
    "avg_basic_needs_crisis_rate": 0.1989795918367347,
    "avg_trust_level": 0.8110170898635632,
    "cooperation_benefit_total": 0,
    "cooperation_resilience": 1.0
  },
  "maslow_hierarchy": {
    "initial_needs_avg": {
      "physiological": 4.824249646766617,
      "safety": 4.837173468865061,
      "love": 4.835778383652475,
      "esteem": 5.104491322151644,
      "self_actualization": 5.3629255564264495
    },
    "final_needs_avg": {
      "physiological": 5.782394020908403,
      "safety": 5.624476298732899,
      "love": 9.974048928035314,
      "esteem": 5.207888069102961,
      "self_actualization": 6.190606813839913
    },
    "needs_improvement": {
      "physiological": 0.9581443741417859,
      "safety": 0.787302829867838,
      "love": 5.13827054438284,
      "esteem": 0.10339674695131684,
      "self_actualization": 0.8276812574134631
    }
  },
  "inter_group_metrics": {
    "final_group_populations": {
      "A": 784
    },
    "final_group_cooperation_rates": {
      "A": 1.0
    },
    "in_group_interaction_rate": 1.0,
    "out_group_interaction_rate": 0.0,
    "avg_in_group_trust": 0.8110170898635632,
    "avg_out_group_trust": 0.8110170898635632,
    "trust_asymmetry": 0.0,
    "group_segregation_index": 1.0,
    "total_mixing_events": 0,
    "mixing_event_success_rate": 0,
    "reputational_spillover_events": 0,
    "out_group_constraint_amplifications": 0,
    "group_extinction_events": 0
  },
  "interaction_metrics": {
    "total_interactions": 404518,
    "avg_interaction_processing_time": 0.0
  }
}