{
  "run_id": 156,
  "parameters": {
    "shock_interval_years": 2,
    "homophily_bias": 0.07811564181173969,
    "num_groups": 3,
    "out_group_trust_bias": 0.9763383115138605,
    "out_group_penalty": 1.3497893473348646,
    "intervention_interval": 25,
    "intervention_scale": 0.27718647589816175,
    "event_bonus": 1.5230780148933625,
    "base_trust_delta": 0.13502963095105158,
    "group_trust_bias": 1.5218239633637691,
    "resilience_profile": {
      "threshold": 0.15541052334704758,
      "noise": 0.09593334112669585
    },
    "turnover_rate": 0.004061930053348148,
    "social_diffusion": 0.00896821954799013,
    "max_rounds": 300,
    "initial_population": 200,
    "max_population": 800,
    "maslow_variation": 0.5,
    "constraint_threshold_range": [
      0.2,
      0.8
    ],
    "recovery_threshold": 0.15,
    "cooperation_bonus": 0.2,
    "trust_threshold": 0.6,
    "max_relationships_per_person": 150
  },
  "outcomes": {
    "final_cooperation_rate": 0.2794486215538847,
    "behavioral_cooperation_rate": 0.01647212582811303,
    "final_constrained_rate": 0.7205513784461153,
    "final_population": 798,
    "extinction_occurred": false,
    "rounds_completed": 300,
    "first_cascade_round": null,
    "total_cascade_events": 0,
    "total_shock_events": 34,
    "total_defections": 633745,
    "total_redemptions": 4112,
    "net_strategy_change": 629633,
    "total_births": 921,
    "total_deaths": 322,
    "max_population_reached": 800,
    "population_stability": 0.012804703455119715,
    "population_growth": 4.0,
    "avg_system_stress": 8.167463669004206,
    "max_system_stress": 18.07919590609618,
    "avg_maslow_pressure": 0.20095030420209384,
    "avg_basic_needs_crisis_rate": 0.2869674185463659,
    "avg_trust_level": 0.22208994345427824,
    "cooperation_benefit_total": 0,
    "cooperation_resilience": 0.2794486215538847
  },
  "maslow_hierarchy": {
    "initial_needs_avg": {
      "physiological": 4.988318457915141,
      "safety": 4.916205935855676,
      "love": 5.172689478729995,
      "esteem": 4.862505502566245,
      "self_actualization": 4.9602354958603705
    },
    "final_needs_avg": {
      "physiological": 4.98333007096052,
      "safety": 5.068528138440162,
      "love": 1.6921529127583796,
      "esteem": 0.7268456091518761,
      "self_actualization": 5.175321843241111
    },
    "needs_improvement": {
      "physiological": -0.004988386954621227,
      "safety": 0.15232220258448592,
      "love": -3.4805365659716156,
      "esteem": -4.135659893414369,
      "self_actualization": 0.2150863473807405
    }
  },
  "inter_group_metrics": {
    "final_group_populations": {
      "A": 251,
      "B": 313,
      "C": 234
    },
    "final_group_cooperation_rates": {
      "A": 0.2549800796812749,
      "B": 0.2939297124600639,
      "C": 0.2863247863247863
    },
    "in_group_interaction_rate": 0.39053697778178376,
    "out_group_interaction_rate": 0.6094630222182162,
    "avg_in_group_trust": 0.18157701350709063,
    "avg_out_group_trust": 0.2626028734014659,
    "trust_asymmetry": -0.08102585989437525,
    "group_segregation_index": 0.39053697778178376,
    "total_mixing_events": 12,
    "mixing_event_success_rate": 1.0,
    "reputational_spillover_events": 0,
    "out_group_constraint_amplifications": 0,
    "group_extinction_events": 0
  },
  "interaction_metrics": {
    "total_interactions": 355024,
    "avg_interaction_processing_time": 0.0
  }
}