{
  "run_id": 40,
  "parameters": {
    "shock_interval_years": 5,
    "homophily_bias": 0.0,
    "num_groups": 1,
    "out_group_trust_bias": 0.8542110668861695,
    "out_group_penalty": 2.1585301691114003,
    "intervention_interval": 0,
    "intervention_scale": 0.08941193237268026,
    "event_bonus": 1.535918032844212,
    "base_trust_delta": 0.09915923397753931,
    "group_trust_bias": 1.8051994017215085,
    "resilience_profile": {
      "threshold": 0.18880760531101237,
      "noise": 0.11803303361943243
    },
    "turnover_rate": 0.0012141963897753267,
    "social_diffusion": 0.07467981253735545,
    "max_rounds": 300,
    "initial_population": 200,
    "max_population": 800,
    "maslow_variation": 0.5,
    "constraint_threshold_range": [
      0.2,
      0.8
    ],
    "recovery_threshold": 0.15,
    "cooperation_bonus": 0.2,
    "trust_threshold": 0.6,
    "max_relationships_per_person": 150
  },
  "outcomes": {
    "final_cooperation_rate": 0.9808743169398907,
    "behavioral_cooperation_rate": 0.717624339875463,
    "final_constrained_rate": 0.01912568306010929,
    "final_population": 366,
    "extinction_occurred": false,
    "rounds_completed": 300,
    "first_cascade_round": null,
    "total_cascade_events": 0,
    "total_shock_events": 8,
    "total_defections": 65598,
    "total_redemptions": 704,
    "net_strategy_change": 64894,
    "total_births": 404,
    "total_deaths": 238,
    "max_population_reached": 512,
    "population_stability": 0.00695442216637702,
    "population_growth": 2.56,
    "avg_system_stress": 0.41298757902532407,
    "max_system_stress": 1.4761136444829717,
    "avg_maslow_pressure": 0.032875413091370986,
    "avg_basic_needs_crisis_rate": 0.18579234972677597,
    "avg_trust_level": 0.6945296557970552,
    "cooperation_benefit_total": 0,
    "cooperation_resilience": 0.9808743169398907
  },
  "maslow_hierarchy": {
    "initial_needs_avg": {
      "physiological": 5.061166112645625,
      "safety": 5.2646547156733075,
      "love": 5.038748856878404,
      "esteem": 5.241906526332772,
      "self_actualization": 5.203758072075002
    },
    "final_needs_avg": {
      "physiological": 5.8833397134573024,
      "safety": 6.060526353425461,
      "love": 9.67205759469086,
      "esteem": 4.803357891196602,
      "self_actualization": 5.839298052077314
    },
    "needs_improvement": {
      "physiological": 0.8221736008116771,
      "safety": 0.7958716377521533,
      "love": 4.633308737812457,
      "esteem": -0.43854863513617026,
      "self_actualization": 0.6355399800023127
    }
  },
  "inter_group_metrics": {
    "final_group_populations": {
      "A": 366
    },
    "final_group_cooperation_rates": {
      "A": 0.9808743169398907
    },
    "in_group_interaction_rate": 1.0,
    "out_group_interaction_rate": 0.0,
    "avg_in_group_trust": 0.6945296557970552,
    "avg_out_group_trust": 0.6945296557970552,
    "trust_asymmetry": 0.0,
    "group_segregation_index": 1.0,
    "total_mixing_events": 0,
    "mixing_event_success_rate": 0,
    "reputational_spillover_events": 0,
    "out_group_constraint_amplifications": 0,
    "group_extinction_events": 0
  },
  "interaction_metrics": {
    "total_interactions": 202992,
    "avg_interaction_processing_time": 0.0
  }
}