{
  "run_id": 108,
  "parameters": {
    "shock_interval_years": 5,
    "homophily_bias": 0.0,
    "num_groups": 1,
    "out_group_trust_bias": 0.9130941164841828,
    "out_group_penalty": 2.27740552988815,
    "intervention_interval": 0,
    "intervention_scale": 0.17425184383567294,
    "event_bonus": 2.1306050780294012,
    "base_trust_delta": 0.16642779821516462,
    "group_trust_bias": 1.6945792649528324,
    "resilience_profile": {
      "threshold": 0.33396145986783377,
      "noise": 0.13074851672446577
    },
    "turnover_rate": 0.005956913865020682,
    "social_diffusion": 0.06609280421960421,
    "max_rounds": 300,
    "initial_population": 200,
    "max_population": 800,
    "maslow_variation": 0.5,
    "constraint_threshold_range": [
      0.2,
      0.8
    ],
    "recovery_threshold": 0.15,
    "cooperation_bonus": 0.2,
    "trust_threshold": 0.6,
    "max_relationships_per_person": 150
  },
  "outcomes": {
    "final_cooperation_rate": 0.9282970550576184,
    "behavioral_cooperation_rate": 0.586460106522475,
    "final_constrained_rate": 0.07170294494238157,
    "final_population": 781,
    "extinction_occurred": false,
    "rounds_completed": 300,
    "first_cascade_round": null,
    "total_cascade_events": 0,
    "total_shock_events": 16,
    "total_defections": 210355,
    "total_redemptions": 5211,
    "net_strategy_change": 205144,
    "total_births": 1106,
    "total_deaths": 519,
    "max_population_reached": 800,
    "population_stability": 0.004762609127485555,
    "population_growth": 4.0,
    "avg_system_stress": 1.9449134031289035,
    "max_system_stress": 6.147637735117794,
    "avg_maslow_pressure": 0.06496957765308747,
    "avg_basic_needs_crisis_rate": 0.22407170294494239,
    "avg_trust_level": 0.7231154557269662,
    "cooperation_benefit_total": 0,
    "cooperation_resilience": 0.9282970550576184
  },
  "maslow_hierarchy": {
    "initial_needs_avg": {
      "physiological": 4.899264728660239,
      "safety": 4.89779716601282,
      "love": 4.839347769723234,
      "esteem": 5.370292179311657,
      "self_actualization": 5.22669118845014
    },
    "final_needs_avg": {
      "physiological": 5.741447191589504,
      "safety": 5.338852877992076,
      "love": 8.973530954658335,
      "esteem": 1.9723312277005576,
      "self_actualization": 6.026341474755241
    },
    "needs_improvement": {
      "physiological": 0.8421824629292649,
      "safety": 0.4410557119792555,
      "love": 4.134183184935101,
      "esteem": -3.3979609516110996,
      "self_actualization": 0.7996502863051012
    }
  },
  "inter_group_metrics": {
    "final_group_populations": {
      "A": 781
    },
    "final_group_cooperation_rates": {
      "A": 0.9282970550576184
    },
    "in_group_interaction_rate": 1.0,
    "out_group_interaction_rate": 0.0,
    "avg_in_group_trust": 0.7231154557269662,
    "avg_out_group_trust": 0.7231154557269662,
    "trust_asymmetry": 0.0,
    "group_segregation_index": 1.0,
    "total_mixing_events": 0,
    "mixing_event_success_rate": 0,
    "reputational_spillover_events": 0,
    "out_group_constraint_amplifications": 0,
    "group_extinction_events": 0
  },
  "interaction_metrics": {
    "total_interactions": 419442,
    "avg_interaction_processing_time": 0.0
  }
}