{
  "run_id": 131,
  "parameters": {
    "shock_interval_years": 10,
    "homophily_bias": 0.5198231082432863,
    "num_groups": 3,
    "out_group_trust_bias": 0.9284766092172739,
    "out_group_penalty": 1.6065178670342255,
    "intervention_interval": 25,
    "intervention_scale": 0.27802005224283216,
    "event_bonus": 1.7571432886352185,
    "base_trust_delta": 0.08865744002441893,
    "group_trust_bias": 1.685550149602668,
    "resilience_profile": {
      "threshold": 0.18573213368735902,
      "noise": 0.029570551513078844
    },
    "turnover_rate": 0.0074276193757227835,
    "social_diffusion": 0.03561088829316963,
    "max_rounds": 300,
    "initial_population": 200,
    "max_population": 800,
    "maslow_variation": 0.5,
    "constraint_threshold_range": [
      0.2,
      0.8
    ],
    "recovery_threshold": 0.15,
    "cooperation_bonus": 0.2,
    "trust_threshold": 0.6,
    "max_relationships_per_person": 150
  },
  "outcomes": {
    "final_cooperation_rate": 0.91343669250646,
    "behavioral_cooperation_rate": 0.335130999477495,
    "final_constrained_rate": 0.08656330749354005,
    "final_population": 774,
    "extinction_occurred": false,
    "rounds_completed": 300,
    "first_cascade_round": null,
    "total_cascade_events": 0,
    "total_shock_events": 11,
    "total_defections": 408621,
    "total_redemptions": 3331,
    "net_strategy_change": 405290,
    "total_births": 1197,
    "total_deaths": 614,
    "max_population_reached": 800,
    "population_stability": 0.008659163580892854,
    "population_growth": 4.0,
    "avg_system_stress": 1.587437086689044,
    "max_system_stress": 2.539759555016688,
    "avg_maslow_pressure": 0.05269499771288804,
    "avg_basic_needs_crisis_rate": 0.16795865633074936,
    "avg_trust_level": 0.5682069241710802,
    "cooperation_benefit_total": 0,
    "cooperation_resilience": 0.91343669250646
  },
  "maslow_hierarchy": {
    "initial_needs_avg": {
      "physiological": 4.689518090338937,
      "safety": 5.165580593610917,
      "love": 4.88839727507185,
      "esteem": 4.781197437255746,
      "self_actualization": 4.8098791367058995
    },
    "final_needs_avg": {
      "physiological": 5.578477566070703,
      "safety": 5.950839822981828,
      "love": 8.959168483778239,
      "esteem": 4.547394012634881,
      "self_actualization": 5.397400837041436
    },
    "needs_improvement": {
      "physiological": 0.8889594757317658,
      "safety": 0.7852592293709106,
      "love": 4.070771208706389,
      "esteem": -0.23380342462086467,
      "self_actualization": 0.5875217003355369
    }
  },
  "inter_group_metrics": {
    "final_group_populations": {
      "C": 274,
      "B": 299,
      "A": 201
    },
    "final_group_cooperation_rates": {
      "C": 0.9124087591240876,
      "B": 0.919732441471572,
      "A": 0.9054726368159204
    },
    "in_group_interaction_rate": 0.6790162909606628,
    "out_group_interaction_rate": 0.32098370903933715,
    "avg_in_group_trust": 0.5763870399582396,
    "avg_out_group_trust": 0.5600268083839208,
    "trust_asymmetry": 0.016360231574318762,
    "group_segregation_index": 0.6790162909606628,
    "total_mixing_events": 12,
    "mixing_event_success_rate": 1.0,
    "reputational_spillover_events": 0,
    "out_group_constraint_amplifications": 0,
    "group_extinction_events": 0
  },
  "interaction_metrics": {
    "total_interactions": 428704,
    "avg_interaction_processing_time": 0.0
  }
}