{
  "run_id": 41,
  "parameters": {
    "shock_interval_years": 3,
    "homophily_bias": 0.08221343941450465,
    "num_groups": 2,
    "out_group_trust_bias": 0.9402208244225249,
    "out_group_penalty": 2.0663308289559694,
    "intervention_interval": 10,
    "intervention_scale": 0.16397876865473876,
    "event_bonus": 2.258387838523128,
    "base_trust_delta": 0.053271217193029026,
    "group_trust_bias": 1.9288011460597971,
    "resilience_profile": {
      "threshold": 0.36162304221984154,
      "noise": 0.11113101891934414
    },
    "turnover_rate": 0.004745371142546298,
    "social_diffusion": 0.07674069977090435,
    "max_rounds": 300,
    "initial_population": 200,
    "max_population": 800,
    "maslow_variation": 0.5,
    "constraint_threshold_range": [
      0.2,
      0.8
    ],
    "recovery_threshold": 0.15,
    "cooperation_bonus": 0.2,
    "trust_threshold": 0.6,
    "max_relationships_per_person": 150
  },
  "outcomes": {
    "final_cooperation_rate": 0.5816326530612245,
    "behavioral_cooperation_rate": 0.1134738349787713,
    "final_constrained_rate": 0.41836734693877553,
    "final_population": 784,
    "extinction_occurred": false,
    "rounds_completed": 300,
    "first_cascade_round": null,
    "total_cascade_events": 0,
    "total_shock_events": 27,
    "total_defections": 549796,
    "total_redemptions": 6836,
    "net_strategy_change": 542960,
    "total_births": 995,
    "total_deaths": 408,
    "max_population_reached": 800,
    "population_stability": 0.004996924251334362,
    "population_growth": 4.0,
    "avg_system_stress": 6.0172448834029195,
    "max_system_stress": 11.782490180159643,
    "avg_maslow_pressure": 0.16458442681774108,
    "avg_basic_needs_crisis_rate": 0.27933673469387754,
    "avg_trust_level": 0.5492602365257996,
    "cooperation_benefit_total": 0,
    "cooperation_resilience": 0.5816326530612245
  },
  "maslow_hierarchy": {
    "initial_needs_avg": {
      "physiological": 5.107990305079526,
      "safety": 5.013381820430241,
      "love": 5.172424492866225,
      "esteem": 4.900309249651914,
      "self_actualization": 4.512773780838228
    },
    "final_needs_avg": {
      "physiological": 5.260559946118436,
      "safety": 5.254616953479085,
      "love": 4.37360776086113,
      "esteem": 0.9177922003636905,
      "self_actualization": 4.878743676385303
    },
    "needs_improvement": {
      "physiological": 0.1525696410389097,
      "safety": 0.24123513304884447,
      "love": -0.7988167320050943,
      "esteem": -3.982517049288224,
      "self_actualization": 0.3659698955470754
    }
  },
  "inter_group_metrics": {
    "final_group_populations": {
      "B": 423,
      "A": 361
    },
    "final_group_cooperation_rates": {
      "B": 0.6099290780141844,
      "A": 0.5484764542936288
    },
    "in_group_interaction_rate": 0.5403473323443655,
    "out_group_interaction_rate": 0.45965266765563456,
    "avg_in_group_trust": 0.49450881620597736,
    "avg_out_group_trust": 0.6040116568456219,
    "trust_asymmetry": -0.1095028406396445,
    "group_segregation_index": 0.5403473323443655,
    "total_mixing_events": 30,
    "mixing_event_success_rate": 1.0,
    "reputational_spillover_events": 0,
    "out_group_constraint_amplifications": 0,
    "group_extinction_events": 0
  },
  "interaction_metrics": {
    "total_interactions": 390980,
    "avg_interaction_processing_time": 0.0
  }
}