{
  "run_id": 57,
  "parameters": {
    "shock_interval_years": 10,
    "homophily_bias": 0.0,
    "num_groups": 1,
    "out_group_trust_bias": 0.9168072278162824,
    "out_group_penalty": 2.0527019736858447,
    "intervention_interval": 0,
    "intervention_scale": 0.1568017393615253,
    "event_bonus": 1.67924630071968,
    "base_trust_delta": 0.09024758676108491,
    "group_trust_bias": 1.612486172461097,
    "resilience_profile": {
      "threshold": 0.16174282790267336,
      "noise": 0.09586602669596254
    },
    "turnover_rate": 0.0034413990857289213,
    "social_diffusion": 0.08522731589698307,
    "max_rounds": 300,
    "initial_population": 200,
    "max_population": 800,
    "maslow_variation": 0.5,
    "constraint_threshold_range": [
      0.2,
      0.8
    ],
    "recovery_threshold": 0.15,
    "cooperation_bonus": 0.2,
    "trust_threshold": 0.6,
    "max_relationships_per_person": 150
  },
  "outcomes": {
    "final_cooperation_rate": 0.9306431273644389,
    "behavioral_cooperation_rate": 0.5992323796231682,
    "final_constrained_rate": 0.06935687263556116,
    "final_population": 793,
    "extinction_occurred": false,
    "rounds_completed": 300,
    "first_cascade_round": null,
    "total_cascade_events": 0,
    "total_shock_events": 12,
    "total_defections": 185417,
    "total_redemptions": 2574,
    "net_strategy_change": 182843,
    "total_births": 961,
    "total_deaths": 364,
    "max_population_reached": 800,
    "population_stability": 0.003833182307192353,
    "population_growth": 4.0,
    "avg_system_stress": 2.537003852615843,
    "max_system_stress": 3.7714037475215965,
    "avg_maslow_pressure": 0.045666020648136456,
    "avg_basic_needs_crisis_rate": 0.18032786885245902,
    "avg_trust_level": 0.6984967879632165,
    "cooperation_benefit_total": 0,
    "cooperation_resilience": 0.9306431273644389
  },
  "maslow_hierarchy": {
    "initial_needs_avg": {
      "physiological": 4.602795123249898,
      "safety": 5.113734074346574,
      "love": 5.092998354103791,
      "esteem": 5.191602331287755,
      "self_actualization": 5.221659915114812
    },
    "final_needs_avg": {
      "physiological": 5.398259626532312,
      "safety": 6.080085600341481,
      "love": 9.661259039190437,
      "esteem": 3.945250687937524,
      "self_actualization": 5.718317186324884
    },
    "needs_improvement": {
      "physiological": 0.7954645032824139,
      "safety": 0.9663515259949067,
      "love": 4.568260685086646,
      "esteem": -1.246351643350231,
      "self_actualization": 0.4966572712100721
    }
  },
  "inter_group_metrics": {
    "final_group_populations": {
      "A": 793
    },
    "final_group_cooperation_rates": {
      "A": 0.9306431273644389
    },
    "in_group_interaction_rate": 1.0,
    "out_group_interaction_rate": 0.0,
    "avg_in_group_trust": 0.6984967879632165,
    "avg_out_group_trust": 0.6984967879632165,
    "trust_asymmetry": 0.0,
    "group_segregation_index": 1.0,
    "total_mixing_events": 0,
    "mixing_event_success_rate": 0,
    "reputational_spillover_events": 0,
    "out_group_constraint_amplifications": 0,
    "group_extinction_events": 0
  },
  "interaction_metrics": {
    "total_interactions": 386910,
    "avg_interaction_processing_time": 0.0
  }
}