{
  "run_id": 21,
  "parameters": {
    "shock_interval_years": 20,
    "homophily_bias": 0.0,
    "num_groups": 1,
    "out_group_trust_bias": 0.9610616917360553,
    "out_group_penalty": 1.17733739138393,
    "intervention_interval": 0,
    "intervention_scale": 0.11450495546422622,
    "event_bonus": 1.9790529691037775,
    "base_trust_delta": 0.17604660041716275,
    "group_trust_bias": 1.8418783337545308,
    "resilience_profile": {
      "threshold": 0.1373366032223629,
      "noise": 0.0576519468981364
    },
    "turnover_rate": 0.0005031928449316369,
    "social_diffusion": 0.04666165156339255,
    "max_rounds": 300,
    "initial_population": 200,
    "max_population": 800,
    "maslow_variation": 0.5,
    "constraint_threshold_range": [
      0.2,
      0.8
    ],
    "recovery_threshold": 0.15,
    "cooperation_bonus": 0.2,
    "trust_threshold": 0.6,
    "max_relationships_per_person": 150
  },
  "outcomes": {
    "final_cooperation_rate": 0.9175257731958762,
    "behavioral_cooperation_rate": 0.7442285795616282,
    "final_constrained_rate": 0.08247422680412371,
    "final_population": 97,
    "extinction_occurred": false,
    "rounds_completed": 300,
    "first_cascade_round": null,
    "total_cascade_events": 0,
    "total_shock_events": 7,
    "total_defections": 42920,
    "total_redemptions": 219,
    "net_strategy_change": 42701,
    "total_births": 124,
    "total_deaths": 225,
    "max_population_reached": 310,
    "population_stability": 0.06705002142358567,
    "population_growth": 1.55,
    "avg_system_stress": 0.2322804723840963,
    "max_system_stress": 0.8882488137086054,
    "avg_maslow_pressure": 0.04186354776905579,
    "avg_basic_needs_crisis_rate": 0.2268041237113402,
    "avg_trust_level": 0.7095731784728214,
    "cooperation_benefit_total": 0,
    "cooperation_resilience": 0.9175257731958762
  },
  "maslow_hierarchy": {
    "initial_needs_avg": {
      "physiological": 5.143939423861625,
      "safety": 4.833071042270038,
      "love": 5.212514467578228,
      "esteem": 4.88925514640791,
      "self_actualization": 4.814987701484727
    },
    "final_needs_avg": {
      "physiological": 6.018288394174668,
      "safety": 5.11109758306718,
      "love": 9.515831072910165,
      "esteem": 4.844815647266831,
      "self_actualization": 5.859699539879847
    },
    "needs_improvement": {
      "physiological": 0.8743489703130427,
      "safety": 0.27802654079714273,
      "love": 4.303316605331937,
      "esteem": -0.04443949914107925,
      "self_actualization": 1.04471183839512
    }
  },
  "inter_group_metrics": {
    "final_group_populations": {
      "A": 97
    },
    "final_group_cooperation_rates": {
      "A": 0.9175257731958762
    },
    "in_group_interaction_rate": 1.0,
    "out_group_interaction_rate": 0.0,
    "avg_in_group_trust": 0.7095731784728214,
    "avg_out_group_trust": 0.7095731784728214,
    "trust_asymmetry": 0.0,
    "group_segregation_index": 1.0,
    "total_mixing_events": 0,
    "mixing_event_success_rate": 0,
    "reputational_spillover_events": 0,
    "out_group_constraint_amplifications": 0,
    "group_extinction_events": 0
  },
  "interaction_metrics": {
    "total_interactions": 140520,
    "avg_interaction_processing_time": 0.0
  }
}