{
  "run_id": 98,
  "parameters": {
    "shock_interval_years": 20,
    "homophily_bias": 0.3426382999894571,
    "num_groups": 2,
    "out_group_trust_bias": 0.8983804851551466,
    "out_group_penalty": 2.134664778569963,
    "intervention_interval": 20,
    "intervention_scale": 0.08656637592472997,
    "event_bonus": 2.3882330928743567,
    "base_trust_delta": 0.0612955560427393,
    "group_trust_bias": 1.938970789268191,
    "resilience_profile": {
      "threshold": 0.3812379133865085,
      "noise": 0.13190702319151779
    },
    "turnover_rate": 0.005633710457921388,
    "social_diffusion": 0.09597910017982969,
    "max_rounds": 300,
    "initial_population": 200,
    "max_population": 800,
    "maslow_variation": 0.5,
    "constraint_threshold_range": [
      0.2,
      0.8
    ],
    "recovery_threshold": 0.15,
    "cooperation_bonus": 0.2,
    "trust_threshold": 0.6,
    "max_relationships_per_person": 150
  },
  "outcomes": {
    "final_cooperation_rate": 0.8640406607369758,
    "behavioral_cooperation_rate": 0.4042352463061337,
    "final_constrained_rate": 0.13595933926302414,
    "final_population": 787,
    "extinction_occurred": false,
    "rounds_completed": 300,
    "first_cascade_round": null,
    "total_cascade_events": 0,
    "total_shock_events": 2,
    "total_defections": 326683,
    "total_redemptions": 5189,
    "net_strategy_change": 321494,
    "total_births": 1056,
    "total_deaths": 462,
    "max_population_reached": 800,
    "population_stability": 0.004215609326398975,
    "population_growth": 4.0,
    "avg_system_stress": 0.04788637268523172,
    "max_system_stress": 0.4076206949601798,
    "avg_maslow_pressure": 0.059309677160221765,
    "avg_basic_needs_crisis_rate": 0.21473951715374842,
    "avg_trust_level": 0.6169568667259042,
    "cooperation_benefit_total": 0,
    "cooperation_resilience": 0.8640406607369758
  },
  "maslow_hierarchy": {
    "initial_needs_avg": {
      "physiological": 5.236970800982984,
      "safety": 4.794936545367405,
      "love": 4.6298739981519015,
      "esteem": 4.716741233578395,
      "self_actualization": 4.992528255397238
    },
    "final_needs_avg": {
      "physiological": 5.743623955831989,
      "safety": 5.558740056573977,
      "love": 8.503432992943337,
      "esteem": 3.9913390788164067,
      "self_actualization": 5.855557686764353
    },
    "needs_improvement": {
      "physiological": 0.5066531548490047,
      "safety": 0.7638035112065715,
      "love": 3.873558994791435,
      "esteem": -0.725402154761988,
      "self_actualization": 0.8630294313671154
    }
  },
  "inter_group_metrics": {
    "final_group_populations": {
      "A": 403,
      "B": 384
    },
    "final_group_cooperation_rates": {
      "A": 0.8560794044665012,
      "B": 0.8723958333333334
    },
    "in_group_interaction_rate": 0.6699057544002245,
    "out_group_interaction_rate": 0.3300942455997755,
    "avg_in_group_trust": 0.6414253308883647,
    "avg_out_group_trust": 0.5924884025634436,
    "trust_asymmetry": 0.048936928324921136,
    "group_segregation_index": 0.6699057544002245,
    "total_mixing_events": 15,
    "mixing_event_success_rate": 1.0,
    "reputational_spillover_events": 0,
    "out_group_constraint_amplifications": 0,
    "group_extinction_events": 0
  },
  "interaction_metrics": {
    "total_interactions": 413388,
    "avg_interaction_processing_time": 0.0
  }
}