{
  "run_id": 36,
  "parameters": {
    "shock_interval_years": 20,
    "homophily_bias": 0.16667797579291302,
    "num_groups": 2,
    "out_group_trust_bias": 0.8691334895144948,
    "out_group_penalty": 1.6238770027231966,
    "intervention_interval": 10,
    "intervention_scale": 0.2910856252916051,
    "event_bonus": 1.9973201309302762,
    "base_trust_delta": 0.16520994087834073,
    "group_trust_bias": 1.8863537226160025,
    "resilience_profile": {
      "threshold": 0.39664904300370196,
      "noise": 0.09274047276813335
    },
    "turnover_rate": 0.007333541460678412,
    "social_diffusion": 0.04016608760989129,
    "max_rounds": 300,
    "initial_population": 200,
    "max_population": 800,
    "maslow_variation": 0.5,
    "constraint_threshold_range": [
      0.2,
      0.8
    ],
    "recovery_threshold": 0.15,
    "cooperation_bonus": 0.2,
    "trust_threshold": 0.6,
    "max_relationships_per_person": 150
  },
  "outcomes": {
    "final_cooperation_rate": 0.9398692810457516,
    "behavioral_cooperation_rate": 0.46626224024517865,
    "final_constrained_rate": 0.06013071895424837,
    "final_population": 765,
    "extinction_occurred": false,
    "rounds_completed": 300,
    "first_cascade_round": null,
    "total_cascade_events": 0,
    "total_shock_events": 2,
    "total_defections": 292230,
    "total_redemptions": 3392,
    "net_strategy_change": 288838,
    "total_births": 1180,
    "total_deaths": 604,
    "max_population_reached": 800,
    "population_stability": 0.007299064048458129,
    "population_growth": 4.0,
    "avg_system_stress": 0.06674427337288422,
    "max_system_stress": 0.6528717905597416,
    "avg_maslow_pressure": 0.028140077971169415,
    "avg_basic_needs_crisis_rate": 0.16862745098039217,
    "avg_trust_level": 0.6974503448822046,
    "cooperation_benefit_total": 0,
    "cooperation_resilience": 0.9398692810457516
  },
  "maslow_hierarchy": {
    "initial_needs_avg": {
      "physiological": 5.128023252939279,
      "safety": 5.248757287351998,
      "love": 5.284089569450298,
      "esteem": 5.152079786231518,
      "self_actualization": 5.1349553929320635
    },
    "final_needs_avg": {
      "physiological": 5.9671964032682325,
      "safety": 5.914534659490693,
      "love": 9.283540937021531,
      "esteem": 6.54435786500418,
      "self_actualization": 5.88192816322565
    },
    "needs_improvement": {
      "physiological": 0.8391731503289535,
      "safety": 0.6657773721386953,
      "love": 3.9994513675712327,
      "esteem": 1.3922780787726623,
      "self_actualization": 0.7469727702935867
    }
  },
  "inter_group_metrics": {
    "final_group_populations": {
      "A": 448,
      "B": 317
    },
    "final_group_cooperation_rates": {
      "A": 0.9486607142857143,
      "B": 0.9274447949526814
    },
    "in_group_interaction_rate": 0.5870272088503513,
    "out_group_interaction_rate": 0.4129727911496487,
    "avg_in_group_trust": 0.7605859614956711,
    "avg_out_group_trust": 0.634314728268738,
    "trust_asymmetry": 0.12627123322693312,
    "group_segregation_index": 0.5870272088503513,
    "total_mixing_events": 30,
    "mixing_event_success_rate": 1.0,
    "reputational_spillover_events": 0,
    "out_group_constraint_amplifications": 0,
    "group_extinction_events": 0
  },
  "interaction_metrics": {
    "total_interactions": 428096,
    "avg_interaction_processing_time": 0.0
  }
}