{
  "run_id": 132,
  "parameters": {
    "shock_interval_years": 20,
    "homophily_bias": 0.0,
    "num_groups": 1,
    "out_group_trust_bias": 0.8551509956562808,
    "out_group_penalty": 1.9610541276405824,
    "intervention_interval": 0,
    "intervention_scale": 0.2535798529571433,
    "event_bonus": 2.088538947988763,
    "base_trust_delta": 0.1418513496903869,
    "group_trust_bias": 1.8437218601093548,
    "resilience_profile": {
      "threshold": 0.3794942800434986,
      "noise": 0.09914006107606009
    },
    "turnover_rate": 0.006492426748895788,
    "social_diffusion": 0.02426030664492922,
    "max_rounds": 300,
    "initial_population": 200,
    "max_population": 800,
    "maslow_variation": 0.5,
    "constraint_threshold_range": [
      0.2,
      0.8
    ],
    "recovery_threshold": 0.15,
    "cooperation_bonus": 0.2,
    "trust_threshold": 0.6,
    "max_relationships_per_person": 150
  },
  "outcomes": {
    "final_cooperation_rate": 0.9987029831387808,
    "behavioral_cooperation_rate": 0.6098886439273729,
    "final_constrained_rate": 0.0012970168612191958,
    "final_population": 771,
    "extinction_occurred": false,
    "rounds_completed": 300,
    "first_cascade_round": null,
    "total_cascade_events": 0,
    "total_shock_events": 11,
    "total_defections": 197646,
    "total_redemptions": 4610,
    "net_strategy_change": 193036,
    "total_births": 1193,
    "total_deaths": 608,
    "max_population_reached": 800,
    "population_stability": 0.006223031249345521,
    "population_growth": 4.0,
    "avg_system_stress": 1.988951149720366,
    "max_system_stress": 3.8015998361778,
    "avg_maslow_pressure": 0.03867504713016806,
    "avg_basic_needs_crisis_rate": 0.14267185473411154,
    "avg_trust_level": 0.7174386509968611,
    "cooperation_benefit_total": 0,
    "cooperation_resilience": 0.9987029831387808
  },
  "maslow_hierarchy": {
    "initial_needs_avg": {
      "physiological": 4.895378374622107,
      "safety": 5.203314207402988,
      "love": 4.971743369273462,
      "esteem": 5.039722378671209,
      "self_actualization": 4.9829847726187495
    },
    "final_needs_avg": {
      "physiological": 5.654098629684007,
      "safety": 6.223114956077341,
      "love": 9.832384847116565,
      "esteem": 3.3539423057016506,
      "self_actualization": 6.1857333113607975
    },
    "needs_improvement": {
      "physiological": 0.7587202550618999,
      "safety": 1.0198007486743528,
      "love": 4.860641477843103,
      "esteem": -1.6857800729695587,
      "self_actualization": 1.202748538742048
    }
  },
  "inter_group_metrics": {
    "final_group_populations": {
      "A": 771
    },
    "final_group_cooperation_rates": {
      "A": 0.9987029831387808
    },
    "in_group_interaction_rate": 1.0,
    "out_group_interaction_rate": 0.0,
    "avg_in_group_trust": 0.7174386509968611,
    "avg_out_group_trust": 0.7174386509968611,
    "trust_asymmetry": 0.0,
    "group_segregation_index": 1.0,
    "total_mixing_events": 0,
    "mixing_event_success_rate": 0,
    "reputational_spillover_events": 0,
    "out_group_constraint_amplifications": 0,
    "group_extinction_events": 0
  },
  "interaction_metrics": {
    "total_interactions": 427278,
    "avg_interaction_processing_time": 0.0
  }
}