{
  "run_id": 177,
  "parameters": {
    "shock_interval_years": 5,
    "homophily_bias": 0.40010026154661765,
    "num_groups": 2,
    "out_group_trust_bias": 0.9130205110215354,
    "out_group_penalty": 1.4623879616854263,
    "intervention_interval": 20,
    "intervention_scale": 0.14538335461707258,
    "event_bonus": 1.6159339297164679,
    "base_trust_delta": 0.05083460239134496,
    "group_trust_bias": 1.6559466163311327,
    "resilience_profile": {
      "threshold": 0.3638115110144158,
      "noise": 0.06725315075364428
    },
    "turnover_rate": 0.005153833407192508,
    "social_diffusion": 0.02511676776763834,
    "max_rounds": 300,
    "initial_population": 200,
    "max_population": 800,
    "maslow_variation": 0.5,
    "constraint_threshold_range": [
      0.2,
      0.8
    ],
    "recovery_threshold": 0.15,
    "cooperation_bonus": 0.2,
    "trust_threshold": 0.6,
    "max_relationships_per_person": 150
  },
  "outcomes": {
    "final_cooperation_rate": 0.9453621346886912,
    "behavioral_cooperation_rate": 0.3936443196590201,
    "final_constrained_rate": 0.054637865311308764,
    "final_population": 787,
    "extinction_occurred": false,
    "rounds_completed": 300,
    "first_cascade_round": null,
    "total_cascade_events": 0,
    "total_shock_events": 18,
    "total_defections": 334838,
    "total_redemptions": 9331,
    "net_strategy_change": 325507,
    "total_births": 1089,
    "total_deaths": 495,
    "max_population_reached": 800,
    "population_stability": 0.0054955604772635004,
    "population_growth": 4.0,
    "avg_system_stress": 3.9032621080062397,
    "max_system_stress": 8.192278308601209,
    "avg_maslow_pressure": 0.07822330079928048,
    "avg_basic_needs_crisis_rate": 0.14866581956797967,
    "avg_trust_level": 0.6022413984960082,
    "cooperation_benefit_total": 0,
    "cooperation_resilience": 0.9453621346886912
  },
  "maslow_hierarchy": {
    "initial_needs_avg": {
      "physiological": 4.917228775045502,
      "safety": 5.261517937891024,
      "love": 5.187325635859094,
      "esteem": 5.010754161539474,
      "self_actualization": 4.5901700718835965
    },
    "final_needs_avg": {
      "physiological": 5.8225615261724535,
      "safety": 6.005080196231656,
      "love": 7.989995176537325,
      "esteem": 1.4261026681655806,
      "self_actualization": 5.59674770434409
    },
    "needs_improvement": {
      "physiological": 0.9053327511269513,
      "safety": 0.7435622583406323,
      "love": 2.802669540678231,
      "esteem": -3.584651493373893,
      "self_actualization": 1.0065776324604938
    }
  },
  "inter_group_metrics": {
    "final_group_populations": {
      "A": 363,
      "B": 424
    },
    "final_group_cooperation_rates": {
      "A": 0.9338842975206612,
      "B": 0.9551886792452831
    },
    "in_group_interaction_rate": 0.6992408170760585,
    "out_group_interaction_rate": 0.30075918292394155,
    "avg_in_group_trust": 0.598820714209557,
    "avg_out_group_trust": 0.6056620827824595,
    "trust_asymmetry": -0.0068413685729025175,
    "group_segregation_index": 0.6992408170760585,
    "total_mixing_events": 15,
    "mixing_event_success_rate": 1.0,
    "reputational_spillover_events": 0,
    "out_group_constraint_amplifications": 0,
    "group_extinction_events": 0
  },
  "interaction_metrics": {
    "total_interactions": 413866,
    "avg_interaction_processing_time": 0.0
  }
}