{
  "run_id": 80,
  "parameters": {
    "shock_interval_years": 10,
    "homophily_bias": 0.5099196938115839,
    "num_groups": 2,
    "out_group_trust_bias": 0.9084988731875373,
    "out_group_penalty": 1.3003016355611785,
    "intervention_interval": 25,
    "intervention_scale": 0.08488866828107487,
    "event_bonus": 2.230774403649743,
    "base_trust_delta": 0.09082270502458495,
    "group_trust_bias": 1.4106037443484454,
    "resilience_profile": {
      "threshold": 0.357542098607308,
      "noise": 0.05878005751912871
    },
    "turnover_rate": 0.005535055439869116,
    "social_diffusion": 0.0740469754862848,
    "max_rounds": 300,
    "initial_population": 200,
    "max_population": 800,
    "maslow_variation": 0.5,
    "constraint_threshold_range": [
      0.2,
      0.8
    ],
    "recovery_threshold": 0.15,
    "cooperation_bonus": 0.2,
    "trust_threshold": 0.6,
    "max_relationships_per_person": 150
  },
  "outcomes": {
    "final_cooperation_rate": 0.9560155239327296,
    "behavioral_cooperation_rate": 0.6175608726721629,
    "final_constrained_rate": 0.04398447606727038,
    "final_population": 773,
    "extinction_occurred": false,
    "rounds_completed": 300,
    "first_cascade_round": null,
    "total_cascade_events": 0,
    "total_shock_events": 5,
    "total_defections": 193674,
    "total_redemptions": 1593,
    "net_strategy_change": 192081,
    "total_births": 1078,
    "total_deaths": 490,
    "max_population_reached": 800,
    "population_stability": 0.004936577390217495,
    "population_growth": 4.0,
    "avg_system_stress": 0.3369236051194265,
    "max_system_stress": 1.0472146966290152,
    "avg_maslow_pressure": 0.029249337390435753,
    "avg_basic_needs_crisis_rate": 0.13971539456662355,
    "avg_trust_level": 0.6446399941320438,
    "cooperation_benefit_total": 0,
    "cooperation_resilience": 0.9560155239327296
  },
  "maslow_hierarchy": {
    "initial_needs_avg": {
      "physiological": 5.1258471044750875,
      "safety": 5.002576002972506,
      "love": 4.806620644978507,
      "esteem": 4.942181394825193,
      "self_actualization": 4.889311309082069
    },
    "final_needs_avg": {
      "physiological": 6.004678822997041,
      "safety": 5.919222638636008,
      "love": 9.721233718741782,
      "esteem": 5.363852948521362,
      "self_actualization": 5.875523305099387
    },
    "needs_improvement": {
      "physiological": 0.8788317185219539,
      "safety": 0.9166466356635015,
      "love": 4.914613073763276,
      "esteem": 0.4216715536961697,
      "self_actualization": 0.9862119960173183
    }
  },
  "inter_group_metrics": {
    "final_group_populations": {
      "B": 395,
      "A": 378
    },
    "final_group_cooperation_rates": {
      "B": 0.9670886075949368,
      "A": 0.9444444444444444
    },
    "in_group_interaction_rate": 0.7543223553899352,
    "out_group_interaction_rate": 0.2456776446100648,
    "avg_in_group_trust": 0.6960648990984218,
    "avg_out_group_trust": 0.5932150891656657,
    "trust_asymmetry": 0.10284980993275616,
    "group_segregation_index": 0.7543223553899352,
    "total_mixing_events": 12,
    "mixing_event_success_rate": 1.0,
    "reputational_spillover_events": 0,
    "out_group_constraint_amplifications": 0,
    "group_extinction_events": 0
  },
  "interaction_metrics": {
    "total_interactions": 417018,
    "avg_interaction_processing_time": 0.0
  }
}