{
  "run_id": 185,
  "parameters": {
    "shock_interval_years": 20,
    "homophily_bias": 0.16093241265923128,
    "num_groups": 3,
    "out_group_trust_bias": 0.9166482709264957,
    "out_group_penalty": 2.195169012272648,
    "intervention_interval": 15,
    "intervention_scale": 0.06856792885637807,
    "event_bonus": 2.024105879670674,
    "base_trust_delta": 0.05785694792582498,
    "group_trust_bias": 1.6170701778662235,
    "resilience_profile": {
      "threshold": 0.10330346782530309,
      "noise": 0.015190994727613687
    },
    "turnover_rate": 0.005000676129858268,
    "social_diffusion": 0.09531064883509538,
    "max_rounds": 300,
    "initial_population": 200,
    "max_population": 800,
    "maslow_variation": 0.5,
    "constraint_threshold_range": [
      0.2,
      0.8
    ],
    "recovery_threshold": 0.15,
    "cooperation_bonus": 0.2,
    "trust_threshold": 0.6,
    "max_relationships_per_person": 150
  },
  "outcomes": {
    "final_cooperation_rate": 0.14627994955863807,
    "behavioral_cooperation_rate": 0.006423044453167429,
    "final_constrained_rate": 0.8537200504413619,
    "final_population": 793,
    "extinction_occurred": false,
    "rounds_completed": 300,
    "first_cascade_round": null,
    "total_cascade_events": 0,
    "total_shock_events": 7,
    "total_defections": 698915,
    "total_redemptions": 6647,
    "net_strategy_change": 692268,
    "total_births": 929,
    "total_deaths": 335,
    "max_population_reached": 800,
    "population_stability": 0.002466728329492715,
    "population_growth": 4.0,
    "avg_system_stress": 1.1922490845836875,
    "max_system_stress": 2.352613971143945,
    "avg_maslow_pressure": 0.24183042404376326,
    "avg_basic_needs_crisis_rate": 0.3291298865069357,
    "avg_trust_level": 0.3591484455885363,
    "cooperation_benefit_total": 0,
    "cooperation_resilience": 0.14627994955863807
  },
  "maslow_hierarchy": {
    "initial_needs_avg": {
      "physiological": 4.980657140474186,
      "safety": 4.941272876987186,
      "love": 4.6983555669812045,
      "esteem": 5.456772718489444,
      "self_actualization": 5.0365952987709
    },
    "final_needs_avg": {
      "physiological": 5.179222484396789,
      "safety": 4.821195067660378,
      "love": 0.3347778504043555,
      "esteem": 0.29780875192161754,
      "self_actualization": 4.9333694405176995
    },
    "needs_improvement": {
      "physiological": 0.19856534392260272,
      "safety": -0.12007780932680756,
      "love": -4.363577716576849,
      "esteem": -5.158963966567827,
      "self_actualization": -0.10322585825320019
    }
  },
  "inter_group_metrics": {
    "final_group_populations": {
      "A": 278,
      "C": 291,
      "B": 224
    },
    "final_group_cooperation_rates": {
      "A": 0.15467625899280577,
      "C": 0.16838487972508592,
      "B": 0.10714285714285714
    },
    "in_group_interaction_rate": 0.4437116539675541,
    "out_group_interaction_rate": 0.5562883460324459,
    "avg_in_group_trust": 0.30293841723037207,
    "avg_out_group_trust": 0.41535847394670056,
    "trust_asymmetry": -0.11242005671632849,
    "group_segregation_index": 0.4437116539675541,
    "total_mixing_events": 20,
    "mixing_event_success_rate": 1.0,
    "reputational_spillover_events": 0,
    "out_group_constraint_amplifications": 0,
    "group_extinction_events": 0
  },
  "interaction_metrics": {
    "total_interactions": 371942,
    "avg_interaction_processing_time": 0.0
  }
}