{
  "run_id": 117,
  "parameters": {
    "shock_interval_years": 10,
    "homophily_bias": 0.30880803543263585,
    "num_groups": 3,
    "out_group_trust_bias": 0.9453429142876821,
    "out_group_penalty": 1.8198635361501636,
    "intervention_interval": 20,
    "intervention_scale": 0.22541093485191954,
    "event_bonus": 1.611704555340235,
    "base_trust_delta": 0.1014476975317595,
    "group_trust_bias": 1.7068996947666641,
    "resilience_profile": {
      "threshold": 0.3604090199798965,
      "noise": 0.07809215265502549
    },
    "turnover_rate": 0.0006968059199375322,
    "social_diffusion": 0.08098072702120615,
    "max_rounds": 300,
    "initial_population": 200,
    "max_population": 800,
    "maslow_variation": 0.5,
    "constraint_threshold_range": [
      0.2,
      0.8
    ],
    "recovery_threshold": 0.15,
    "cooperation_bonus": 0.2,
    "trust_threshold": 0.6,
    "max_relationships_per_person": 150
  },
  "outcomes": {
    "final_cooperation_rate": 0.81,
    "behavioral_cooperation_rate": 0.45410624423071194,
    "final_constrained_rate": 0.19,
    "final_population": 100,
    "extinction_occurred": false,
    "rounds_completed": 300,
    "first_cascade_round": null,
    "total_cascade_events": 0,
    "total_shock_events": 6,
    "total_defections": 110533,
    "total_redemptions": 1306,
    "net_strategy_change": 109227,
    "total_births": 118,
    "total_deaths": 217,
    "max_population_reached": 302,
    "population_stability": 0.05513233978559219,
    "population_growth": 1.51,
    "avg_system_stress": 0.41828783598017516,
    "max_system_stress": 1.453248517259895,
    "avg_maslow_pressure": 0.08333300329381695,
    "avg_basic_needs_crisis_rate": 0.37,
    "avg_trust_level": 0.48236259488956046,
    "cooperation_benefit_total": 0,
    "cooperation_resilience": 0.81
  },
  "maslow_hierarchy": {
    "initial_needs_avg": {
      "physiological": 4.8312992660848115,
      "safety": 5.084357105849233,
      "love": 5.407902922770924,
      "esteem": 5.137234856265433,
      "self_actualization": 4.547153797551474
    },
    "final_needs_avg": {
      "physiological": 5.165256800325527,
      "safety": 5.890650744287971,
      "love": 8.141525204788074,
      "esteem": 4.814423621856115,
      "self_actualization": 5.079441829617718
    },
    "needs_improvement": {
      "physiological": 0.3339575342407155,
      "safety": 0.8062936384387376,
      "love": 2.7336222820171505,
      "esteem": -0.32281123440931836,
      "self_actualization": 0.5322880320662433
    }
  },
  "inter_group_metrics": {
    "final_group_populations": {
      "B": 43,
      "A": 38,
      "C": 19
    },
    "final_group_cooperation_rates": {
      "B": 0.7906976744186046,
      "A": 0.7894736842105263,
      "C": 0.8947368421052632
    },
    "in_group_interaction_rate": 0.540504124110413,
    "out_group_interaction_rate": 0.459495875889587,
    "avg_in_group_trust": 0.5389557855348271,
    "avg_out_group_trust": 0.4257694042442938,
    "trust_asymmetry": 0.11318638129053332,
    "group_segregation_index": 0.540504124110413,
    "total_mixing_events": 15,
    "mixing_event_success_rate": 1.0,
    "reputational_spillover_events": 0,
    "out_group_constraint_amplifications": 0,
    "group_extinction_events": 0
  },
  "interaction_metrics": {
    "total_interactions": 134332,
    "avg_interaction_processing_time": 0.0
  }
}