{
  "run_id": 81,
  "parameters": {
    "shock_interval_years": 5,
    "homophily_bias": 0.0,
    "num_groups": 1,
    "out_group_trust_bias": 0.9350723574640937,
    "out_group_penalty": 1.184069958274187,
    "intervention_interval": 0,
    "intervention_scale": 0.1627300190722435,
    "event_bonus": 1.6597686996926155,
    "base_trust_delta": 0.16517360895225658,
    "group_trust_bias": 1.7397740603486862,
    "resilience_profile": {
      "threshold": 0.38020504648084485,
      "noise": 0.06707064270556752
    },
    "turnover_rate": 0.0016049235582571931,
    "social_diffusion": 0.053289478266710315,
    "max_rounds": 300,
    "initial_population": 200,
    "max_population": 800,
    "maslow_variation": 0.5,
    "constraint_threshold_range": [
      0.2,
      0.8
    ],
    "recovery_threshold": 0.15,
    "cooperation_bonus": 0.2,
    "trust_threshold": 0.6,
    "max_relationships_per_person": 150
  },
  "outcomes": {
    "final_cooperation_rate": 0.8526315789473684,
    "behavioral_cooperation_rate": 0.5770618813971882,
    "final_constrained_rate": 0.14736842105263157,
    "final_population": 570,
    "extinction_occurred": false,
    "rounds_completed": 300,
    "first_cascade_round": null,
    "total_cascade_events": 0,
    "total_shock_events": 16,
    "total_defections": 135060,
    "total_redemptions": 3346,
    "net_strategy_change": 131714,
    "total_births": 633,
    "total_deaths": 261,
    "max_population_reached": 677,
    "population_stability": 0.010730044305936574,
    "population_growth": 3.385,
    "avg_system_stress": 4.123597645222075,
    "max_system_stress": 8.262320311733056,
    "avg_maslow_pressure": 0.053835068696958366,
    "avg_basic_needs_crisis_rate": 0.18070175438596492,
    "avg_trust_level": 0.7367569635826409,
    "cooperation_benefit_total": 0,
    "cooperation_resilience": 0.8526315789473684
  },
  "maslow_hierarchy": {
    "initial_needs_avg": {
      "physiological": 5.247032625429113,
      "safety": 5.48432627124139,
      "love": 4.807417150647461,
      "esteem": 5.231840247894579,
      "self_actualization": 5.008056948448642
    },
    "final_needs_avg": {
      "physiological": 5.7160364714104475,
      "safety": 6.108114575165622,
      "love": 9.06907188082275,
      "esteem": 2.4468309106908572,
      "self_actualization": 5.959501267455259
    },
    "needs_improvement": {
      "physiological": 0.4690038459813346,
      "safety": 0.6237883039242327,
      "love": 4.26165473017529,
      "esteem": -2.7850093372037215,
      "self_actualization": 0.9514443190066171
    }
  },
  "inter_group_metrics": {
    "final_group_populations": {
      "A": 570
    },
    "final_group_cooperation_rates": {
      "A": 0.8526315789473684
    },
    "in_group_interaction_rate": 1.0,
    "out_group_interaction_rate": 0.0,
    "avg_in_group_trust": 0.7367569635826409,
    "avg_out_group_trust": 0.7367569635826409,
    "trust_asymmetry": 0.0,
    "group_segregation_index": 1.0,
    "total_mixing_events": 0,
    "mixing_event_success_rate": 0,
    "reputational_spillover_events": 0,
    "out_group_constraint_amplifications": 0,
    "group_extinction_events": 0
  },
  "interaction_metrics": {
    "total_interactions": 260466,
    "avg_interaction_processing_time": 0.0
  }
}