{
  "run_id": 55,
  "parameters": {
    "shock_interval_years": 5,
    "homophily_bias": 0.2627657333474547,
    "num_groups": 2,
    "out_group_trust_bias": 0.8815683316017182,
    "out_group_penalty": 1.7820089230649176,
    "intervention_interval": 25,
    "intervention_scale": 0.16699601307867395,
    "event_bonus": 1.5966617356520345,
    "base_trust_delta": 0.07934162326739629,
    "group_trust_bias": 1.7212435503875705,
    "resilience_profile": {
      "threshold": 0.32262238982535896,
      "noise": 0.13295717958238942
    },
    "turnover_rate": 0.003295870572487147,
    "social_diffusion": 0.06436511639725923,
    "max_rounds": 300,
    "initial_population": 200,
    "max_population": 800,
    "maslow_variation": 0.5,
    "constraint_threshold_range": [
      0.2,
      0.8
    ],
    "recovery_threshold": 0.15,
    "cooperation_bonus": 0.2,
    "trust_threshold": 0.6,
    "max_relationships_per_person": 150
  },
  "outcomes": {
    "final_cooperation_rate": 0.8242730720606827,
    "behavioral_cooperation_rate": 0.3684975089497222,
    "final_constrained_rate": 0.17572692793931732,
    "final_population": 791,
    "extinction_occurred": false,
    "rounds_completed": 300,
    "first_cascade_round": null,
    "total_cascade_events": 0,
    "total_shock_events": 11,
    "total_defections": 323207,
    "total_redemptions": 5220,
    "net_strategy_change": 317987,
    "total_births": 939,
    "total_deaths": 346,
    "max_population_reached": 800,
    "population_stability": 0.008007169754767993,
    "population_growth": 4.0,
    "avg_system_stress": 2.2798537060393693,
    "max_system_stress": 5.113822261907168,
    "avg_maslow_pressure": 0.06619818218351786,
    "avg_basic_needs_crisis_rate": 0.23261694058154236,
    "avg_trust_level": 0.5979669106451583,
    "cooperation_benefit_total": 0,
    "cooperation_resilience": 0.8242730720606827
  },
  "maslow_hierarchy": {
    "initial_needs_avg": {
      "physiological": 5.105238103709073,
      "safety": 4.7086598430038435,
      "love": 4.659458125763345,
      "esteem": 5.139178849723217,
      "self_actualization": 5.244042257838634
    },
    "final_needs_avg": {
      "physiological": 5.7170539708521675,
      "safety": 5.30381097056,
      "love": 8.033907613804894,
      "esteem": 3.2111602149469465,
      "self_actualization": 5.941285454712593
    },
    "needs_improvement": {
      "physiological": 0.6118158671430942,
      "safety": 0.5951511275561563,
      "love": 3.3744494880415488,
      "esteem": -1.928018634776271,
      "self_actualization": 0.6972431968739583
    }
  },
  "inter_group_metrics": {
    "final_group_populations": {
      "B": 401,
      "A": 390
    },
    "final_group_cooperation_rates": {
      "B": 0.827930174563591,
      "A": 0.8205128205128205
    },
    "in_group_interaction_rate": 0.6290911118901176,
    "out_group_interaction_rate": 0.37090888810988243,
    "avg_in_group_trust": 0.6561933759606788,
    "avg_out_group_trust": 0.5397404453296377,
    "trust_asymmetry": 0.11645293063104112,
    "group_segregation_index": 0.6290911118901176,
    "total_mixing_events": 12,
    "mixing_event_success_rate": 1.0,
    "reputational_spillover_events": 0,
    "out_group_constraint_amplifications": 0,
    "group_extinction_events": 0
  },
  "interaction_metrics": {
    "total_interactions": 376548,
    "avg_interaction_processing_time": 0.0
  }
}