{
  "run_id": 141,
  "parameters": {
    "shock_interval_years": 5,
    "homophily_bias": 0.0,
    "num_groups": 1,
    "out_group_trust_bias": 0.8597800610497609,
    "out_group_penalty": 1.7338678427513257,
    "intervention_interval": 0,
    "intervention_scale": 0.053439478520921915,
    "event_bonus": 1.6140716545103015,
    "base_trust_delta": 0.09889354910621706,
    "group_trust_bias": 1.6815146090921471,
    "resilience_profile": {
      "threshold": 0.19575219308548536,
      "noise": 0.11585996503968421
    },
    "turnover_rate": 0.003026106324432401,
    "social_diffusion": 0.047714667134582035,
    "max_rounds": 300,
    "initial_population": 200,
    "max_population": 800,
    "maslow_variation": 0.5,
    "constraint_threshold_range": [
      0.2,
      0.8
    ],
    "recovery_threshold": 0.15,
    "cooperation_bonus": 0.2,
    "trust_threshold": 0.6,
    "max_relationships_per_person": 150
  },
  "outcomes": {
    "final_cooperation_rate": 0.88510101010101,
    "behavioral_cooperation_rate": 0.47369719949071454,
    "final_constrained_rate": 0.1148989898989899,
    "final_population": 792,
    "extinction_occurred": false,
    "rounds_completed": 300,
    "first_cascade_round": null,
    "total_cascade_events": 0,
    "total_shock_events": 23,
    "total_defections": 242072,
    "total_redemptions": 3914,
    "net_strategy_change": 238158,
    "total_births": 910,
    "total_deaths": 315,
    "max_population_reached": 800,
    "population_stability": 0.0053220721915699576,
    "population_growth": 4.0,
    "avg_system_stress": 4.579933109874304,
    "max_system_stress": 6.7245856641197745,
    "avg_maslow_pressure": 0.06714045881863157,
    "avg_basic_needs_crisis_rate": 0.24621212121212122,
    "avg_trust_level": 0.6759501378610439,
    "cooperation_benefit_total": 0,
    "cooperation_resilience": 0.88510101010101
  },
  "maslow_hierarchy": {
    "initial_needs_avg": {
      "physiological": 5.147900578663284,
      "safety": 4.8367552358528165,
      "love": 4.7340961048668495,
      "esteem": 4.843133239574909,
      "self_actualization": 5.157755009521824
    },
    "final_needs_avg": {
      "physiological": 5.652658962596779,
      "safety": 5.665419708509113,
      "love": 8.983613430051447,
      "esteem": 2.2795104092605674,
      "self_actualization": 5.791223160688081
    },
    "needs_improvement": {
      "physiological": 0.5047583839334946,
      "safety": 0.8286644726562962,
      "love": 4.2495173251845975,
      "esteem": -2.563622830314342,
      "self_actualization": 0.633468151166257
    }
  },
  "inter_group_metrics": {
    "final_group_populations": {
      "A": 792
    },
    "final_group_cooperation_rates": {
      "A": 0.88510101010101
    },
    "in_group_interaction_rate": 1.0,
    "out_group_interaction_rate": 0.0,
    "avg_in_group_trust": 0.6759501378610439,
    "avg_out_group_trust": 0.6759501378610439,
    "trust_asymmetry": 0.0,
    "group_segregation_index": 1.0,
    "total_mixing_events": 0,
    "mixing_event_success_rate": 0,
    "reputational_spillover_events": 0,
    "out_group_constraint_amplifications": 0,
    "group_extinction_events": 0
  },
  "interaction_metrics": {
    "total_interactions": 356578,
    "avg_interaction_processing_time": 0.0
  }
}