{
  "run_id": 178,
  "parameters": {
    "shock_interval_years": 2,
    "homophily_bias": 0.0,
    "num_groups": 1,
    "out_group_trust_bias": 0.9229544840367454,
    "out_group_penalty": 1.6704729311150686,
    "intervention_interval": 0,
    "intervention_scale": 0.24621121181818356,
    "event_bonus": 2.0287012128857094,
    "base_trust_delta": 0.19746744485494527,
    "group_trust_bias": 1.7938969860484093,
    "resilience_profile": {
      "threshold": 0.39866310916082104,
      "noise": 0.12543728720965222
    },
    "turnover_rate": 0.006194868507933303,
    "social_diffusion": 0.03887742805192301,
    "max_rounds": 300,
    "initial_population": 200,
    "max_population": 800,
    "maslow_variation": 0.5,
    "constraint_threshold_range": [
      0.2,
      0.8
    ],
    "recovery_threshold": 0.15,
    "cooperation_bonus": 0.2,
    "trust_threshold": 0.6,
    "max_relationships_per_person": 150
  },
  "outcomes": {
    "final_cooperation_rate": 0.49547218628719275,
    "behavioral_cooperation_rate": 0.289212484684951,
    "final_constrained_rate": 0.5045278137128072,
    "final_population": 773,
    "extinction_occurred": false,
    "rounds_completed": 300,
    "first_cascade_round": null,
    "total_cascade_events": 0,
    "total_shock_events": 43,
    "total_defections": 424766,
    "total_redemptions": 11566,
    "net_strategy_change": 413200,
    "total_births": 1125,
    "total_deaths": 542,
    "max_population_reached": 800,
    "population_stability": 0.007244056342497451,
    "population_growth": 4.0,
    "avg_system_stress": 8.515992734450567,
    "max_system_stress": 19.361405565978977,
    "avg_maslow_pressure": 0.131249431964672,
    "avg_basic_needs_crisis_rate": 0.23803363518758086,
    "avg_trust_level": 0.5208553021717898,
    "cooperation_benefit_total": 0,
    "cooperation_resilience": 0.49547218628719275
  },
  "maslow_hierarchy": {
    "initial_needs_avg": {
      "physiological": 4.812380806455578,
      "safety": 4.79252719171486,
      "love": 4.906682577349292,
      "esteem": 5.010304132800658,
      "self_actualization": 5.282480491559276
    },
    "final_needs_avg": {
      "physiological": 5.307427529780118,
      "safety": 5.490406475109773,
      "love": 3.815022999677218,
      "esteem": 0.35568345876669677,
      "self_actualization": 6.033325156293021
    },
    "needs_improvement": {
      "physiological": 0.49504672332454014,
      "safety": 0.6978792833949132,
      "love": -1.091659577672074,
      "esteem": -4.6546206740339615,
      "self_actualization": 0.7508446647337452
    }
  },
  "inter_group_metrics": {
    "final_group_populations": {
      "A": 773
    },
    "final_group_cooperation_rates": {
      "A": 0.49547218628719275
    },
    "in_group_interaction_rate": 1.0,
    "out_group_interaction_rate": 0.0,
    "avg_in_group_trust": 0.5208553021717898,
    "avg_out_group_trust": 0.5208553021717898,
    "trust_asymmetry": 0.0,
    "group_segregation_index": 1.0,
    "total_mixing_events": 0,
    "mixing_event_success_rate": 0,
    "reputational_spillover_events": 0,
    "out_group_constraint_amplifications": 0,
    "group_extinction_events": 0
  },
  "interaction_metrics": {
    "total_interactions": 419522,
    "avg_interaction_processing_time": 0.0
  }
}