{
  "run_id": 75,
  "parameters": {
    "shock_interval_years": 3,
    "homophily_bias": 0.0,
    "num_groups": 1,
    "out_group_trust_bias": 0.8778176093649604,
    "out_group_penalty": 1.9313425871782552,
    "intervention_interval": 0,
    "intervention_scale": 0.19302751068613044,
    "event_bonus": 2.1243658632171387,
    "base_trust_delta": 0.10259622045489786,
    "group_trust_bias": 1.9097374656195374,
    "resilience_profile": {
      "threshold": 0.2839247334278794,
      "noise": 0.12037969665002876
    },
    "turnover_rate": 0.005089869495947732,
    "social_diffusion": 0.07897780017354311,
    "max_rounds": 300,
    "initial_population": 200,
    "max_population": 800,
    "maslow_variation": 0.5,
    "constraint_threshold_range": [
      0.2,
      0.8
    ],
    "recovery_threshold": 0.15,
    "cooperation_bonus": 0.2,
    "trust_threshold": 0.6,
    "max_relationships_per_person": 150
  },
  "outcomes": {
    "final_cooperation_rate": 0.640960809102402,
    "behavioral_cooperation_rate": 0.3154656684343697,
    "final_constrained_rate": 0.359039190897598,
    "final_population": 791,
    "extinction_occurred": false,
    "rounds_completed": 300,
    "first_cascade_round": null,
    "total_cascade_events": 0,
    "total_shock_events": 31,
    "total_defections": 379653,
    "total_redemptions": 8518,
    "net_strategy_change": 371135,
    "total_births": 1020,
    "total_deaths": 427,
    "max_population_reached": 800,
    "population_stability": 0.0042751507687862735,
    "population_growth": 4.0,
    "avg_system_stress": 7.367213289064245,
    "max_system_stress": 13.138460404230164,
    "avg_maslow_pressure": 0.09693547251683346,
    "avg_basic_needs_crisis_rate": 0.20733249051833122,
    "avg_trust_level": 0.6687412834041977,
    "cooperation_benefit_total": 0,
    "cooperation_resilience": 0.640960809102402
  },
  "maslow_hierarchy": {
    "initial_needs_avg": {
      "physiological": 4.896587629315063,
      "safety": 4.898242794105921,
      "love": 4.840679080058438,
      "esteem": 5.224007668410633,
      "self_actualization": 4.907943684347666
    },
    "final_needs_avg": {
      "physiological": 5.381516574121781,
      "safety": 5.721487729879185,
      "love": 8.013323193904185,
      "esteem": 0.6826873861138952,
      "self_actualization": 5.675533259173471
    },
    "needs_improvement": {
      "physiological": 0.48492894480671733,
      "safety": 0.8232449357732641,
      "love": 3.172644113845747,
      "esteem": -4.541320282296738,
      "self_actualization": 0.7675895748258048
    }
  },
  "inter_group_metrics": {
    "final_group_populations": {
      "A": 791
    },
    "final_group_cooperation_rates": {
      "A": 0.640960809102402
    },
    "in_group_interaction_rate": 1.0,
    "out_group_interaction_rate": 0.0,
    "avg_in_group_trust": 0.6687412834041977,
    "avg_out_group_trust": 0.6687412834041977,
    "trust_asymmetry": 0.0,
    "group_segregation_index": 1.0,
    "total_mixing_events": 0,
    "mixing_event_success_rate": 0,
    "reputational_spillover_events": 0,
    "out_group_constraint_amplifications": 0,
    "group_extinction_events": 0
  },
  "interaction_metrics": {
    "total_interactions": 403914,
    "avg_interaction_processing_time": 0.0
  }
}