{
  "run_id": 34,
  "parameters": {
    "shock_interval_years": 20,
    "homophily_bias": 0.08933441630721264,
    "num_groups": 3,
    "out_group_trust_bias": 0.9216244356993523,
    "out_group_penalty": 1.9432764779994338,
    "intervention_interval": 10,
    "intervention_scale": 0.23735659917418062,
    "event_bonus": 2.2799210777882526,
    "base_trust_delta": 0.18298150827334786,
    "group_trust_bias": 1.7177582014838775,
    "resilience_profile": {
      "threshold": 0.38347459802140194,
      "noise": 0.09508916169265158
    },
    "turnover_rate": 0.000877768180107879,
    "social_diffusion": 0.06993521623572684,
    "max_rounds": 300,
    "initial_population": 200,
    "max_population": 800,
    "maslow_variation": 0.5,
    "constraint_threshold_range": [
      0.2,
      0.8
    ],
    "recovery_threshold": 0.15,
    "cooperation_bonus": 0.2,
    "trust_threshold": 0.6,
    "max_relationships_per_person": 150
  },
  "outcomes": {
    "final_cooperation_rate": 0.6237623762376238,
    "behavioral_cooperation_rate": 0.07845488415913665,
    "final_constrained_rate": 0.37623762376237624,
    "final_population": 101,
    "extinction_occurred": false,
    "rounds_completed": 300,
    "first_cascade_round": null,
    "total_cascade_events": 0,
    "total_shock_events": 4,
    "total_defections": 233292,
    "total_redemptions": 1284,
    "net_strategy_change": 232008,
    "total_births": 131,
    "total_deaths": 230,
    "max_population_reached": 309,
    "population_stability": 0.05302896641001458,
    "population_growth": 1.545,
    "avg_system_stress": 0.3600548938258232,
    "max_system_stress": 1.327529813050563,
    "avg_maslow_pressure": 0.11723575712007311,
    "avg_basic_needs_crisis_rate": 0.42574257425742573,
    "avg_trust_level": 0.1840808539086692,
    "cooperation_benefit_total": 0,
    "cooperation_resilience": 0.6237623762376238
  },
  "maslow_hierarchy": {
    "initial_needs_avg": {
      "physiological": 5.145250484150652,
      "safety": 4.338429952811145,
      "love": 5.2688000331442515,
      "esteem": 4.732531461240469,
      "self_actualization": 5.178593729673113
    },
    "final_needs_avg": {
      "physiological": 4.950822275434031,
      "safety": 4.262735238034116,
      "love": 6.711180501040999,
      "esteem": 4.310401607923047,
      "self_actualization": 5.582576627196798
    },
    "needs_improvement": {
      "physiological": -0.19442820871662114,
      "safety": -0.07569471477702905,
      "love": 1.4423804678967471,
      "esteem": -0.42212985331742203,
      "self_actualization": 0.40398289752368477
    }
  },
  "inter_group_metrics": {
    "final_group_populations": {
      "A": 35,
      "B": 20,
      "C": 46
    },
    "final_group_cooperation_rates": {
      "A": 0.6857142857142857,
      "B": 0.5,
      "C": 0.6304347826086957
    },
    "in_group_interaction_rate": 0.3940516466104235,
    "out_group_interaction_rate": 0.6059483533895764,
    "avg_in_group_trust": 0.1810317653307729,
    "avg_out_group_trust": 0.18712994248656553,
    "trust_asymmetry": -0.006098177155792639,
    "group_segregation_index": 0.3940516466104235,
    "total_mixing_events": 30,
    "mixing_event_success_rate": 1.0,
    "reputational_spillover_events": 0,
    "out_group_constraint_amplifications": 0,
    "group_extinction_events": 0
  },
  "interaction_metrics": {
    "total_interactions": 140106,
    "avg_interaction_processing_time": 0.0
  }
}