{
  "run_id": 64,
  "parameters": {
    "shock_interval_years": 20,
    "homophily_bias": 0.0,
    "num_groups": 1,
    "out_group_trust_bias": 0.8767545889031986,
    "out_group_penalty": 2.1310712539174843,
    "intervention_interval": 0,
    "intervention_scale": 0.15840863062869043,
    "event_bonus": 1.960811481302954,
    "base_trust_delta": 0.16550660967713038,
    "group_trust_bias": 1.6242427084747937,
    "resilience_profile": {
      "threshold": 0.25338000003759514,
      "noise": 0.04553082631082576
    },
    "turnover_rate": 0.005827424879489947,
    "social_diffusion": 0.07054282370215606,
    "max_rounds": 300,
    "initial_population": 200,
    "max_population": 800,
    "maslow_variation": 0.5,
    "constraint_threshold_range": [
      0.2,
      0.8
    ],
    "recovery_threshold": 0.15,
    "cooperation_bonus": 0.2,
    "trust_threshold": 0.6,
    "max_relationships_per_person": 150
  },
  "outcomes": {
    "final_cooperation_rate": 0.997364953886693,
    "behavioral_cooperation_rate": 0.709864403270883,
    "final_constrained_rate": 0.002635046113306983,
    "final_population": 759,
    "extinction_occurred": false,
    "rounds_completed": 300,
    "first_cascade_round": null,
    "total_cascade_events": 0,
    "total_shock_events": 5,
    "total_defections": 136474,
    "total_redemptions": 1520,
    "net_strategy_change": 134954,
    "total_births": 1170,
    "total_deaths": 596,
    "max_population_reached": 800,
    "population_stability": 0.010141370940204791,
    "population_growth": 4.0,
    "avg_system_stress": 0.7423713750331673,
    "max_system_stress": 1.8044808038754818,
    "avg_maslow_pressure": 0.021928599128970196,
    "avg_basic_needs_crisis_rate": 0.13965744400527008,
    "avg_trust_level": 0.7581556658451473,
    "cooperation_benefit_total": 0,
    "cooperation_resilience": 0.997364953886693
  },
  "maslow_hierarchy": {
    "initial_needs_avg": {
      "physiological": 4.6612244167251,
      "safety": 5.139049632042031,
      "love": 5.46784784239,
      "esteem": 5.26290589722469,
      "self_actualization": 5.154325048353963
    },
    "final_needs_avg": {
      "physiological": 5.5798623938096945,
      "safety": 6.106667476541028,
      "love": 9.921212337840005,
      "esteem": 5.197789822054333,
      "self_actualization": 6.105063467305056
    },
    "needs_improvement": {
      "physiological": 0.9186379770845949,
      "safety": 0.9676178444989967,
      "love": 4.453364495450005,
      "esteem": -0.06511607517035678,
      "self_actualization": 0.9507384189510937
    }
  },
  "inter_group_metrics": {
    "final_group_populations": {
      "A": 759
    },
    "final_group_cooperation_rates": {
      "A": 0.997364953886693
    },
    "in_group_interaction_rate": 1.0,
    "out_group_interaction_rate": 0.0,
    "avg_in_group_trust": 0.7581556658451473,
    "avg_out_group_trust": 0.7581556658451473,
    "trust_asymmetry": 0.0,
    "group_segregation_index": 1.0,
    "total_mixing_events": 0,
    "mixing_event_success_rate": 0,
    "reputational_spillover_events": 0,
    "out_group_constraint_amplifications": 0,
    "group_extinction_events": 0
  },
  "interaction_metrics": {
    "total_interactions": 425084,
    "avg_interaction_processing_time": 0.0
  }
}