{
  "run_id": 94,
  "parameters": {
    "shock_interval_years": 5,
    "homophily_bias": 0.2372898640436672,
    "num_groups": 2,
    "out_group_trust_bias": 0.9994710099106383,
    "out_group_penalty": 1.577702243933386,
    "intervention_interval": 10,
    "intervention_scale": 0.08610269675614572,
    "event_bonus": 1.6400206151591745,
    "base_trust_delta": 0.08491796395266896,
    "group_trust_bias": 1.5807738775687488,
    "resilience_profile": {
      "threshold": 0.27562738478256976,
      "noise": 0.06332213068670799
    },
    "turnover_rate": 0.0070385903518860975,
    "social_diffusion": 0.09271276882137142,
    "max_rounds": 300,
    "initial_population": 200,
    "max_population": 800,
    "maslow_variation": 0.5,
    "constraint_threshold_range": [
      0.2,
      0.8
    ],
    "recovery_threshold": 0.15,
    "cooperation_bonus": 0.2,
    "trust_threshold": 0.6,
    "max_relationships_per_person": 150
  },
  "outcomes": {
    "final_cooperation_rate": 0.8558322411533421,
    "behavioral_cooperation_rate": 0.4058970345615297,
    "final_constrained_rate": 0.14416775884665792,
    "final_population": 763,
    "extinction_occurred": false,
    "rounds_completed": 300,
    "first_cascade_round": null,
    "total_cascade_events": 0,
    "total_shock_events": 15,
    "total_defections": 336568,
    "total_redemptions": 5148,
    "net_strategy_change": 331420,
    "total_births": 1167,
    "total_deaths": 589,
    "max_population_reached": 800,
    "population_stability": 0.007610193938023689,
    "population_growth": 4.0,
    "avg_system_stress": 1.6385876774988402,
    "max_system_stress": 6.9436797262873995,
    "avg_maslow_pressure": 0.06786393117007122,
    "avg_basic_needs_crisis_rate": 0.17693315858453473,
    "avg_trust_level": 0.5449825391523947,
    "cooperation_benefit_total": 0,
    "cooperation_resilience": 0.8558322411533421
  },
  "maslow_hierarchy": {
    "initial_needs_avg": {
      "physiological": 4.965751099557686,
      "safety": 5.087095561737246,
      "love": 4.709590458813746,
      "esteem": 4.9367290565774855,
      "self_actualization": 5.177899117665942
    },
    "final_needs_avg": {
      "physiological": 6.052243842509502,
      "safety": 5.6428212179599715,
      "love": 7.431528916378821,
      "esteem": 2.9653570491822356,
      "self_actualization": 5.838381050439834
    },
    "needs_improvement": {
      "physiological": 1.0864927429518163,
      "safety": 0.5557256562227257,
      "love": 2.7219384575650754,
      "esteem": -1.9713720073952499,
      "self_actualization": 0.6604819327738918
    }
  },
  "inter_group_metrics": {
    "final_group_populations": {
      "B": 393,
      "A": 370
    },
    "final_group_cooperation_rates": {
      "B": 0.8575063613231552,
      "A": 0.8540540540540541
    },
    "in_group_interaction_rate": 0.6187679493868419,
    "out_group_interaction_rate": 0.3812320506131581,
    "avg_in_group_trust": 0.5580389473109886,
    "avg_out_group_trust": 0.5319261309938008,
    "trust_asymmetry": 0.02611281631718776,
    "group_segregation_index": 0.6187679493868419,
    "total_mixing_events": 30,
    "mixing_event_success_rate": 1.0,
    "reputational_spillover_events": 0,
    "out_group_constraint_amplifications": 0,
    "group_extinction_events": 0
  },
  "interaction_metrics": {
    "total_interactions": 425502,
    "avg_interaction_processing_time": 0.0
  }
}