{
  "run_id": 198,
  "parameters": {
    "shock_interval_years": 10,
    "homophily_bias": 0.6251451157089125,
    "num_groups": 3,
    "out_group_trust_bias": 0.929437731418071,
    "out_group_penalty": 1.9624286497259504,
    "intervention_interval": 20,
    "intervention_scale": 0.0597909053673258,
    "event_bonus": 2.192564167406717,
    "base_trust_delta": 0.13586360405961795,
    "group_trust_bias": 1.7999670912406516,
    "resilience_profile": {
      "threshold": 0.27588984588449694,
      "noise": 0.14175999337623715
    },
    "turnover_rate": 0.003985699081352524,
    "social_diffusion": 0.034662284378991985,
    "max_rounds": 300,
    "initial_population": 200,
    "max_population": 800,
    "maslow_variation": 0.5,
    "constraint_threshold_range": [
      0.2,
      0.8
    ],
    "recovery_threshold": 0.15,
    "cooperation_bonus": 0.2,
    "trust_threshold": 0.6,
    "max_relationships_per_person": 150
  },
  "outcomes": {
    "final_cooperation_rate": 0.9130982367758187,
    "behavioral_cooperation_rate": 0.41377982262564017,
    "final_constrained_rate": 0.08690176322418136,
    "final_population": 794,
    "extinction_occurred": false,
    "rounds_completed": 300,
    "first_cascade_round": null,
    "total_cascade_events": 0,
    "total_shock_events": 6,
    "total_defections": 323036,
    "total_redemptions": 2501,
    "net_strategy_change": 320535,
    "total_births": 953,
    "total_deaths": 357,
    "max_population_reached": 800,
    "population_stability": 0.005842015566890778,
    "population_growth": 4.0,
    "avg_system_stress": 0.5082782097551515,
    "max_system_stress": 1.1942433087314002,
    "avg_maslow_pressure": 0.03957937564194964,
    "avg_basic_needs_crisis_rate": 0.1561712846347607,
    "avg_trust_level": 0.6229796707061486,
    "cooperation_benefit_total": 0,
    "cooperation_resilience": 0.9130982367758187
  },
  "maslow_hierarchy": {
    "initial_needs_avg": {
      "physiological": 4.985178646867874,
      "safety": 5.161830778478824,
      "love": 4.82362425292074,
      "esteem": 4.889064039460624,
      "self_actualization": 4.989057061836075
    },
    "final_needs_avg": {
      "physiological": 5.81885642906193,
      "safety": 5.945527853532399,
      "love": 9.109435336853513,
      "esteem": 4.288027449000417,
      "self_actualization": 6.1770820078466
    },
    "needs_improvement": {
      "physiological": 0.833677782194056,
      "safety": 0.783697075053575,
      "love": 4.285811083932773,
      "esteem": -0.6010365904602075,
      "self_actualization": 1.1880249460105254
    }
  },
  "inter_group_metrics": {
    "final_group_populations": {
      "B": 250,
      "C": 279,
      "A": 265
    },
    "final_group_cooperation_rates": {
      "B": 0.888,
      "C": 0.9175627240143369,
      "A": 0.9320754716981132
    },
    "in_group_interaction_rate": 0.7478817087896074,
    "out_group_interaction_rate": 0.25211829121039264,
    "avg_in_group_trust": 0.7603092130975909,
    "avg_out_group_trust": 0.4856501283147062,
    "trust_asymmetry": 0.2746590847828847,
    "group_segregation_index": 0.7478817087896074,
    "total_mixing_events": 15,
    "mixing_event_success_rate": 1.0,
    "reputational_spillover_events": 0,
    "out_group_constraint_amplifications": 0,
    "group_extinction_events": 0
  },
  "interaction_metrics": {
    "total_interactions": 384272,
    "avg_interaction_processing_time": 0.0
  }
}