{
  "run_id": 54,
  "parameters": {
    "shock_interval_years": 2,
    "homophily_bias": 0.0,
    "num_groups": 1,
    "out_group_trust_bias": 0.9507512594905754,
    "out_group_penalty": 1.2713513244585661,
    "intervention_interval": 0,
    "intervention_scale": 0.20546143338920042,
    "event_bonus": 1.9287511323526223,
    "base_trust_delta": 0.05622253084814589,
    "group_trust_bias": 1.8918970738902412,
    "resilience_profile": {
      "threshold": 0.10225812314422983,
      "noise": 0.07917244160254054
    },
    "turnover_rate": 0.006451615421719577,
    "social_diffusion": 0.048662185400748084,
    "max_rounds": 300,
    "initial_population": 200,
    "max_population": 800,
    "maslow_variation": 0.5,
    "constraint_threshold_range": [
      0.2,
      0.8
    ],
    "recovery_threshold": 0.15,
    "cooperation_bonus": 0.2,
    "trust_threshold": 0.6,
    "max_relationships_per_person": 150
  },
  "outcomes": {
    "final_cooperation_rate": 0.9688715953307393,
    "behavioral_cooperation_rate": 0.3878250352751461,
    "final_constrained_rate": 0.0311284046692607,
    "final_population": 771,
    "extinction_occurred": false,
    "rounds_completed": 300,
    "first_cascade_round": null,
    "total_cascade_events": 0,
    "total_shock_events": 30,
    "total_defections": 346082,
    "total_redemptions": 3538,
    "net_strategy_change": 342544,
    "total_births": 1210,
    "total_deaths": 632,
    "max_population_reached": 800,
    "population_stability": 0.009098904723469876,
    "population_growth": 4.0,
    "avg_system_stress": 5.4216742531394395,
    "max_system_stress": 12.373421650357418,
    "avg_maslow_pressure": 0.057502556004125197,
    "avg_basic_needs_crisis_rate": 0.19584954604409857,
    "avg_trust_level": 0.5399467504006217,
    "cooperation_benefit_total": 0,
    "cooperation_resilience": 0.9688715953307393
  },
  "maslow_hierarchy": {
    "initial_needs_avg": {
      "physiological": 4.847050426062115,
      "safety": 4.811586451938005,
      "love": 5.13160629292473,
      "esteem": 4.653413455415537,
      "self_actualization": 5.421367642576569
    },
    "final_needs_avg": {
      "physiological": 5.5942292743143,
      "safety": 5.660955826766339,
      "love": 9.273536510628944,
      "esteem": 1.6831434428584253,
      "self_actualization": 6.257133465777209
    },
    "needs_improvement": {
      "physiological": 0.7471788482521848,
      "safety": 0.849369374828334,
      "love": 4.141930217704213,
      "esteem": -2.9702700125571115,
      "self_actualization": 0.8357658232006404
    }
  },
  "inter_group_metrics": {
    "final_group_populations": {
      "A": 771
    },
    "final_group_cooperation_rates": {
      "A": 0.9688715953307393
    },
    "in_group_interaction_rate": 1.0,
    "out_group_interaction_rate": 0.0,
    "avg_in_group_trust": 0.5399467504006217,
    "avg_out_group_trust": 0.5399467504006217,
    "trust_asymmetry": 0.0,
    "group_segregation_index": 1.0,
    "total_mixing_events": 0,
    "mixing_event_success_rate": 0,
    "reputational_spillover_events": 0,
    "out_group_constraint_amplifications": 0,
    "group_extinction_events": 0
  },
  "interaction_metrics": {
    "total_interactions": 426646,
    "avg_interaction_processing_time": 0.0
  }
}