{
  "run_id": 163,
  "parameters": {
    "shock_interval_years": 20,
    "homophily_bias": 0.0,
    "num_groups": 1,
    "out_group_trust_bias": 0.9421897437499974,
    "out_group_penalty": 1.6386631070287185,
    "intervention_interval": 0,
    "intervention_scale": 0.1353537807350989,
    "event_bonus": 2.278226474731994,
    "base_trust_delta": 0.16539785788775202,
    "group_trust_bias": 1.7182675475961844,
    "resilience_profile": {
      "threshold": 0.3546348108395966,
      "noise": 0.1296647337770537
    },
    "turnover_rate": 0.003683176107728489,
    "social_diffusion": 0.04299610305219618,
    "max_rounds": 300,
    "initial_population": 200,
    "max_population": 800,
    "maslow_variation": 0.5,
    "constraint_threshold_range": [
      0.2,
      0.8
    ],
    "recovery_threshold": 0.15,
    "cooperation_bonus": 0.2,
    "trust_threshold": 0.6,
    "max_relationships_per_person": 150
  },
  "outcomes": {
    "final_cooperation_rate": 1.0,
    "behavioral_cooperation_rate": 0.7174866148095768,
    "final_constrained_rate": 0.0,
    "final_population": 786,
    "extinction_occurred": false,
    "rounds_completed": 300,
    "first_cascade_round": null,
    "total_cascade_events": 0,
    "total_shock_events": 5,
    "total_defections": 124308,
    "total_redemptions": 1062,
    "net_strategy_change": 123246,
    "total_births": 1001,
    "total_deaths": 408,
    "max_population_reached": 800,
    "population_stability": 0.003373419895950489,
    "population_growth": 4.0,
    "avg_system_stress": 0.5033109539510402,
    "max_system_stress": 1.1013741157744588,
    "avg_maslow_pressure": 0.030126338425427803,
    "avg_basic_needs_crisis_rate": 0.15648854961832062,
    "avg_trust_level": 0.8421451603976141,
    "cooperation_benefit_total": 0,
    "cooperation_resilience": 1.0
  },
  "maslow_hierarchy": {
    "initial_needs_avg": {
      "physiological": 5.0009421584851115,
      "safety": 5.152740641269279,
      "love": 4.7256923632162415,
      "esteem": 5.261156761085983,
      "self_actualization": 4.625773654692464
    },
    "final_needs_avg": {
      "physiological": 5.9016334359611875,
      "safety": 6.0755910734558425,
      "love": 9.983160593092892,
      "esteem": 5.45453599877794,
      "self_actualization": 5.628551831172145
    },
    "needs_improvement": {
      "physiological": 0.900691277476076,
      "safety": 0.9228504321865634,
      "love": 5.25746822987665,
      "esteem": 0.19337923769195697,
      "self_actualization": 1.0027781764796808
    }
  },
  "inter_group_metrics": {
    "final_group_populations": {
      "A": 786
    },
    "final_group_cooperation_rates": {
      "A": 1.0
    },
    "in_group_interaction_rate": 1.0,
    "out_group_interaction_rate": 0.0,
    "avg_in_group_trust": 0.8421451603976141,
    "avg_out_group_trust": 0.8421451603976141,
    "trust_asymmetry": 0.0,
    "group_segregation_index": 1.0,
    "total_mixing_events": 0,
    "mixing_event_success_rate": 0,
    "reputational_spillover_events": 0,
    "out_group_constraint_amplifications": 0,
    "group_extinction_events": 0
  },
  "interaction_metrics": {
    "total_interactions": 395960,
    "avg_interaction_processing_time": 0.0
  }
}