{
  "run_id": 196,
  "parameters": {
    "shock_interval_years": 2,
    "homophily_bias": 0.1561478930796774,
    "num_groups": 2,
    "out_group_trust_bias": 0.9620310318845714,
    "out_group_penalty": 1.3570837764460084,
    "intervention_interval": 25,
    "intervention_scale": 0.2958227595740442,
    "event_bonus": 2.0738696368152056,
    "base_trust_delta": 0.1236776726474032,
    "group_trust_bias": 1.9302502684835567,
    "resilience_profile": {
      "threshold": 0.37614946308658803,
      "noise": 0.05958026219157648
    },
    "turnover_rate": 0.005446886987917475,
    "social_diffusion": 0.04934685609202432,
    "max_rounds": 300,
    "initial_population": 200,
    "max_population": 800,
    "maslow_variation": 0.5,
    "constraint_threshold_range": [
      0.2,
      0.8
    ],
    "recovery_threshold": 0.15,
    "cooperation_bonus": 0.2,
    "trust_threshold": 0.6,
    "max_relationships_per_person": 150
  },
  "outcomes": {
    "final_cooperation_rate": 0.4672657252888318,
    "behavioral_cooperation_rate": 0.19557933714875683,
    "final_constrained_rate": 0.5327342747111682,
    "final_population": 779,
    "extinction_occurred": false,
    "rounds_completed": 300,
    "first_cascade_round": null,
    "total_cascade_events": 0,
    "total_shock_events": 32,
    "total_defections": 492567,
    "total_redemptions": 8226,
    "net_strategy_change": 484341,
    "total_births": 1004,
    "total_deaths": 416,
    "max_population_reached": 800,
    "population_stability": 0.005137163038906859,
    "population_growth": 4.0,
    "avg_system_stress": 7.481718966385136,
    "max_system_stress": 15.503012647287138,
    "avg_maslow_pressure": 0.13135904498072015,
    "avg_basic_needs_crisis_rate": 0.21694480102695765,
    "avg_trust_level": 0.5325666282231554,
    "cooperation_benefit_total": 0,
    "cooperation_resilience": 0.4672657252888318
  },
  "maslow_hierarchy": {
    "initial_needs_avg": {
      "physiological": 4.918429234027802,
      "safety": 5.224717829406436,
      "love": 4.962468357448557,
      "esteem": 4.988623622967658,
      "self_actualization": 4.979671804513981
    },
    "final_needs_avg": {
      "physiological": 5.3010494906964345,
      "safety": 5.52407872499302,
      "love": 5.038025154050148,
      "esteem": 0.8790047287180027,
      "self_actualization": 5.467365988406062
    },
    "needs_improvement": {
      "physiological": 0.3826202566686323,
      "safety": 0.29936089558658363,
      "love": 0.07555679660159065,
      "esteem": -4.109618894249656,
      "self_actualization": 0.4876941838920805
    }
  },
  "inter_group_metrics": {
    "final_group_populations": {
      "A": 404,
      "B": 375
    },
    "final_group_cooperation_rates": {
      "A": 0.46534653465346537,
      "B": 0.4693333333333333
    },
    "in_group_interaction_rate": 0.5768180757757008,
    "out_group_interaction_rate": 0.42318192422429923,
    "avg_in_group_trust": 0.5711451653117905,
    "avg_out_group_trust": 0.49398809113452036,
    "trust_asymmetry": 0.07715707417727014,
    "group_segregation_index": 0.5768180757757008,
    "total_mixing_events": 12,
    "mixing_event_success_rate": 1.0,
    "reputational_spillover_events": 0,
    "out_group_constraint_amplifications": 0,
    "group_extinction_events": 0
  },
  "interaction_metrics": {
    "total_interactions": 402926,
    "avg_interaction_processing_time": 0.0
  }
}