{
  "run_id": 145,
  "parameters": {
    "shock_interval_years": 20,
    "homophily_bias": 0.6589744555113222,
    "num_groups": 3,
    "out_group_trust_bias": 0.8876977567566312,
    "out_group_penalty": 1.834979670409066,
    "intervention_interval": 20,
    "intervention_scale": 0.12553569790930474,
    "event_bonus": 2.3953899074412286,
    "base_trust_delta": 0.1499053000899806,
    "group_trust_bias": 1.8491699775326034,
    "resilience_profile": {
      "threshold": 0.12193404289181109,
      "noise": 0.1459946242219568
    },
    "turnover_rate": 0.002894003008471158,
    "social_diffusion": 0.0750266366243194,
    "max_rounds": 300,
    "initial_population": 200,
    "max_population": 800,
    "maslow_variation": 0.5,
    "constraint_threshold_range": [
      0.2,
      0.8
    ],
    "recovery_threshold": 0.15,
    "cooperation_bonus": 0.2,
    "trust_threshold": 0.6,
    "max_relationships_per_person": 150
  },
  "outcomes": {
    "final_cooperation_rate": 0.7866161616161617,
    "behavioral_cooperation_rate": 0.28509558696150256,
    "final_constrained_rate": 0.21338383838383837,
    "final_population": 792,
    "extinction_occurred": false,
    "rounds_completed": 300,
    "first_cascade_round": null,
    "total_cascade_events": 0,
    "total_shock_events": 4,
    "total_defections": 393375,
    "total_redemptions": 2675,
    "net_strategy_change": 390700,
    "total_births": 919,
    "total_deaths": 323,
    "max_population_reached": 800,
    "population_stability": 0.006825303929415969,
    "population_growth": 4.0,
    "avg_system_stress": 0.5760059332154354,
    "max_system_stress": 1.4948239419701803,
    "avg_maslow_pressure": 0.06550088890689182,
    "avg_basic_needs_crisis_rate": 0.2196969696969697,
    "avg_trust_level": 0.5396746538348318,
    "cooperation_benefit_total": 0,
    "cooperation_resilience": 0.7866161616161617
  },
  "maslow_hierarchy": {
    "initial_needs_avg": {
      "physiological": 5.11701055070142,
      "safety": 4.900361774431422,
      "love": 5.098267945123698,
      "esteem": 4.929427905239234,
      "self_actualization": 4.842963911567148
    },
    "final_needs_avg": {
      "physiological": 5.716117600194592,
      "safety": 5.790228588242708,
      "love": 8.281848316870127,
      "esteem": 3.893646986419213,
      "self_actualization": 5.382229590493387
    },
    "needs_improvement": {
      "physiological": 0.5991070494931723,
      "safety": 0.8898668138112855,
      "love": 3.1835803717464284,
      "esteem": -1.0357809188200213,
      "self_actualization": 0.5392656789262391
    }
  },
  "inter_group_metrics": {
    "final_group_populations": {
      "A": 217,
      "C": 244,
      "B": 331
    },
    "final_group_cooperation_rates": {
      "A": 0.7880184331797235,
      "C": 0.7745901639344263,
      "B": 0.7945619335347432
    },
    "in_group_interaction_rate": 0.7717201182473022,
    "out_group_interaction_rate": 0.22827988175269773,
    "avg_in_group_trust": 0.6473854917880982,
    "avg_out_group_trust": 0.43196381588156535,
    "trust_asymmetry": 0.21542167590653288,
    "group_segregation_index": 0.7717201182473022,
    "total_mixing_events": 15,
    "mixing_event_success_rate": 1.0,
    "reputational_spillover_events": 0,
    "out_group_constraint_amplifications": 0,
    "group_extinction_events": 0
  },
  "interaction_metrics": {
    "total_interactions": 357894,
    "avg_interaction_processing_time": 0.0
  }
}