{
  "run_id": 85,
  "parameters": {
    "shock_interval_years": 20,
    "homophily_bias": 0.19098098853142587,
    "num_groups": 2,
    "out_group_trust_bias": 0.9255690071653269,
    "out_group_penalty": 2.2174331331737083,
    "intervention_interval": 15,
    "intervention_scale": 0.1165120772317151,
    "event_bonus": 2.433557683460222,
    "base_trust_delta": 0.05535026320424143,
    "group_trust_bias": 1.7344738982426735,
    "resilience_profile": {
      "threshold": 0.1349928567676409,
      "noise": 0.04410334837903631
    },
    "turnover_rate": 0.0030330957423830357,
    "social_diffusion": 0.024225004948296394,
    "max_rounds": 300,
    "initial_population": 200,
    "max_population": 800,
    "maslow_variation": 0.5,
    "constraint_threshold_range": [
      0.2,
      0.8
    ],
    "recovery_threshold": 0.15,
    "cooperation_bonus": 0.2,
    "trust_threshold": 0.6,
    "max_relationships_per_person": 150
  },
  "outcomes": {
    "final_cooperation_rate": 0.35262449528936746,
    "behavioral_cooperation_rate": 0.03069949913348188,
    "final_constrained_rate": 0.6473755047106325,
    "final_population": 743,
    "extinction_occurred": false,
    "rounds_completed": 300,
    "first_cascade_round": null,
    "total_cascade_events": 0,
    "total_shock_events": 1,
    "total_defections": 520949,
    "total_redemptions": 4343,
    "net_strategy_change": 516606,
    "total_births": 840,
    "total_deaths": 295,
    "max_population_reached": 800,
    "population_stability": 0.012916030471081032,
    "population_growth": 4.0,
    "avg_system_stress": 0.012491352905661925,
    "max_system_stress": 0.3004356395116811,
    "avg_maslow_pressure": 0.1804931650915032,
    "avg_basic_needs_crisis_rate": 0.3283983849259758,
    "avg_trust_level": 0.3811933040499792,
    "cooperation_benefit_total": 0,
    "cooperation_resilience": 0.35262449528936746
  },
  "maslow_hierarchy": {
    "initial_needs_avg": {
      "physiological": 5.2392469031853555,
      "safety": 4.973993844027456,
      "love": 5.5343705663824325,
      "esteem": 4.869557699173765,
      "self_actualization": 5.112532966997142
    },
    "final_needs_avg": {
      "physiological": 5.6493617231033015,
      "safety": 4.684295679000058,
      "love": 2.648788338977403,
      "esteem": 1.1350338099077368,
      "self_actualization": 5.160493864815871
    },
    "needs_improvement": {
      "physiological": 0.41011481991794607,
      "safety": -0.2896981650273984,
      "love": -2.8855822274050293,
      "esteem": -3.7345238892660277,
      "self_actualization": 0.047960897818729364
    }
  },
  "inter_group_metrics": {
    "final_group_populations": {
      "A": 446,
      "B": 297
    },
    "final_group_cooperation_rates": {
      "A": 0.4170403587443946,
      "B": 0.2558922558922559
    },
    "in_group_interaction_rate": 0.6011223472801488,
    "out_group_interaction_rate": 0.3988776527198512,
    "avg_in_group_trust": 0.3482711365550908,
    "avg_out_group_trust": 0.41411547154486766,
    "trust_asymmetry": -0.06584433498977688,
    "group_segregation_index": 0.6011223472801488,
    "total_mixing_events": 20,
    "mixing_event_success_rate": 1.0,
    "reputational_spillover_events": 0,
    "out_group_constraint_amplifications": 0,
    "group_extinction_events": 0
  },
  "interaction_metrics": {
    "total_interactions": 315054,
    "avg_interaction_processing_time": 0.0
  }
}