{
  "run_id": 109,
  "parameters": {
    "shock_interval_years": 20,
    "homophily_bias": 0.21230456129491504,
    "num_groups": 2,
    "out_group_trust_bias": 0.9186325650021298,
    "out_group_penalty": 1.9872651208757244,
    "intervention_interval": 15,
    "intervention_scale": 0.2304832874887371,
    "event_bonus": 2.31845186884458,
    "base_trust_delta": 0.1481570788387362,
    "group_trust_bias": 1.920747469205637,
    "resilience_profile": {
      "threshold": 0.1665593823502331,
      "noise": 0.10711818144647124
    },
    "turnover_rate": 0.0064860064226869045,
    "social_diffusion": 0.07240048854073534,
    "max_rounds": 300,
    "initial_population": 200,
    "max_population": 800,
    "maslow_variation": 0.5,
    "constraint_threshold_range": [
      0.2,
      0.8
    ],
    "recovery_threshold": 0.15,
    "cooperation_bonus": 0.2,
    "trust_threshold": 0.6,
    "max_relationships_per_person": 150
  },
  "outcomes": {
    "final_cooperation_rate": 0.689171974522293,
    "behavioral_cooperation_rate": 0.08471644753641064,
    "final_constrained_rate": 0.310828025477707,
    "final_population": 785,
    "extinction_occurred": false,
    "rounds_completed": 300,
    "first_cascade_round": null,
    "total_cascade_events": 0,
    "total_shock_events": 2,
    "total_defections": 619572,
    "total_redemptions": 4243,
    "net_strategy_change": 615329,
    "total_births": 1071,
    "total_deaths": 477,
    "max_population_reached": 800,
    "population_stability": 0.00490828021206027,
    "population_growth": 4.0,
    "avg_system_stress": 0.10521765393440606,
    "max_system_stress": 0.6779505129335933,
    "avg_maslow_pressure": 0.10509842202318798,
    "avg_basic_needs_crisis_rate": 0.2585987261146497,
    "avg_trust_level": 0.4627871231550588,
    "cooperation_benefit_total": 0,
    "cooperation_resilience": 0.689171974522293
  },
  "maslow_hierarchy": {
    "initial_needs_avg": {
      "physiological": 4.784954104456103,
      "safety": 5.300843703601031,
      "love": 4.805215102600941,
      "esteem": 4.746877676136335,
      "self_actualization": 5.503701538819144
    },
    "final_needs_avg": {
      "physiological": 5.165399482169078,
      "safety": 5.482071948084983,
      "love": 6.168549479058699,
      "esteem": 3.0870700402949174,
      "self_actualization": 5.670932740769137
    },
    "needs_improvement": {
      "physiological": 0.3804453777129746,
      "safety": 0.18122824448395214,
      "love": 1.3633343764577583,
      "esteem": -1.6598076358414176,
      "self_actualization": 0.16723120194999286
    }
  },
  "inter_group_metrics": {
    "final_group_populations": {
      "B": 368,
      "A": 417
    },
    "final_group_cooperation_rates": {
      "B": 0.6739130434782609,
      "A": 0.7026378896882494
    },
    "in_group_interaction_rate": 0.60662545829459,
    "out_group_interaction_rate": 0.3933745417054099,
    "avg_in_group_trust": 0.45961659102800906,
    "avg_out_group_trust": 0.4659576552821086,
    "trust_asymmetry": -0.0063410642540995266,
    "group_segregation_index": 0.60662545829459,
    "total_mixing_events": 20,
    "mixing_event_success_rate": 1.0,
    "reputational_spillover_events": 0,
    "out_group_constraint_amplifications": 0,
    "group_extinction_events": 0
  },
  "interaction_metrics": {
    "total_interactions": 415126,
    "avg_interaction_processing_time": 0.0
  }
}