{
  "run_id": 179,
  "parameters": {
    "shock_interval_years": 20,
    "homophily_bias": 0.4329754587568646,
    "num_groups": 3,
    "out_group_trust_bias": 0.8989311918904255,
    "out_group_penalty": 1.576064140562216,
    "intervention_interval": 10,
    "intervention_scale": 0.09570872023206904,
    "event_bonus": 2.1096475875906187,
    "base_trust_delta": 0.06375016514061768,
    "group_trust_bias": 1.6368002298815145,
    "resilience_profile": {
      "threshold": 0.17573665163516083,
      "noise": 0.12236975905902477
    },
    "turnover_rate": 0.0026569835229345445,
    "social_diffusion": 0.059942358280704794,
    "max_rounds": 300,
    "initial_population": 200,
    "max_population": 800,
    "maslow_variation": 0.5,
    "constraint_threshold_range": [
      0.2,
      0.8
    ],
    "recovery_threshold": 0.15,
    "cooperation_bonus": 0.2,
    "trust_threshold": 0.6,
    "max_relationships_per_person": 150
  },
  "outcomes": {
    "final_cooperation_rate": 0.8795944233206591,
    "behavioral_cooperation_rate": 0.3722077545422137,
    "final_constrained_rate": 0.12040557667934093,
    "final_population": 789,
    "extinction_occurred": false,
    "rounds_completed": 300,
    "first_cascade_round": null,
    "total_cascade_events": 0,
    "total_shock_events": 3,
    "total_defections": 285175,
    "total_redemptions": 1672,
    "net_strategy_change": 283503,
    "total_births": 883,
    "total_deaths": 293,
    "max_population_reached": 800,
    "population_stability": 0.015029905411992572,
    "population_growth": 4.0,
    "avg_system_stress": 0.1474998264598866,
    "max_system_stress": 0.6159687932075301,
    "avg_maslow_pressure": 0.05116672372707258,
    "avg_basic_needs_crisis_rate": 0.19391634980988592,
    "avg_trust_level": 0.5746075609874916,
    "cooperation_benefit_total": 0,
    "cooperation_resilience": 0.8795944233206591
  },
  "maslow_hierarchy": {
    "initial_needs_avg": {
      "physiological": 4.753650402042253,
      "safety": 5.066397356546304,
      "love": 4.988755801316266,
      "esteem": 4.837782413667399,
      "self_actualization": 4.9207454794299625
    },
    "final_needs_avg": {
      "physiological": 5.509746761866813,
      "safety": 5.968787744658402,
      "love": 9.006955553045863,
      "esteem": 5.13050394414724,
      "self_actualization": 5.679135885488821
    },
    "needs_improvement": {
      "physiological": 0.7560963598245598,
      "safety": 0.9023903881120985,
      "love": 4.018199751729597,
      "esteem": 0.2927215304798416,
      "self_actualization": 0.7583904060588589
    }
  },
  "inter_group_metrics": {
    "final_group_populations": {
      "A": 250,
      "B": 307,
      "C": 232
    },
    "final_group_cooperation_rates": {
      "A": 0.88,
      "B": 0.8697068403908795,
      "C": 0.8922413793103449
    },
    "in_group_interaction_rate": 0.620369419285451,
    "out_group_interaction_rate": 0.37963058071454897,
    "avg_in_group_trust": 0.6286652310124673,
    "avg_out_group_trust": 0.5205498909625158,
    "trust_asymmetry": 0.10811534004995149,
    "group_segregation_index": 0.620369419285451,
    "total_mixing_events": 30,
    "mixing_event_success_rate": 1.0,
    "reputational_spillover_events": 0,
    "out_group_constraint_amplifications": 0,
    "group_extinction_events": 0
  },
  "interaction_metrics": {
    "total_interactions": 331006,
    "avg_interaction_processing_time": 0.0
  }
}