{
  "run_id": 49,
  "parameters": {
    "shock_interval_years": 5,
    "homophily_bias": 0.0,
    "num_groups": 1,
    "out_group_trust_bias": 0.9372324782518588,
    "out_group_penalty": 1.59489524225188,
    "intervention_interval": 0,
    "intervention_scale": 0.0609118950146927,
    "event_bonus": 1.878579330520406,
    "base_trust_delta": 0.08190965544803357,
    "group_trust_bias": 1.4144905192553354,
    "resilience_profile": {
      "threshold": 0.367304259984813,
      "noise": 0.005478185546349467
    },
    "turnover_rate": 0.007424331372729346,
    "social_diffusion": 0.03911490252681197,
    "max_rounds": 300,
    "initial_population": 200,
    "max_population": 800,
    "maslow_variation": 0.5,
    "constraint_threshold_range": [
      0.2,
      0.8
    ],
    "recovery_threshold": 0.15,
    "cooperation_bonus": 0.2,
    "trust_threshold": 0.6,
    "max_relationships_per_person": 150
  },
  "outcomes": {
    "final_cooperation_rate": 0.9911392405063291,
    "behavioral_cooperation_rate": 0.7209805533989057,
    "final_constrained_rate": 0.008860759493670886,
    "final_population": 790,
    "extinction_occurred": false,
    "rounds_completed": 300,
    "first_cascade_round": null,
    "total_cascade_events": 0,
    "total_shock_events": 10,
    "total_defections": 133868,
    "total_redemptions": 2102,
    "net_strategy_change": 131766,
    "total_births": 1287,
    "total_deaths": 689,
    "max_population_reached": 800,
    "population_stability": 0.015148949911339754,
    "population_growth": 4.0,
    "avg_system_stress": 0.4554459290622111,
    "max_system_stress": 1.7181914443555302,
    "avg_maslow_pressure": 0.030098768696724416,
    "avg_basic_needs_crisis_rate": 0.13037974683544304,
    "avg_trust_level": 0.5755104961259331,
    "cooperation_benefit_total": 0,
    "cooperation_resilience": 0.9911392405063291
  },
  "maslow_hierarchy": {
    "initial_needs_avg": {
      "physiological": 4.836772897356052,
      "safety": 4.804178335355564,
      "love": 4.913053792382446,
      "esteem": 5.307959585682562,
      "self_actualization": 4.953867396742276
    },
    "final_needs_avg": {
      "physiological": 5.937100925006666,
      "safety": 5.988137087345437,
      "love": 9.70243767554792,
      "esteem": 4.66940790412248,
      "self_actualization": 5.942278033609279
    },
    "needs_improvement": {
      "physiological": 1.1003280276506135,
      "safety": 1.1839587519898727,
      "love": 4.789383883165473,
      "esteem": -0.6385516815600827,
      "self_actualization": 0.9884106368670027
    }
  },
  "inter_group_metrics": {
    "final_group_populations": {
      "A": 790
    },
    "final_group_cooperation_rates": {
      "A": 0.9911392405063291
    },
    "in_group_interaction_rate": 1.0,
    "out_group_interaction_rate": 0.0,
    "avg_in_group_trust": 0.5755104961259331,
    "avg_out_group_trust": 0.5755104961259331,
    "trust_asymmetry": 0.0,
    "group_segregation_index": 1.0,
    "total_mixing_events": 0,
    "mixing_event_success_rate": 0,
    "reputational_spillover_events": 0,
    "out_group_constraint_amplifications": 0,
    "group_extinction_events": 0
  },
  "interaction_metrics": {
    "total_interactions": 435346,
    "avg_interaction_processing_time": 0.0
  }
}