{
  "run_id": 184,
  "parameters": {
    "shock_interval_years": 5,
    "homophily_bias": 0.2096103590118771,
    "num_groups": 2,
    "out_group_trust_bias": 0.9442314872954553,
    "out_group_penalty": 1.7240866405225013,
    "intervention_interval": 25,
    "intervention_scale": 0.20942737945545364,
    "event_bonus": 1.9657086154950765,
    "base_trust_delta": 0.07396930206525672,
    "group_trust_bias": 1.8491607963066408,
    "resilience_profile": {
      "threshold": 0.3712995249098152,
      "noise": 0.059468287931755015
    },
    "turnover_rate": 0.0009404122518042099,
    "social_diffusion": 0.08651466998772908,
    "max_rounds": 300,
    "initial_population": 200,
    "max_population": 800,
    "maslow_variation": 0.5,
    "constraint_threshold_range": [
      0.2,
      0.8
    ],
    "recovery_threshold": 0.15,
    "cooperation_bonus": 0.2,
    "trust_threshold": 0.6,
    "max_relationships_per_person": 150
  },
  "outcomes": {
    "final_cooperation_rate": 0.7927461139896373,
    "behavioral_cooperation_rate": 0.3746637231129287,
    "final_constrained_rate": 0.20725388601036268,
    "final_population": 193,
    "extinction_occurred": false,
    "rounds_completed": 300,
    "first_cascade_round": null,
    "total_cascade_events": 0,
    "total_shock_events": 21,
    "total_defections": 151007,
    "total_redemptions": 3121,
    "net_strategy_change": 147886,
    "total_births": 225,
    "total_deaths": 232,
    "max_population_reached": 388,
    "population_stability": 0.03277794777185143,
    "population_growth": 1.94,
    "avg_system_stress": 3.4716677595292342,
    "max_system_stress": 6.850462876289329,
    "avg_maslow_pressure": 0.09667694749825409,
    "avg_basic_needs_crisis_rate": 0.26424870466321243,
    "avg_trust_level": 0.44936378547313977,
    "cooperation_benefit_total": 0,
    "cooperation_resilience": 0.7927461139896373
  },
  "maslow_hierarchy": {
    "initial_needs_avg": {
      "physiological": 4.543533636879896,
      "safety": 4.818092353549615,
      "love": 4.908488026087477,
      "esteem": 4.769312839921754,
      "self_actualization": 4.872405452421997
    },
    "final_needs_avg": {
      "physiological": 5.247007721529142,
      "safety": 5.374333413214874,
      "love": 7.843375993469068,
      "esteem": 2.106874057060257,
      "self_actualization": 5.5600349891015854
    },
    "needs_improvement": {
      "physiological": 0.7034740846492458,
      "safety": 0.5562410596652585,
      "love": 2.9348879673815906,
      "esteem": -2.662438782861497,
      "self_actualization": 0.6876295366795881
    }
  },
  "inter_group_metrics": {
    "final_group_populations": {
      "A": 109,
      "B": 84
    },
    "final_group_cooperation_rates": {
      "A": 0.7981651376146789,
      "B": 0.7857142857142857
    },
    "in_group_interaction_rate": 0.6035913768351971,
    "out_group_interaction_rate": 0.3964086231648028,
    "avg_in_group_trust": 0.476467090282182,
    "avg_out_group_trust": 0.42226048066409755,
    "trust_asymmetry": 0.054206609618084434,
    "group_segregation_index": 0.6035913768351971,
    "total_mixing_events": 12,
    "mixing_event_success_rate": 1.0,
    "reputational_spillover_events": 0,
    "out_group_constraint_amplifications": 0,
    "group_extinction_events": 0
  },
  "interaction_metrics": {
    "total_interactions": 165786,
    "avg_interaction_processing_time": 0.0
  }
}