{
  "run_id": 167,
  "parameters": {
    "shock_interval_years": 20,
    "homophily_bias": 0.0,
    "num_groups": 1,
    "out_group_trust_bias": 0.9994676266900847,
    "out_group_penalty": 1.4631591383673976,
    "intervention_interval": 0,
    "intervention_scale": 0.29493021106012396,
    "event_bonus": 2.4933556017879033,
    "base_trust_delta": 0.1770888210666945,
    "group_trust_bias": 1.901434089349122,
    "resilience_profile": {
      "threshold": 0.23465533029443852,
      "noise": 0.08065029616317919
    },
    "turnover_rate": 0.005506090513492873,
    "social_diffusion": 0.04639479321135681,
    "max_rounds": 300,
    "initial_population": 200,
    "max_population": 800,
    "maslow_variation": 0.5,
    "constraint_threshold_range": [
      0.2,
      0.8
    ],
    "recovery_threshold": 0.15,
    "cooperation_bonus": 0.2,
    "trust_threshold": 0.6,
    "max_relationships_per_person": 150
  },
  "outcomes": {
    "final_cooperation_rate": 1.0,
    "behavioral_cooperation_rate": 0.7413087014776273,
    "final_constrained_rate": 0.0,
    "final_population": 773,
    "extinction_occurred": false,
    "rounds_completed": 300,
    "first_cascade_round": null,
    "total_cascade_events": 0,
    "total_shock_events": 4,
    "total_defections": 119073,
    "total_redemptions": 317,
    "net_strategy_change": 118756,
    "total_births": 1144,
    "total_deaths": 564,
    "max_population_reached": 800,
    "population_stability": 0.006183668947016304,
    "population_growth": 4.0,
    "avg_system_stress": 0.18044997282162686,
    "max_system_stress": 0.7500338298659989,
    "avg_maslow_pressure": 0.025201174687873047,
    "avg_basic_needs_crisis_rate": 0.18111254851228978,
    "avg_trust_level": 0.8319906358873201,
    "cooperation_benefit_total": 0,
    "cooperation_resilience": 1.0
  },
  "maslow_hierarchy": {
    "initial_needs_avg": {
      "physiological": 4.924192250780102,
      "safety": 4.800991569992835,
      "love": 4.914196041615777,
      "esteem": 5.032897371841924,
      "self_actualization": 4.731153847657186
    },
    "final_needs_avg": {
      "physiological": 5.77126171811567,
      "safety": 5.541664946967729,
      "love": 9.970160017335974,
      "esteem": 6.019414845651865,
      "self_actualization": 5.9123852482569
    },
    "needs_improvement": {
      "physiological": 0.8470694673355679,
      "safety": 0.7406733769748941,
      "love": 5.055963975720197,
      "esteem": 0.9865174738099416,
      "self_actualization": 1.1812314005997138
    }
  },
  "inter_group_metrics": {
    "final_group_populations": {
      "A": 773
    },
    "final_group_cooperation_rates": {
      "A": 1.0
    },
    "in_group_interaction_rate": 1.0,
    "out_group_interaction_rate": 0.0,
    "avg_in_group_trust": 0.8319906358873201,
    "avg_out_group_trust": 0.8319906358873201,
    "trust_asymmetry": 0.0,
    "group_segregation_index": 1.0,
    "total_mixing_events": 0,
    "mixing_event_success_rate": 0,
    "reputational_spillover_events": 0,
    "out_group_constraint_amplifications": 0,
    "group_extinction_events": 0
  },
  "interaction_metrics": {
    "total_interactions": 422434,
    "avg_interaction_processing_time": 0.0
  }
}