{
  "run_id": 181,
  "parameters": {
    "shock_interval_years": 10,
    "homophily_bias": 0.0,
    "num_groups": 1,
    "out_group_trust_bias": 0.9096717965440367,
    "out_group_penalty": 2.113705276436419,
    "intervention_interval": 0,
    "intervention_scale": 0.27137735201924523,
    "event_bonus": 2.4474787486037246,
    "base_trust_delta": 0.19218218555679323,
    "group_trust_bias": 1.6780067839768102,
    "resilience_profile": {
      "threshold": 0.37995026668686793,
      "noise": 0.14022832882539676
    },
    "turnover_rate": 0.005132794836597855,
    "social_diffusion": 0.09485946688410032,
    "max_rounds": 300,
    "initial_population": 200,
    "max_population": 800,
    "maslow_variation": 0.5,
    "constraint_threshold_range": [
      0.2,
      0.8
    ],
    "recovery_threshold": 0.15,
    "cooperation_bonus": 0.2,
    "trust_threshold": 0.6,
    "max_relationships_per_person": 150
  },
  "outcomes": {
    "final_cooperation_rate": 0.8451776649746193,
    "behavioral_cooperation_rate": 0.653158430851191,
    "final_constrained_rate": 0.1548223350253807,
    "final_population": 788,
    "extinction_occurred": false,
    "rounds_completed": 300,
    "first_cascade_round": null,
    "total_cascade_events": 0,
    "total_shock_events": 10,
    "total_defections": 171015,
    "total_redemptions": 3037,
    "net_strategy_change": 167978,
    "total_births": 1089,
    "total_deaths": 497,
    "max_population_reached": 800,
    "population_stability": 0.003981482135403914,
    "population_growth": 4.0,
    "avg_system_stress": 1.7477433195716958,
    "max_system_stress": 5.69120501007533,
    "avg_maslow_pressure": 0.06668093391928383,
    "avg_basic_needs_crisis_rate": 0.17893401015228427,
    "avg_trust_level": 0.753785207747626,
    "cooperation_benefit_total": 0,
    "cooperation_resilience": 0.8451776649746193
  },
  "maslow_hierarchy": {
    "initial_needs_avg": {
      "physiological": 5.001776243356779,
      "safety": 4.926390743969691,
      "love": 5.028662701895534,
      "esteem": 4.908547544773175,
      "self_actualization": 5.0318996734702
    },
    "final_needs_avg": {
      "physiological": 5.890224590822489,
      "safety": 5.749960930501732,
      "love": 8.264029640109813,
      "esteem": 2.6077131292537423,
      "self_actualization": 5.532726348511586
    },
    "needs_improvement": {
      "physiological": 0.8884483474657099,
      "safety": 0.8235701865320415,
      "love": 3.2353669382142787,
      "esteem": -2.3008344155194322,
      "self_actualization": 0.5008266750413863
    }
  },
  "inter_group_metrics": {
    "final_group_populations": {
      "A": 788
    },
    "final_group_cooperation_rates": {
      "A": 0.8451776649746193
    },
    "in_group_interaction_rate": 1.0,
    "out_group_interaction_rate": 0.0,
    "avg_in_group_trust": 0.753785207747626,
    "avg_out_group_trust": 0.753785207747626,
    "trust_asymmetry": 0.0,
    "group_segregation_index": 1.0,
    "total_mixing_events": 0,
    "mixing_event_success_rate": 0,
    "reputational_spillover_events": 0,
    "out_group_constraint_amplifications": 0,
    "group_extinction_events": 0
  },
  "interaction_metrics": {
    "total_interactions": 418214,
    "avg_interaction_processing_time": 0.0
  }
}