{
  "run_id": 71,
  "parameters": {
    "shock_interval_years": 20,
    "homophily_bias": 0.1991858351841505,
    "num_groups": 3,
    "out_group_trust_bias": 0.962192394364647,
    "out_group_penalty": 2.002226789881732,
    "intervention_interval": 15,
    "intervention_scale": 0.21212338345765075,
    "event_bonus": 1.6948012320015602,
    "base_trust_delta": 0.14873346827935946,
    "group_trust_bias": 1.7052174739823778,
    "resilience_profile": {
      "threshold": 0.32731829113225813,
      "noise": 0.12349196450218679
    },
    "turnover_rate": 0.004059344477267952,
    "social_diffusion": 0.04351186392265739,
    "max_rounds": 300,
    "initial_population": 200,
    "max_population": 800,
    "maslow_variation": 0.5,
    "constraint_threshold_range": [
      0.2,
      0.8
    ],
    "recovery_threshold": 0.15,
    "cooperation_bonus": 0.2,
    "trust_threshold": 0.6,
    "max_relationships_per_person": 150
  },
  "outcomes": {
    "final_cooperation_rate": 0.6050632911392405,
    "behavioral_cooperation_rate": 0.0483211223182311,
    "final_constrained_rate": 0.3949367088607595,
    "final_population": 790,
    "extinction_occurred": false,
    "rounds_completed": 300,
    "first_cascade_round": null,
    "total_cascade_events": 0,
    "total_shock_events": 5,
    "total_defections": 591258,
    "total_redemptions": 4199,
    "net_strategy_change": 587059,
    "total_births": 944,
    "total_deaths": 350,
    "max_population_reached": 800,
    "population_stability": 0.006350880531404585,
    "population_growth": 4.0,
    "avg_system_stress": 1.2989232260000485,
    "max_system_stress": 2.3067313417651394,
    "avg_maslow_pressure": 0.12561452727559225,
    "avg_basic_needs_crisis_rate": 0.25443037974683547,
    "avg_trust_level": 0.37828871186891333,
    "cooperation_benefit_total": 0,
    "cooperation_resilience": 0.6050632911392405
  },
  "maslow_hierarchy": {
    "initial_needs_avg": {
      "physiological": 5.458401116750787,
      "safety": 5.181851398694981,
      "love": 5.059885754215033,
      "esteem": 4.824453050675426,
      "self_actualization": 4.986212043891127
    },
    "final_needs_avg": {
      "physiological": 5.6356285909295964,
      "safety": 5.202403432569612,
      "love": 5.492395354411068,
      "esteem": 2.5418168766506843,
      "self_actualization": 5.309981922254004
    },
    "needs_improvement": {
      "physiological": 0.17722747417880935,
      "safety": 0.02055203387463056,
      "love": 0.4325096001960347,
      "esteem": -2.2826361740247414,
      "self_actualization": 0.3237698783628771
    }
  },
  "inter_group_metrics": {
    "final_group_populations": {
      "A": 281,
      "B": 287,
      "C": 222
    },
    "final_group_cooperation_rates": {
      "A": 0.604982206405694,
      "B": 0.6306620209059234,
      "C": 0.5720720720720721
    },
    "in_group_interaction_rate": 0.4675285562528063,
    "out_group_interaction_rate": 0.5324714437471937,
    "avg_in_group_trust": 0.4106102796071041,
    "avg_out_group_trust": 0.3459671441307225,
    "trust_asymmetry": 0.06464313547638162,
    "group_segregation_index": 0.4675285562528063,
    "total_mixing_events": 20,
    "mixing_event_success_rate": 1.0,
    "reputational_spillover_events": 0,
    "out_group_constraint_amplifications": 0,
    "group_extinction_events": 0
  },
  "interaction_metrics": {
    "total_interactions": 365244,
    "avg_interaction_processing_time": 0.0
  }
}