{
  "run_id": 28,
  "parameters": {
    "shock_interval_years": 5,
    "homophily_bias": 0.0,
    "num_groups": 1,
    "out_group_trust_bias": 0.850671084744827,
    "out_group_penalty": 1.6108462920495432,
    "intervention_interval": 0,
    "intervention_scale": 0.10528627468904776,
    "event_bonus": 1.6348321333324622,
    "base_trust_delta": 0.16951274764991792,
    "group_trust_bias": 1.6171262042481889,
    "resilience_profile": {
      "threshold": 0.3976618697247648,
      "noise": 0.02145003278196909
    },
    "turnover_rate": 0.007351569087198765,
    "social_diffusion": 0.02472017905370835,
    "max_rounds": 300,
    "initial_population": 200,
    "max_population": 800,
    "maslow_variation": 0.5,
    "constraint_threshold_range": [
      0.2,
      0.8
    ],
    "recovery_threshold": 0.15,
    "cooperation_bonus": 0.2,
    "trust_threshold": 0.6,
    "max_relationships_per_person": 150
  },
  "outcomes": {
    "final_cooperation_rate": 0.9911392405063291,
    "behavioral_cooperation_rate": 0.554709954069515,
    "final_constrained_rate": 0.008860759493670886,
    "final_population": 790,
    "extinction_occurred": false,
    "rounds_completed": 300,
    "first_cascade_round": null,
    "total_cascade_events": 0,
    "total_shock_events": 17,
    "total_defections": 237009,
    "total_redemptions": 7380,
    "net_strategy_change": 229629,
    "total_births": 1272,
    "total_deaths": 678,
    "max_population_reached": 800,
    "population_stability": 0.010797837894553073,
    "population_growth": 4.0,
    "avg_system_stress": 2.933177232944735,
    "max_system_stress": 6.049821022907176,
    "avg_maslow_pressure": 0.04456866046225934,
    "avg_basic_needs_crisis_rate": 0.16329113924050634,
    "avg_trust_level": 0.6354679323527271,
    "cooperation_benefit_total": 0,
    "cooperation_resilience": 0.9911392405063291
  },
  "maslow_hierarchy": {
    "initial_needs_avg": {
      "physiological": 5.239247415639294,
      "safety": 5.088318892175161,
      "love": 5.099630982708081,
      "esteem": 5.019673728959978,
      "self_actualization": 5.373548986799294
    },
    "final_needs_avg": {
      "physiological": 5.754674848132363,
      "safety": 5.85052703010725,
      "love": 9.608272786212376,
      "esteem": 1.7716803479096845,
      "self_actualization": 6.517660865237897
    },
    "needs_improvement": {
      "physiological": 0.5154274324930688,
      "safety": 0.7622081379320882,
      "love": 4.508641803504296,
      "esteem": -3.2479933810502932,
      "self_actualization": 1.1441118784386024
    }
  },
  "inter_group_metrics": {
    "final_group_populations": {
      "A": 790
    },
    "final_group_cooperation_rates": {
      "A": 0.9911392405063291
    },
    "in_group_interaction_rate": 1.0,
    "out_group_interaction_rate": 0.0,
    "avg_in_group_trust": 0.6354679323527271,
    "avg_out_group_trust": 0.6354679323527271,
    "trust_asymmetry": 0.0,
    "group_segregation_index": 1.0,
    "total_mixing_events": 0,
    "mixing_event_success_rate": 0,
    "reputational_spillover_events": 0,
    "out_group_constraint_amplifications": 0,
    "group_extinction_events": 0
  },
  "interaction_metrics": {
    "total_interactions": 432828,
    "avg_interaction_processing_time": 0.0
  }
}