{
  "run_id": 129,
  "parameters": {
    "shock_interval_years": 3,
    "homophily_bias": 0.36505678743938513,
    "num_groups": 2,
    "out_group_trust_bias": 0.9362006668777871,
    "out_group_penalty": 1.5257344790746454,
    "intervention_interval": 15,
    "intervention_scale": 0.20949106378241095,
    "event_bonus": 1.7572039414558192,
    "base_trust_delta": 0.12420249649738185,
    "group_trust_bias": 1.6667202120268023,
    "resilience_profile": {
      "threshold": 0.3321754484085827,
      "noise": 0.1379810153996272
    },
    "turnover_rate": 0.005351650341996579,
    "social_diffusion": 0.058993312111990395,
    "max_rounds": 300,
    "initial_population": 200,
    "max_population": 800,
    "maslow_variation": 0.5,
    "constraint_threshold_range": [
      0.2,
      0.8
    ],
    "recovery_threshold": 0.15,
    "cooperation_bonus": 0.2,
    "trust_threshold": 0.6,
    "max_relationships_per_person": 150
  },
  "outcomes": {
    "final_cooperation_rate": 0.5467171717171717,
    "behavioral_cooperation_rate": 0.21245295500217998,
    "final_constrained_rate": 0.4532828282828283,
    "final_population": 792,
    "extinction_occurred": false,
    "rounds_completed": 300,
    "first_cascade_round": null,
    "total_cascade_events": 0,
    "total_shock_events": 33,
    "total_defections": 470558,
    "total_redemptions": 9078,
    "net_strategy_change": 461480,
    "total_births": 992,
    "total_deaths": 395,
    "max_population_reached": 800,
    "population_stability": 0.004656143494180193,
    "population_growth": 4.0,
    "avg_system_stress": 7.740448148403443,
    "max_system_stress": 13.06065460685782,
    "avg_maslow_pressure": 0.11494477442330193,
    "avg_basic_needs_crisis_rate": 0.2222222222222222,
    "avg_trust_level": 0.5969374884022953,
    "cooperation_benefit_total": 0,
    "cooperation_resilience": 0.5467171717171717
  },
  "maslow_hierarchy": {
    "initial_needs_avg": {
      "physiological": 4.670304716166777,
      "safety": 5.23914125993227,
      "love": 4.944715582349333,
      "esteem": 4.734473136595238,
      "self_actualization": 4.748900240490597
    },
    "final_needs_avg": {
      "physiological": 5.25767529271829,
      "safety": 5.812020583697042,
      "love": 6.852831955308834,
      "esteem": 1.1528696744460163,
      "self_actualization": 5.248830132882222
    },
    "needs_improvement": {
      "physiological": 0.5873705765515131,
      "safety": 0.5728793237647718,
      "love": 1.9081163729595012,
      "esteem": -3.5816034621492214,
      "self_actualization": 0.49992989239162533
    }
  },
  "inter_group_metrics": {
    "final_group_populations": {
      "A": 492,
      "B": 300
    },
    "final_group_cooperation_rates": {
      "A": 0.5711382113821138,
      "B": 0.5066666666666667
    },
    "in_group_interaction_rate": 0.6935873470880963,
    "out_group_interaction_rate": 0.3064126529119037,
    "avg_in_group_trust": 0.6329229657307549,
    "avg_out_group_trust": 0.5609520110738356,
    "trust_asymmetry": 0.07197095465691927,
    "group_segregation_index": 0.6935873470880963,
    "total_mixing_events": 20,
    "mixing_event_success_rate": 1.0,
    "reputational_spillover_events": 0,
    "out_group_constraint_amplifications": 0,
    "group_extinction_events": 0
  },
  "interaction_metrics": {
    "total_interactions": 399086,
    "avg_interaction_processing_time": 0.0
  }
}