{
  "run_id": 63,
  "parameters": {
    "shock_interval_years": 10,
    "homophily_bias": 0.34848188050622114,
    "num_groups": 3,
    "out_group_trust_bias": 0.8997518106921203,
    "out_group_penalty": 1.3495684315097742,
    "intervention_interval": 10,
    "intervention_scale": 0.13149849879856795,
    "event_bonus": 2.2348304032810935,
    "base_trust_delta": 0.1863076327997768,
    "group_trust_bias": 1.8301254223477474,
    "resilience_profile": {
      "threshold": 0.26317014676432626,
      "noise": 0.048524806185059256
    },
    "turnover_rate": 0.0006885483466521681,
    "social_diffusion": 0.009142681728972158,
    "max_rounds": 300,
    "initial_population": 200,
    "max_population": 800,
    "maslow_variation": 0.5,
    "constraint_threshold_range": [
      0.2,
      0.8
    ],
    "recovery_threshold": 0.15,
    "cooperation_bonus": 0.2,
    "trust_threshold": 0.6,
    "max_relationships_per_person": 150
  },
  "outcomes": {
    "final_cooperation_rate": 0.9343065693430657,
    "behavioral_cooperation_rate": 0.5256049632618726,
    "final_constrained_rate": 0.06569343065693431,
    "final_population": 137,
    "extinction_occurred": false,
    "rounds_completed": 300,
    "first_cascade_round": null,
    "total_cascade_events": 0,
    "total_shock_events": 5,
    "total_defections": 101277,
    "total_redemptions": 1017,
    "net_strategy_change": 100260,
    "total_births": 170,
    "total_deaths": 233,
    "max_population_reached": 348,
    "population_stability": 0.04050594250983156,
    "population_growth": 1.74,
    "avg_system_stress": 0.29581422855340717,
    "max_system_stress": 0.9747909616001031,
    "avg_maslow_pressure": 0.047415339230646454,
    "avg_basic_needs_crisis_rate": 0.2773722627737226,
    "avg_trust_level": 0.6006482998412292,
    "cooperation_benefit_total": 0,
    "cooperation_resilience": 0.9343065693430657
  },
  "maslow_hierarchy": {
    "initial_needs_avg": {
      "physiological": 4.842482570808131,
      "safety": 4.955468513590288,
      "love": 4.9918569228065035,
      "esteem": 4.738682934410924,
      "self_actualization": 5.032498505508366
    },
    "final_needs_avg": {
      "physiological": 4.989020056016433,
      "safety": 5.754691751306576,
      "love": 9.505513126144178,
      "esteem": 5.753894295414132,
      "self_actualization": 5.934311245711763
    },
    "needs_improvement": {
      "physiological": 0.14653748520830234,
      "safety": 0.799223237716288,
      "love": 4.513656203337675,
      "esteem": 1.0152113610032085,
      "self_actualization": 0.9018127402033969
    }
  },
  "inter_group_metrics": {
    "final_group_populations": {
      "C": 52,
      "A": 55,
      "B": 30
    },
    "final_group_cooperation_rates": {
      "C": 0.9423076923076923,
      "A": 0.9090909090909091,
      "B": 0.9666666666666667
    },
    "in_group_interaction_rate": 0.5654582736366146,
    "out_group_interaction_rate": 0.43454172636338545,
    "avg_in_group_trust": 0.7384164502928806,
    "avg_out_group_trust": 0.4628801493895778,
    "trust_asymmetry": 0.27553630090330283,
    "group_segregation_index": 0.5654582736366146,
    "total_mixing_events": 30,
    "mixing_event_success_rate": 1.0,
    "reputational_spillover_events": 0,
    "out_group_constraint_amplifications": 0,
    "group_extinction_events": 0
  },
  "interaction_metrics": {
    "total_interactions": 152158,
    "avg_interaction_processing_time": 0.0
  }
}