{
  "run_id": 77,
  "parameters": {
    "shock_interval_years": 10,
    "homophily_bias": 0.22827071459091838,
    "num_groups": 3,
    "out_group_trust_bias": 0.868055271551336,
    "out_group_penalty": 1.875042066883585,
    "intervention_interval": 20,
    "intervention_scale": 0.19337526847629133,
    "event_bonus": 2.0799915376527935,
    "base_trust_delta": 0.06475779817965907,
    "group_trust_bias": 1.8555553739512334,
    "resilience_profile": {
      "threshold": 0.2195700615056583,
      "noise": 0.13916502841185702
    },
    "turnover_rate": 0.00595045526527167,
    "social_diffusion": 0.08586637655438828,
    "max_rounds": 300,
    "initial_population": 200,
    "max_population": 800,
    "maslow_variation": 0.5,
    "constraint_threshold_range": [
      0.2,
      0.8
    ],
    "recovery_threshold": 0.15,
    "cooperation_bonus": 0.2,
    "trust_threshold": 0.6,
    "max_relationships_per_person": 150
  },
  "outcomes": {
    "final_cooperation_rate": 0.6641025641025641,
    "behavioral_cooperation_rate": 0.08716021644108456,
    "final_constrained_rate": 0.33589743589743587,
    "final_population": 780,
    "extinction_occurred": false,
    "rounds_completed": 300,
    "first_cascade_round": null,
    "total_cascade_events": 0,
    "total_shock_events": 5,
    "total_defections": 585297,
    "total_redemptions": 4373,
    "net_strategy_change": 580924,
    "total_births": 1029,
    "total_deaths": 437,
    "max_population_reached": 800,
    "population_stability": 0.004477431433739121,
    "population_growth": 4.0,
    "avg_system_stress": 0.5328508228361212,
    "max_system_stress": 1.5081547648876543,
    "avg_maslow_pressure": 0.10600739196175556,
    "avg_basic_needs_crisis_rate": 0.2205128205128205,
    "avg_trust_level": 0.503338484607869,
    "cooperation_benefit_total": 0,
    "cooperation_resilience": 0.6641025641025641
  },
  "maslow_hierarchy": {
    "initial_needs_avg": {
      "physiological": 5.111182451807777,
      "safety": 5.19759376482747,
      "love": 5.429529201232657,
      "esteem": 4.9931564885265765,
      "self_actualization": 5.052539556540713
    },
    "final_needs_avg": {
      "physiological": 5.397231701568869,
      "safety": 5.708420511644524,
      "love": 5.80801641731182,
      "esteem": 2.689313434485324,
      "self_actualization": 5.563928567557062
    },
    "needs_improvement": {
      "physiological": 0.28604924976109203,
      "safety": 0.5108267468170542,
      "love": 0.37848721607916325,
      "esteem": -2.3038430540412524,
      "self_actualization": 0.511389011016349
    }
  },
  "inter_group_metrics": {
    "final_group_populations": {
      "B": 300,
      "C": 277,
      "A": 203
    },
    "final_group_cooperation_rates": {
      "B": 0.6966666666666667,
      "C": 0.6534296028880866,
      "A": 0.6305418719211823
    },
    "in_group_interaction_rate": 0.4901026770602866,
    "out_group_interaction_rate": 0.5098973229397135,
    "avg_in_group_trust": 0.46555449708928603,
    "avg_out_group_trust": 0.5411224721264519,
    "trust_asymmetry": -0.07556797503716589,
    "group_segregation_index": 0.4901026770602866,
    "total_mixing_events": 15,
    "mixing_event_success_rate": 1.0,
    "reputational_spillover_events": 0,
    "out_group_constraint_amplifications": 0,
    "group_extinction_events": 0
  },
  "interaction_metrics": {
    "total_interactions": 407686,
    "avg_interaction_processing_time": 0.0
  }
}