{
  "run_id": 128,
  "parameters": {
    "shock_interval_years": 2,
    "homophily_bias": 0.3038441738450356,
    "num_groups": 3,
    "out_group_trust_bias": 0.9956291121963973,
    "out_group_penalty": 2.071586092011578,
    "intervention_interval": 25,
    "intervention_scale": 0.23923585045551732,
    "event_bonus": 1.899328662167491,
    "base_trust_delta": 0.17035289664493541,
    "group_trust_bias": 1.6458842705618264,
    "resilience_profile": {
      "threshold": 0.13523943531654486,
      "noise": 0.06449427395578523
    },
    "turnover_rate": 0.0018574113950143095,
    "social_diffusion": 0.0653855272803221,
    "max_rounds": 300,
    "initial_population": 200,
    "max_population": 800,
    "maslow_variation": 0.5,
    "constraint_threshold_range": [
      0.2,
      0.8
    ],
    "recovery_threshold": 0.15,
    "cooperation_bonus": 0.2,
    "trust_threshold": 0.6,
    "max_relationships_per_person": 150
  },
  "outcomes": {
    "final_cooperation_rate": 0.08040201005025126,
    "behavioral_cooperation_rate": 0.009156673909738802,
    "final_constrained_rate": 0.9195979899497487,
    "final_population": 398,
    "extinction_occurred": false,
    "rounds_completed": 300,
    "first_cascade_round": null,
    "total_cascade_events": 0,
    "total_shock_events": 48,
    "total_defections": 424661,
    "total_redemptions": 2330,
    "net_strategy_change": 422331,
    "total_births": 452,
    "total_deaths": 253,
    "max_population_reached": 579,
    "population_stability": 0.008371672617841408,
    "population_growth": 2.895,
    "avg_system_stress": 12.762638245026546,
    "max_system_stress": 22.549924347938873,
    "avg_maslow_pressure": 0.2145649861152019,
    "avg_basic_needs_crisis_rate": 0.32914572864321606,
    "avg_trust_level": 0.06887669412879371,
    "cooperation_benefit_total": 0,
    "cooperation_resilience": 0.08040201005025126
  },
  "maslow_hierarchy": {
    "initial_needs_avg": {
      "physiological": 4.996769489261166,
      "safety": 4.74134458097424,
      "love": 4.956168341363768,
      "esteem": 4.906923916434049,
      "self_actualization": 5.264598151178525
    },
    "final_needs_avg": {
      "physiological": 5.398429010247316,
      "safety": 4.4318891703447845,
      "love": 0.7478654089355334,
      "esteem": 0.462951392361552,
      "self_actualization": 5.513879041357498
    },
    "needs_improvement": {
      "physiological": 0.40165952098614977,
      "safety": -0.3094554106294556,
      "love": -4.208302932428235,
      "esteem": -4.443972524072496,
      "self_actualization": 0.24928089017897292
    }
  },
  "inter_group_metrics": {
    "final_group_populations": {
      "C": 126,
      "A": 97,
      "B": 175
    },
    "final_group_cooperation_rates": {
      "C": 0.07936507936507936,
      "A": 0.05154639175257732,
      "B": 0.09714285714285714
    },
    "in_group_interaction_rate": 0.537163219500854,
    "out_group_interaction_rate": 0.462836780499146,
    "avg_in_group_trust": 0.028054738906085838,
    "avg_out_group_trust": 0.10969864935150159,
    "trust_asymmetry": -0.08164391044541575,
    "group_segregation_index": 0.537163219500854,
    "total_mixing_events": 12,
    "mixing_event_success_rate": 1.0,
    "reputational_spillover_events": 0,
    "out_group_constraint_amplifications": 0,
    "group_extinction_events": 0
  },
  "interaction_metrics": {
    "total_interactions": 223662,
    "avg_interaction_processing_time": 0.0
  }
}