{
  "run_id": 188,
  "parameters": {
    "shock_interval_years": 3,
    "homophily_bias": 0.0,
    "num_groups": 1,
    "out_group_trust_bias": 0.9073276139654414,
    "out_group_penalty": 1.374882999868893,
    "intervention_interval": 0,
    "intervention_scale": 0.2575662958878294,
    "event_bonus": 2.243969375982651,
    "base_trust_delta": 0.1179526170400906,
    "group_trust_bias": 1.896820256731975,
    "resilience_profile": {
      "threshold": 0.12876081962098246,
      "noise": 0.10093181865369143
    },
    "turnover_rate": 0.006394142506691937,
    "social_diffusion": 0.03280924458486415,
    "max_rounds": 300,
    "initial_population": 200,
    "max_population": 800,
    "maslow_variation": 0.5,
    "constraint_threshold_range": [
      0.2,
      0.8
    ],
    "recovery_threshold": 0.15,
    "cooperation_bonus": 0.2,
    "trust_threshold": 0.6,
    "max_relationships_per_person": 150
  },
  "outcomes": {
    "final_cooperation_rate": 0.4401595744680851,
    "behavioral_cooperation_rate": 0.37429936814037984,
    "final_constrained_rate": 0.5598404255319149,
    "final_population": 752,
    "extinction_occurred": false,
    "rounds_completed": 300,
    "first_cascade_round": null,
    "total_cascade_events": 0,
    "total_shock_events": 33,
    "total_defections": 355115,
    "total_redemptions": 5030,
    "net_strategy_change": 350085,
    "total_births": 1173,
    "total_deaths": 607,
    "max_population_reached": 800,
    "population_stability": 0.015001698163307455,
    "population_growth": 4.0,
    "avg_system_stress": 3.9586271953295697,
    "max_system_stress": 11.804250887395341,
    "avg_maslow_pressure": 0.0802098523506075,
    "avg_basic_needs_crisis_rate": 0.16356382978723405,
    "avg_trust_level": 0.5001470952597956,
    "cooperation_benefit_total": 0,
    "cooperation_resilience": 0.4401595744680851
  },
  "maslow_hierarchy": {
    "initial_needs_avg": {
      "physiological": 5.087039011157457,
      "safety": 5.135914939917166,
      "love": 5.246970045094957,
      "esteem": 5.109321664980936,
      "self_actualization": 5.198454934078236
    },
    "final_needs_avg": {
      "physiological": 5.8170301914776195,
      "safety": 5.781559892737525,
      "love": 6.448365971015104,
      "esteem": 0.9615619197861178,
      "self_actualization": 6.019935249481678
    },
    "needs_improvement": {
      "physiological": 0.7299911803201624,
      "safety": 0.6456449528203594,
      "love": 1.2013959259201465,
      "esteem": -4.147759745194818,
      "self_actualization": 0.8214803154034422
    }
  },
  "inter_group_metrics": {
    "final_group_populations": {
      "A": 752
    },
    "final_group_cooperation_rates": {
      "A": 0.4401595744680851
    },
    "in_group_interaction_rate": 1.0,
    "out_group_interaction_rate": 0.0,
    "avg_in_group_trust": 0.5001470952597956,
    "avg_out_group_trust": 0.5001470952597956,
    "trust_asymmetry": 0.0,
    "group_segregation_index": 1.0,
    "total_mixing_events": 0,
    "mixing_event_success_rate": 0,
    "reputational_spillover_events": 0,
    "out_group_constraint_amplifications": 0,
    "group_extinction_events": 0
  },
  "interaction_metrics": {
    "total_interactions": 426044,
    "avg_interaction_processing_time": 0.0
  }
}