{
  "run_id": 77,
  "parameters": {
    "shock_interval_years": 2,
    "homophily_bias": 0.420168874910061,
    "num_groups": 2,
    "out_group_trust_bias": 0.9157038905419388,
    "out_group_penalty": 1.5548552159631421,
    "intervention_interval": 10,
    "intervention_scale": 0.18510331767725852,
    "event_bonus": 2.0849904770864462,
    "base_trust_delta": 0.1357179155030244,
    "group_trust_bias": 1.757435012488644,
    "resilience_profile": {
      "threshold": 0.2114510619612466,
      "noise": 0.1419934657092575
    },
    "turnover_rate": 0.002532393288248607,
    "social_diffusion": 0.013693592079950656,
    "max_rounds": 300,
    "initial_population": 200,
    "max_population": 800,
    "maslow_variation": 0.5,
    "constraint_threshold_range": [
      0.2,
      0.8
    ],
    "recovery_threshold": 0.15,
    "cooperation_bonus": 0.2,
    "trust_threshold": 0.6,
    "max_relationships_per_person": 150
  },
  "outcomes": {
    "final_cooperation_rate": 0.8071979434447301,
    "behavioral_cooperation_rate": 0.17185368321943034,
    "final_constrained_rate": 0.1928020565552699,
    "final_population": 778,
    "extinction_occurred": false,
    "rounds_completed": 300,
    "first_cascade_round": null,
    "total_cascade_events": 0,
    "total_shock_events": 34,
    "total_defections": 405707,
    "total_redemptions": 3990,
    "net_strategy_change": 401717,
    "total_births": 859,
    "total_deaths": 280,
    "max_population_reached": 800,
    "population_stability": 0.014490910636406167,
    "population_growth": 4.0,
    "avg_system_stress": 6.674372451721106,
    "max_system_stress": 11.992650401452565,
    "avg_maslow_pressure": 0.10130794295378305,
    "avg_basic_needs_crisis_rate": 0.2403598971722365,
    "avg_trust_level": 0.4302447420899156,
    "cooperation_benefit_total": 0,
    "cooperation_resilience": 0.8071979434447301
  },
  "maslow_hierarchy": {
    "initial_needs_avg": {
      "physiological": 4.990325458860289,
      "safety": 4.965122379859213,
      "love": 5.159796714753208,
      "esteem": 4.806166396747723,
      "self_actualization": 4.842794197552271
    },
    "final_needs_avg": {
      "physiological": 5.391135410636145,
      "safety": 5.453142993226391,
      "love": 7.491447083910539,
      "esteem": 2.026253138073296,
      "self_actualization": 5.399795807307649
    },
    "needs_improvement": {
      "physiological": 0.4008099517758561,
      "safety": 0.48802061336717806,
      "love": 2.331650369157331,
      "esteem": -2.779913258674427,
      "self_actualization": 0.5570016097553783
    }
  },
  "inter_group_metrics": {
    "final_group_populations": {
      "B": 264,
      "A": 514
    },
    "final_group_cooperation_rates": {
      "B": 0.7121212121212122,
      "A": 0.8560311284046692
    },
    "in_group_interaction_rate": 0.7280995599736112,
    "out_group_interaction_rate": 0.27190044002638875,
    "avg_in_group_trust": 0.49170461001755505,
    "avg_out_group_trust": 0.3687848741622762,
    "trust_asymmetry": 0.12291973585527888,
    "group_segregation_index": 0.7280995599736112,
    "total_mixing_events": 30,
    "mixing_event_success_rate": 1.0,
    "reputational_spillover_events": 0,
    "out_group_constraint_amplifications": 0,
    "group_extinction_events": 0
  },
  "interaction_metrics": {
    "total_interactions": 312254,
    "avg_interaction_processing_time": 0.0
  }
}