{
  "run_id": 31,
  "parameters": {
    "shock_interval_years": 3,
    "homophily_bias": 0.6262351194703036,
    "num_groups": 3,
    "out_group_trust_bias": 0.8645531319239226,
    "out_group_penalty": 1.5387155012943168,
    "intervention_interval": 25,
    "intervention_scale": 0.13846306109181034,
    "event_bonus": 1.6320652257585726,
    "base_trust_delta": 0.08660597722567256,
    "group_trust_bias": 1.808089621721133,
    "resilience_profile": {
      "threshold": 0.1076061004361884,
      "noise": 0.06841109601180112
    },
    "turnover_rate": 0.002861347048050752,
    "social_diffusion": 0.07078495551130584,
    "max_rounds": 300,
    "initial_population": 200,
    "max_population": 800,
    "maslow_variation": 0.5,
    "constraint_threshold_range": [
      0.2,
      0.8
    ],
    "recovery_threshold": 0.15,
    "cooperation_bonus": 0.2,
    "trust_threshold": 0.6,
    "max_relationships_per_person": 150
  },
  "outcomes": {
    "final_cooperation_rate": 0.6511627906976745,
    "behavioral_cooperation_rate": 0.14328841617017873,
    "final_constrained_rate": 0.3488372093023256,
    "final_population": 731,
    "extinction_occurred": false,
    "rounds_completed": 300,
    "first_cascade_round": null,
    "total_cascade_events": 0,
    "total_shock_events": 30,
    "total_defections": 498130,
    "total_redemptions": 4360,
    "net_strategy_change": 493770,
    "total_births": 853,
    "total_deaths": 320,
    "max_population_reached": 800,
    "population_stability": 0.004132357184588914,
    "population_growth": 4.0,
    "avg_system_stress": 6.766166354778987,
    "max_system_stress": 14.882564651898207,
    "avg_maslow_pressure": 0.13189254334446995,
    "avg_basic_needs_crisis_rate": 0.23392612859097128,
    "avg_trust_level": 0.37289407374920003,
    "cooperation_benefit_total": 0,
    "cooperation_resilience": 0.6511627906976745
  },
  "maslow_hierarchy": {
    "initial_needs_avg": {
      "physiological": 4.844293643713094,
      "safety": 5.387805005131668,
      "love": 4.8422690770154535,
      "esteem": 4.933760600864063,
      "self_actualization": 5.03152464015269
    },
    "final_needs_avg": {
      "physiological": 5.321088804168087,
      "safety": 5.873912808533949,
      "love": 5.5692278517785745,
      "esteem": 0.7904562247865403,
      "self_actualization": 5.169557294510999
    },
    "needs_improvement": {
      "physiological": 0.47679516045499337,
      "safety": 0.4861078034022812,
      "love": 0.726958774763121,
      "esteem": -4.1433043760775226,
      "self_actualization": 0.1380326543583088
    }
  },
  "inter_group_metrics": {
    "final_group_populations": {
      "A": 309,
      "B": 211,
      "C": 211
    },
    "final_group_cooperation_rates": {
      "A": 0.6796116504854369,
      "B": 0.6350710900473934,
      "C": 0.6255924170616114
    },
    "in_group_interaction_rate": 0.7500099964012955,
    "out_group_interaction_rate": 0.24999000359870446,
    "avg_in_group_trust": 0.3582417961462876,
    "avg_out_group_trust": 0.38754635135211246,
    "trust_asymmetry": -0.029304555205824867,
    "group_segregation_index": 0.7500099964012955,
    "total_mixing_events": 12,
    "mixing_event_success_rate": 1.0,
    "reputational_spillover_events": 0,
    "out_group_constraint_amplifications": 0,
    "group_extinction_events": 0
  },
  "interaction_metrics": {
    "total_interactions": 350126,
    "avg_interaction_processing_time": 0.0
  }
}