{
  "run_id": 29,
  "parameters": {
    "shock_interval_years": 20,
    "homophily_bias": 0.5308460761016803,
    "num_groups": 2,
    "out_group_trust_bias": 0.8993845280427336,
    "out_group_penalty": 2.2908872437407153,
    "intervention_interval": 20,
    "intervention_scale": 0.23389881308576838,
    "event_bonus": 2.2413330112007546,
    "base_trust_delta": 0.18206933512908668,
    "group_trust_bias": 1.894438348218047,
    "resilience_profile": {
      "threshold": 0.1998212847452291,
      "noise": 0.027563315405915365
    },
    "turnover_rate": 0.004369353038339761,
    "social_diffusion": 0.03164169814806844,
    "max_rounds": 300,
    "initial_population": 200,
    "max_population": 800,
    "maslow_variation": 0.5,
    "constraint_threshold_range": [
      0.2,
      0.8
    ],
    "recovery_threshold": 0.15,
    "cooperation_bonus": 0.2,
    "trust_threshold": 0.6,
    "max_relationships_per_person": 150
  },
  "outcomes": {
    "final_cooperation_rate": 0.8836915297092288,
    "behavioral_cooperation_rate": 0.32615630383398103,
    "final_constrained_rate": 0.11630847029077118,
    "final_population": 791,
    "extinction_occurred": false,
    "rounds_completed": 300,
    "first_cascade_round": null,
    "total_cascade_events": 0,
    "total_shock_events": 3,
    "total_defections": 394052,
    "total_redemptions": 3592,
    "net_strategy_change": 390460,
    "total_births": 999,
    "total_deaths": 405,
    "max_population_reached": 800,
    "population_stability": 0.00551806112042217,
    "population_growth": 4.0,
    "avg_system_stress": 0.1025484691403797,
    "max_system_stress": 0.5546927362849294,
    "avg_maslow_pressure": 0.04246785446964776,
    "avg_basic_needs_crisis_rate": 0.15423514538558786,
    "avg_trust_level": 0.6600028497267061,
    "cooperation_benefit_total": 0,
    "cooperation_resilience": 0.8836915297092288
  },
  "maslow_hierarchy": {
    "initial_needs_avg": {
      "physiological": 4.990413781492168,
      "safety": 5.562287403761733,
      "love": 5.010617705766595,
      "esteem": 5.268626046506923,
      "self_actualization": 5.2678260990033765
    },
    "final_needs_avg": {
      "physiological": 5.698413095596549,
      "safety": 6.3975971940963845,
      "love": 8.806317758520299,
      "esteem": 4.759901859328029,
      "self_actualization": 6.143329326348548
    },
    "needs_improvement": {
      "physiological": 0.7079993141043808,
      "safety": 0.8353097903346516,
      "love": 3.7957000527537037,
      "esteem": -0.5087241871788937,
      "self_actualization": 0.8755032273451713
    }
  },
  "inter_group_metrics": {
    "final_group_populations": {
      "B": 325,
      "A": 466
    },
    "final_group_cooperation_rates": {
      "B": 0.8461538461538461,
      "A": 0.9098712446351931
    },
    "in_group_interaction_rate": 0.7659348583790714,
    "out_group_interaction_rate": 0.23406514162092865,
    "avg_in_group_trust": 0.763422207681483,
    "avg_out_group_trust": 0.5565834917719293,
    "trust_asymmetry": 0.2068387159095536,
    "group_segregation_index": 0.7659348583790714,
    "total_mixing_events": 15,
    "mixing_event_success_rate": 1.0,
    "reputational_spillover_events": 0,
    "out_group_constraint_amplifications": 0,
    "group_extinction_events": 0
  },
  "interaction_metrics": {
    "total_interactions": 399376,
    "avg_interaction_processing_time": 0.0
  }
}