{
  "run_id": 165,
  "parameters": {
    "shock_interval_years": 20,
    "homophily_bias": 0.18767832340129306,
    "num_groups": 2,
    "out_group_trust_bias": 0.8922350597831255,
    "out_group_penalty": 2.0359585943474476,
    "intervention_interval": 20,
    "intervention_scale": 0.12263569364714512,
    "event_bonus": 1.9367442901162437,
    "base_trust_delta": 0.052928907359626166,
    "group_trust_bias": 1.7480677314500346,
    "resilience_profile": {
      "threshold": 0.16430393449572028,
      "noise": 0.06290478698364392
    },
    "turnover_rate": 0.006382773218288178,
    "social_diffusion": 0.006238496945906147,
    "max_rounds": 300,
    "initial_population": 200,
    "max_population": 800,
    "maslow_variation": 0.5,
    "constraint_threshold_range": [
      0.2,
      0.8
    ],
    "recovery_threshold": 0.15,
    "cooperation_bonus": 0.2,
    "trust_threshold": 0.6,
    "max_relationships_per_person": 150
  },
  "outcomes": {
    "final_cooperation_rate": 0.7651612903225806,
    "behavioral_cooperation_rate": 0.09698559252286938,
    "final_constrained_rate": 0.23483870967741935,
    "final_population": 775,
    "extinction_occurred": false,
    "rounds_completed": 300,
    "first_cascade_round": null,
    "total_cascade_events": 0,
    "total_shock_events": 4,
    "total_defections": 582195,
    "total_redemptions": 3946,
    "net_strategy_change": 578249,
    "total_births": 1150,
    "total_deaths": 562,
    "max_population_reached": 800,
    "population_stability": 0.005052254242265642,
    "population_growth": 4.0,
    "avg_system_stress": 0.5573697952411841,
    "max_system_stress": 1.3948492881572234,
    "avg_maslow_pressure": 0.10259285241841165,
    "avg_basic_needs_crisis_rate": 0.22193548387096773,
    "avg_trust_level": 0.48788500544506475,
    "cooperation_benefit_total": 0,
    "cooperation_resilience": 0.7651612903225806
  },
  "maslow_hierarchy": {
    "initial_needs_avg": {
      "physiological": 5.1108440023209285,
      "safety": 5.077761924487494,
      "love": 5.036269430179332,
      "esteem": 4.891530166573659,
      "self_actualization": 4.99804710682774
    },
    "final_needs_avg": {
      "physiological": 5.65687715426613,
      "safety": 5.198908233345683,
      "love": 6.617141193315427,
      "esteem": 2.9764533590021363,
      "self_actualization": 5.333620491574421
    },
    "needs_improvement": {
      "physiological": 0.5460331519452017,
      "safety": 0.12114630885818833,
      "love": 1.580871763136095,
      "esteem": -1.915076807571523,
      "self_actualization": 0.33557338474668086
    }
  },
  "inter_group_metrics": {
    "final_group_populations": {
      "A": 516,
      "B": 259
    },
    "final_group_cooperation_rates": {
      "A": 0.8275193798449613,
      "B": 0.640926640926641
    },
    "in_group_interaction_rate": 0.6050478199585655,
    "out_group_interaction_rate": 0.3949521800414345,
    "avg_in_group_trust": 0.47552204261054093,
    "avg_out_group_trust": 0.5002479682795886,
    "trust_asymmetry": -0.024725925669047688,
    "group_segregation_index": 0.6050478199585655,
    "total_mixing_events": 15,
    "mixing_event_success_rate": 1.0,
    "reputational_spillover_events": 0,
    "out_group_constraint_amplifications": 0,
    "group_extinction_events": 0
  },
  "interaction_metrics": {
    "total_interactions": 422836,
    "avg_interaction_processing_time": 0.0
  }
}