{
  "run_id": 431,
  "parameters": {
    "shock_interval_years": 5,
    "homophily_bias": 0.0,
    "num_groups": 1,
    "out_group_trust_bias": 1.1645063842162036,
    "out_group_penalty": 1.1932239066587713,
    "intervention_interval": 0,
    "intervention_scale": 0.11634769818566258,
    "event_bonus": 1.8370158244790344,
    "base_trust_delta": 0.07811496079420248,
    "group_trust_bias": 1.8359257275641307,
    "resilience_profile": {
      "threshold": 0.21604831550131914,
      "noise": 0.14290726334922552
    },
    "turnover_rate": 0.046719037135516894,
    "social_diffusion": 0.06514931457799127,
    "max_rounds": 300,
    "initial_population": 200,
    "max_population": 800,
    "maslow_variation": 0.5,
    "constraint_threshold_range": [
      0.05,
      0.25
    ],
    "recovery_threshold": 0.3,
    "cooperation_bonus": 0.2,
    "trust_threshold": 0.6,
    "max_relationships_per_person": 150
  },
  "outcomes": {
    "final_cooperation_rate": 0.0,
    "final_constrained_rate": 1.0,
    "final_population": 1,
    "extinction_occurred": false,
    "rounds_completed": 300,
    "first_cascade_round": null,
    "total_cascade_events": 0,
    "total_shock_events": 13,
    "total_defections": 2246379,
    "total_redemptions": 324,
    "net_strategy_change": 2246055,
    "total_births": 563,
    "total_deaths": 756,
    "max_population_reached": 763,
    "population_stability": 0.5917496137676006,
    "population_growth": 3.815,
    "avg_system_stress": 1.0332586907769385,
    "max_system_stress": 3.273451892619889,
    "avg_maslow_pressure": 0.11982596612493704,
    "avg_basic_needs_crisis_rate": 0.0,
    "avg_trust_level": 0.07298737272789572,
    "cooperation_benefit_total": 0,
    "cooperation_resilience": 0.0
  },
  "maslow_hierarchy": {
    "initial_needs_avg": {
      "physiological": 5.436255744865784,
      "safety": 7.522573464179864,
      "love": 1.5293996119667992,
      "esteem": 2.4699227190891233,
      "self_actualization": 5.04851427647827
    },
    "final_needs_avg": {
      "physiological": 5.436255744865784,
      "safety": 7.522573464179864,
      "love": 1.5293996119667992,
      "esteem": 2.4699227190891233,
      "self_actualization": 5.04851427647827
    },
    "needs_improvement": {
      "physiological": 0.0,
      "safety": 0.0,
      "love": 0.0,
      "esteem": 0.0,
      "self_actualization": 0.0
    }
  },
  "inter_group_metrics": {
    "final_group_populations": {
      "A": 1
    },
    "final_group_cooperation_rates": {
      "A": 0.0
    },
    "in_group_interaction_rate": 1.0,
    "out_group_interaction_rate": 0.0,
    "avg_in_group_trust": 0.07298737272789572,
    "avg_out_group_trust": 0.07298737272789572,
    "trust_asymmetry": 0.0,
    "group_segregation_index": 1.0,
    "total_mixing_events": 0,
    "mixing_event_success_rate": 0,
    "reputational_spillover_events": 0,
    "out_group_constraint_amplifications": 0,
    "group_extinction_events": 0
  },
  "interaction_metrics": {
    "total_interactions": 2258912,
    "avg_interaction_processing_time": 0.0
  }
}