{
  "run_id": 120,
  "parameters": {
    "shock_interval_years": 5,
    "homophily_bias": 0.0,
    "num_groups": 1,
    "out_group_trust_bias": 0.8809991943371493,
    "out_group_penalty": 1.289920751650685,
    "intervention_interval": 0,
    "intervention_scale": 0.2022561966886547,
    "event_bonus": 1.5359154061269635,
    "base_trust_delta": 0.08464717661658977,
    "group_trust_bias": 1.9607851178953473,
    "resilience_profile": {
      "threshold": 0.24799558938775254,
      "noise": 0.12633899304655938
    },
    "turnover_rate": 0.04786802791235492,
    "social_diffusion": 0.04627573598260218,
    "max_rounds": 300,
    "initial_population": 200,
    "max_population": 800,
    "maslow_variation": 0.5,
    "constraint_threshold_range": [
      0.05,
      0.25
    ],
    "recovery_threshold": 0.3,
    "cooperation_bonus": 0.2,
    "trust_threshold": 0.6,
    "max_relationships_per_person": 150
  },
  "outcomes": {
    "final_cooperation_rate": 0.0,
    "final_constrained_rate": 1.0,
    "final_population": 3,
    "extinction_occurred": false,
    "rounds_completed": 300,
    "first_cascade_round": null,
    "total_cascade_events": 0,
    "total_shock_events": 17,
    "total_defections": 2141657,
    "total_redemptions": 295,
    "net_strategy_change": 2141362,
    "total_births": 530,
    "total_deaths": 724,
    "max_population_reached": 730,
    "population_stability": 0.5909942525784423,
    "population_growth": 3.65,
    "avg_system_stress": 2.9994355669326143,
    "max_system_stress": 6.052868526323002,
    "avg_maslow_pressure": 0.1435070131198144,
    "avg_basic_needs_crisis_rate": 0.3333333333333333,
    "avg_trust_level": 0.06769350914790451,
    "cooperation_benefit_total": 0,
    "cooperation_resilience": 0.0
  },
  "maslow_hierarchy": {
    "initial_needs_avg": {
      "physiological": 7.964720634242027,
      "safety": 3.5403483766085606,
      "love": 2.030618817091191,
      "esteem": 1.479850235701835,
      "self_actualization": 4.600802425932075
    },
    "final_needs_avg": {
      "physiological": 7.964720634242027,
      "safety": 3.5403483766085606,
      "love": 2.030618817091191,
      "esteem": 1.479850235701835,
      "self_actualization": 4.600802425932075
    },
    "needs_improvement": {
      "physiological": 0.0,
      "safety": 0.0,
      "love": 0.0,
      "esteem": 0.0,
      "self_actualization": 0.0
    }
  },
  "inter_group_metrics": {
    "final_group_populations": {
      "A": 3
    },
    "final_group_cooperation_rates": {
      "A": 0.0
    },
    "in_group_interaction_rate": 1.0,
    "out_group_interaction_rate": 0.0,
    "avg_in_group_trust": 0.06769350914790451,
    "avg_out_group_trust": 0.06769350914790451,
    "trust_asymmetry": 0.0,
    "group_segregation_index": 1.0,
    "total_mixing_events": 0,
    "mixing_event_success_rate": 0,
    "reputational_spillover_events": 0,
    "out_group_constraint_amplifications": 0,
    "group_extinction_events": 0
  },
  "interaction_metrics": {
    "total_interactions": 2152480,
    "avg_interaction_processing_time": 0.0
  }
}