{
  "run_id": 130,
  "parameters": {
    "shock_interval_years": 20,
    "homophily_bias": 0.0,
    "num_groups": 1,
    "out_group_trust_bias": 1.0356764613092002,
    "out_group_penalty": 1.483817884188858,
    "intervention_interval": 0,
    "intervention_scale": 0.1806229562511033,
    "event_bonus": 1.9056737395034546,
    "base_trust_delta": 0.11346111420720373,
    "group_trust_bias": 1.8239852140473785,
    "resilience_profile": {
      "threshold": 0.1023273806136449,
      "noise": 0.011083249296452597
    },
    "turnover_rate": 0.030054631018503225,
    "social_diffusion": 0.07842752696744087,
    "max_rounds": 300,
    "initial_population": 200,
    "max_population": 800,
    "maslow_variation": 0.5,
    "constraint_threshold_range": [
      0.05,
      0.25
    ],
    "recovery_threshold": 0.3,
    "cooperation_bonus": 0.2,
    "trust_threshold": 0.6,
    "max_relationships_per_person": 150
  },
  "outcomes": {
    "final_cooperation_rate": 0.0,
    "final_constrained_rate": 1.0,
    "final_population": 13,
    "extinction_occurred": false,
    "rounds_completed": 300,
    "first_cascade_round": null,
    "total_cascade_events": 0,
    "total_shock_events": 4,
    "total_defections": 2342204,
    "total_redemptions": 497,
    "net_strategy_change": 2341707,
    "total_births": 600,
    "total_deaths": 781,
    "max_population_reached": 800,
    "population_stability": 0.42137696599009,
    "population_growth": 4.0,
    "avg_system_stress": 0.2800628523085081,
    "max_system_stress": 2.463500571152137,
    "avg_maslow_pressure": 0.19421349217148293,
    "avg_basic_needs_crisis_rate": 0.3076923076923077,
    "avg_trust_level": 0.04613618164752081,
    "cooperation_benefit_total": 0,
    "cooperation_resilience": 0.0
  },
  "maslow_hierarchy": {
    "initial_needs_avg": {
      "physiological": 4.983022432300702,
      "safety": 5.4766353836059505,
      "love": 1.5867112924008053,
      "esteem": 1.1371582234442472,
      "self_actualization": 4.626070530332644
    },
    "final_needs_avg": {
      "physiological": 4.983022432300702,
      "safety": 5.4766353836059505,
      "love": 1.5867112924008053,
      "esteem": 1.1371582234442472,
      "self_actualization": 4.626070530332644
    },
    "needs_improvement": {
      "physiological": 0.0,
      "safety": 0.0,
      "love": 0.0,
      "esteem": 0.0,
      "self_actualization": 0.0
    }
  },
  "inter_group_metrics": {
    "final_group_populations": {
      "A": 13
    },
    "final_group_cooperation_rates": {
      "A": 0.0
    },
    "in_group_interaction_rate": 1.0,
    "out_group_interaction_rate": 0.0,
    "avg_in_group_trust": 0.04613618164752081,
    "avg_out_group_trust": 0.04613618164752081,
    "trust_asymmetry": 0.0,
    "group_segregation_index": 1.0,
    "total_mixing_events": 0,
    "mixing_event_success_rate": 0,
    "reputational_spillover_events": 0,
    "out_group_constraint_amplifications": 0,
    "group_extinction_events": 0
  },
  "interaction_metrics": {
    "total_interactions": 2369187,
    "avg_interaction_processing_time": 0.0
  }
}