{
  "run_id": 495,
  "parameters": {
    "shock_interval_years": 5,
    "homophily_bias": 0.0,
    "num_groups": 1,
    "out_group_trust_bias": 1.0783285559165552,
    "out_group_penalty": 1.492607480971572,
    "intervention_interval": 0,
    "intervention_scale": 0.20166396969070255,
    "event_bonus": 2.4695290153598766,
    "base_trust_delta": 0.0896894429770802,
    "group_trust_bias": 1.6531433433701912,
    "resilience_profile": {
      "threshold": 0.30778994077605515,
      "noise": 0.06742718067475213
    },
    "turnover_rate": 0.03438950252533207,
    "social_diffusion": 0.07693273118766591,
    "max_rounds": 300,
    "initial_population": 200,
    "max_population": 800,
    "maslow_variation": 0.5,
    "constraint_threshold_range": [
      0.05,
      0.25
    ],
    "recovery_threshold": 0.3,
    "cooperation_bonus": 0.2,
    "trust_threshold": 0.6,
    "max_relationships_per_person": 150
  },
  "outcomes": {
    "final_cooperation_rate": 0.0,
    "final_constrained_rate": 1.0,
    "final_population": 1,
    "extinction_occurred": false,
    "rounds_completed": 300,
    "first_cascade_round": null,
    "total_cascade_events": 0,
    "total_shock_events": 17,
    "total_defections": 1077323,
    "total_redemptions": 149,
    "net_strategy_change": 1077174,
    "total_births": 171,
    "total_deaths": 369,
    "max_population_reached": 371,
    "population_stability": 0.5643020004718545,
    "population_growth": 1.855,
    "avg_system_stress": 3.893997416522534,
    "max_system_stress": 8.33894724448539,
    "avg_maslow_pressure": 0.11509599492149024,
    "avg_basic_needs_crisis_rate": 0.0,
    "avg_trust_level": 0.12764000911035137,
    "cooperation_benefit_total": 0,
    "cooperation_resilience": 0.0
  },
  "maslow_hierarchy": {
    "initial_needs_avg": {
      "physiological": 9.193443712688495,
      "safety": 9.721748971389012,
      "love": 0.9296580958766598,
      "esteem": 1.247252688749236,
      "self_actualization": 3.744029701791569
    },
    "final_needs_avg": {
      "physiological": 9.193443712688495,
      "safety": 9.721748971389012,
      "love": 0.9296580958766598,
      "esteem": 1.247252688749236,
      "self_actualization": 3.744029701791569
    },
    "needs_improvement": {
      "physiological": 0.0,
      "safety": 0.0,
      "love": 0.0,
      "esteem": 0.0,
      "self_actualization": 0.0
    }
  },
  "inter_group_metrics": {
    "final_group_populations": {
      "A": 1
    },
    "final_group_cooperation_rates": {
      "A": 0.0
    },
    "in_group_interaction_rate": 1.0,
    "out_group_interaction_rate": 0.0,
    "avg_in_group_trust": 0.12764000911035137,
    "avg_out_group_trust": 0.12764000911035137,
    "trust_asymmetry": 0.0,
    "group_segregation_index": 1.0,
    "total_mixing_events": 0,
    "mixing_event_success_rate": 0,
    "reputational_spillover_events": 0,
    "out_group_constraint_amplifications": 0,
    "group_extinction_events": 0
  },
  "interaction_metrics": {
    "total_interactions": 1082683,
    "avg_interaction_processing_time": 0.0
  }
}