{
  "run_id": 350,
  "parameters": {
    "shock_interval_years": 10,
    "homophily_bias": 0.7090448952338463,
    "num_groups": 3,
    "out_group_trust_bias": 1.0719509337572164,
    "out_group_penalty": 1.4517758335822053,
    "intervention_interval": 15,
    "intervention_scale": 0.22905253958807426,
    "event_bonus": 1.6401902918838056,
    "base_trust_delta": 0.07888045943627794,
    "group_trust_bias": 1.875365847705133,
    "resilience_profile": {
      "threshold": 0.17848730206276003,
      "noise": 0.023398872754532368
    },
    "turnover_rate": 0.03638914229737523,
    "social_diffusion": 0.07307755764922994,
    "max_rounds": 300,
    "initial_population": 200,
    "max_population": 800,
    "maslow_variation": 0.5,
    "constraint_threshold_range": [
      0.05,
      0.25
    ],
    "recovery_threshold": 0.3,
    "cooperation_bonus": 0.2,
    "trust_threshold": 0.6,
    "max_relationships_per_person": 150
  },
  "outcomes": {
    "final_cooperation_rate": 0.0,
    "final_constrained_rate": 1.0,
    "final_population": 1,
    "extinction_occurred": false,
    "rounds_completed": 300,
    "first_cascade_round": null,
    "total_cascade_events": 0,
    "total_shock_events": 14,
    "total_defections": 1583681,
    "total_redemptions": 229,
    "net_strategy_change": 1583452,
    "total_births": 342,
    "total_deaths": 541,
    "max_population_reached": 542,
    "population_stability": 0.6268771072660815,
    "population_growth": 2.71,
    "avg_system_stress": 2.541642145159953,
    "max_system_stress": 3.8568535583764625,
    "avg_maslow_pressure": 0.16985325527781608,
    "avg_basic_needs_crisis_rate": 0.0,
    "avg_trust_level": 0.3196410699904183,
    "cooperation_benefit_total": 0,
    "cooperation_resilience": 0.0
  },
  "maslow_hierarchy": {
    "initial_needs_avg": {
      "physiological": 5.461257477106074,
      "safety": 4.537253682331998,
      "love": 2.122349435883936,
      "esteem": 0.6823565718985761,
      "self_actualization": 5.533617901824516
    },
    "final_needs_avg": {
      "physiological": 5.461257477106074,
      "safety": 4.537253682331998,
      "love": 2.122349435883936,
      "esteem": 0.6823565718985761,
      "self_actualization": 5.533617901824516
    },
    "needs_improvement": {
      "physiological": 0.0,
      "safety": 0.0,
      "love": 0.0,
      "esteem": 0.0,
      "self_actualization": 0.0
    }
  },
  "inter_group_metrics": {
    "final_group_populations": {
      "B": 1
    },
    "final_group_cooperation_rates": {
      "B": 0.0
    },
    "in_group_interaction_rate": 0.8082727437058759,
    "out_group_interaction_rate": 0.19172725629412415,
    "avg_in_group_trust": 0.29288740427221477,
    "avg_out_group_trust": 0.3463947357086218,
    "trust_asymmetry": -0.05350733143640701,
    "group_segregation_index": 0.8082727437058759,
    "total_mixing_events": 19,
    "mixing_event_success_rate": 1.0,
    "reputational_spillover_events": 0,
    "out_group_constraint_amplifications": 0,
    "group_extinction_events": 0
  },
  "interaction_metrics": {
    "total_interactions": 1593232,
    "avg_interaction_processing_time": 0.0
  }
}