{
  "run_id": 249,
  "parameters": {
    "shock_interval_years": 10,
    "homophily_bias": 0.0,
    "num_groups": 1,
    "out_group_trust_bias": 1.1743778405795822,
    "out_group_penalty": 1.3193239898418483,
    "intervention_interval": 0,
    "intervention_scale": 0.2777174218375872,
    "event_bonus": 1.7467974348947521,
    "base_trust_delta": 0.07131073427913594,
    "group_trust_bias": 1.3568581056094786,
    "resilience_profile": {
      "threshold": 0.20660187057741292,
      "noise": 0.07154207528957938
    },
    "turnover_rate": 0.04850875994839918,
    "social_diffusion": 0.06000328195679652,
    "max_rounds": 300,
    "initial_population": 200,
    "max_population": 800,
    "maslow_variation": 0.5,
    "constraint_threshold_range": [
      0.05,
      0.25
    ],
    "recovery_threshold": 0.3,
    "cooperation_bonus": 0.2,
    "trust_threshold": 0.6,
    "max_relationships_per_person": 150
  },
  "outcomes": {
    "final_cooperation_rate": 0.0,
    "final_constrained_rate": 1.0,
    "final_population": 5,
    "extinction_occurred": false,
    "rounds_completed": 300,
    "first_cascade_round": null,
    "total_cascade_events": 0,
    "total_shock_events": 3,
    "total_defections": 2343364,
    "total_redemptions": 400,
    "net_strategy_change": 2342964,
    "total_births": 600,
    "total_deaths": 792,
    "max_population_reached": 800,
    "population_stability": 0.5655132727744153,
    "population_growth": 4.0,
    "avg_system_stress": 0.26630163591899625,
    "max_system_stress": 1.0285247300437488,
    "avg_maslow_pressure": 0.07808161705048935,
    "avg_basic_needs_crisis_rate": 0.0,
    "avg_trust_level": 0.1601031733420416,
    "cooperation_benefit_total": 0,
    "cooperation_resilience": 0.0
  },
  "maslow_hierarchy": {
    "initial_needs_avg": {
      "physiological": 6.205827157749147,
      "safety": 5.018809766713775,
      "love": 1.7686042530630695,
      "esteem": 1.0183193300556739,
      "self_actualization": 7.484551566068083
    },
    "final_needs_avg": {
      "physiological": 6.205827157749147,
      "safety": 5.018809766713775,
      "love": 1.7686042530630695,
      "esteem": 1.0183193300556739,
      "self_actualization": 7.484551566068083
    },
    "needs_improvement": {
      "physiological": 0.0,
      "safety": 0.0,
      "love": 0.0,
      "esteem": 0.0,
      "self_actualization": 0.0
    }
  },
  "inter_group_metrics": {
    "final_group_populations": {
      "A": 5
    },
    "final_group_cooperation_rates": {
      "A": 0.0
    },
    "in_group_interaction_rate": 1.0,
    "out_group_interaction_rate": 0.0,
    "avg_in_group_trust": 0.1601031733420416,
    "avg_out_group_trust": 0.1601031733420416,
    "trust_asymmetry": 0.0,
    "group_segregation_index": 1.0,
    "total_mixing_events": 0,
    "mixing_event_success_rate": 0,
    "reputational_spillover_events": 0,
    "out_group_constraint_amplifications": 0,
    "group_extinction_events": 0
  },
  "interaction_metrics": {
    "total_interactions": 2366382,
    "avg_interaction_processing_time": 0.0
  }
}