{
  "run_id": 145,
  "parameters": {
    "shock_interval_years": 5,
    "homophily_bias": 0.6941236567775205,
    "num_groups": 3,
    "out_group_trust_bias": 1.0768436139801387,
    "out_group_penalty": 1.1935865621689143,
    "intervention_interval": 20,
    "intervention_scale": 0.058660021975372276,
    "event_bonus": 2.1417455628174435,
    "base_trust_delta": 0.1988613827469769,
    "group_trust_bias": 1.3335155698298429,
    "resilience_profile": {
      "threshold": 0.124189389025646,
      "noise": 0.026515488092505122
    },
    "turnover_rate": 0.04939087157290413,
    "social_diffusion": 0.026330730471995724,
    "max_rounds": 300,
    "initial_population": 200,
    "max_population": 800,
    "maslow_variation": 0.5,
    "constraint_threshold_range": [
      0.05,
      0.25
    ],
    "recovery_threshold": 0.3,
    "cooperation_bonus": 0.2,
    "trust_threshold": 0.6,
    "max_relationships_per_person": 150
  },
  "outcomes": {
    "final_cooperation_rate": 0.0,
    "final_constrained_rate": 1.0,
    "final_population": 4,
    "extinction_occurred": false,
    "rounds_completed": 300,
    "first_cascade_round": null,
    "total_cascade_events": 0,
    "total_shock_events": 12,
    "total_defections": 2359578,
    "total_redemptions": 395,
    "net_strategy_change": 2359183,
    "total_births": 600,
    "total_deaths": 792,
    "max_population_reached": 800,
    "population_stability": 0.55034404262618,
    "population_growth": 4.0,
    "avg_system_stress": 2.3891546073965992,
    "max_system_stress": 4.956224911109151,
    "avg_maslow_pressure": 0.19460350592204184,
    "avg_basic_needs_crisis_rate": 0.25,
    "avg_trust_level": 0.07867106383642311,
    "cooperation_benefit_total": 0,
    "cooperation_resilience": 0.0
  },
  "maslow_hierarchy": {
    "initial_needs_avg": {
      "physiological": 4.877561187990501,
      "safety": 7.577085025048902,
      "love": 0.6271114162469364,
      "esteem": 1.1595803953916954,
      "self_actualization": 4.824540413733617
    },
    "final_needs_avg": {
      "physiological": 4.877561187990501,
      "safety": 7.577085025048902,
      "love": 0.6271114162469364,
      "esteem": 1.1595803953916954,
      "self_actualization": 4.824540413733617
    },
    "needs_improvement": {
      "physiological": 0.0,
      "safety": 0.0,
      "love": 0.0,
      "esteem": 0.0,
      "self_actualization": 0.0
    }
  },
  "inter_group_metrics": {
    "final_group_populations": {
      "C": 2,
      "A": 2
    },
    "final_group_cooperation_rates": {
      "C": 0.0,
      "A": 0.0
    },
    "in_group_interaction_rate": 0.7965538649715524,
    "out_group_interaction_rate": 0.20344613502844752,
    "avg_in_group_trust": 0.043866769201896236,
    "avg_out_group_trust": 0.11347535847095,
    "trust_asymmetry": -0.06960858926905376,
    "group_segregation_index": 0.7965538649715524,
    "total_mixing_events": 15,
    "mixing_event_success_rate": 0.9333333333333333,
    "reputational_spillover_events": 0,
    "out_group_constraint_amplifications": 0,
    "group_extinction_events": 0
  },
  "interaction_metrics": {
    "total_interactions": 2374196,
    "avg_interaction_processing_time": 0.0
  }
}