{
  "run_id": 89,
  "parameters": {
    "shock_interval_years": 10,
    "homophily_bias": 0.0,
    "num_groups": 1,
    "out_group_trust_bias": 1.1773086156462738,
    "out_group_penalty": 1.4507046195979814,
    "intervention_interval": 0,
    "intervention_scale": 0.11370876172115003,
    "event_bonus": 1.676810758167627,
    "base_trust_delta": 0.0828116840819966,
    "group_trust_bias": 1.6452978093802635,
    "resilience_profile": {
      "threshold": 0.28748875476972324,
      "noise": 0.007982918841113879
    },
    "turnover_rate": 0.04851524782048554,
    "social_diffusion": 0.007401408635776097,
    "max_rounds": 300,
    "initial_population": 200,
    "max_population": 800,
    "maslow_variation": 0.5,
    "constraint_threshold_range": [
      0.05,
      0.25
    ],
    "recovery_threshold": 0.3,
    "cooperation_bonus": 0.2,
    "trust_threshold": 0.6,
    "max_relationships_per_person": 150
  },
  "outcomes": {
    "final_cooperation_rate": 0.0,
    "final_constrained_rate": 1.0,
    "final_population": 1,
    "extinction_occurred": false,
    "rounds_completed": 300,
    "first_cascade_round": null,
    "total_cascade_events": 0,
    "total_shock_events": 2,
    "total_defections": 1702966,
    "total_redemptions": 222,
    "net_strategy_change": 1702744,
    "total_births": 383,
    "total_deaths": 581,
    "max_population_reached": 583,
    "population_stability": 0.5947137034059587,
    "population_growth": 2.915,
    "avg_system_stress": 0.2906495941507755,
    "max_system_stress": 1.2255235068451678,
    "avg_maslow_pressure": 0.0,
    "avg_basic_needs_crisis_rate": 0.0,
    "avg_trust_level": 0.14187926564402653,
    "cooperation_benefit_total": 0,
    "cooperation_resilience": 0.0
  },
  "maslow_hierarchy": {
    "initial_needs_avg": {
      "physiological": 6.905816618173058,
      "safety": 8.201043454092336,
      "love": 2.427256857254514,
      "esteem": 4.328203280163633,
      "self_actualization": 8.310097152431096
    },
    "final_needs_avg": {
      "physiological": 6.905816618173058,
      "safety": 8.201043454092336,
      "love": 2.427256857254514,
      "esteem": 4.328203280163633,
      "self_actualization": 8.310097152431096
    },
    "needs_improvement": {
      "physiological": 0.0,
      "safety": 0.0,
      "love": 0.0,
      "esteem": 0.0,
      "self_actualization": 0.0
    }
  },
  "inter_group_metrics": {
    "final_group_populations": {
      "A": 1
    },
    "final_group_cooperation_rates": {
      "A": 0.0
    },
    "in_group_interaction_rate": 1.0,
    "out_group_interaction_rate": 0.0,
    "avg_in_group_trust": 0.14187926564402653,
    "avg_out_group_trust": 0.14187926564402653,
    "trust_asymmetry": 0.0,
    "group_segregation_index": 1.0,
    "total_mixing_events": 0,
    "mixing_event_success_rate": 0,
    "reputational_spillover_events": 0,
    "out_group_constraint_amplifications": 0,
    "group_extinction_events": 0
  },
  "interaction_metrics": {
    "total_interactions": 1711041,
    "avg_interaction_processing_time": 0.0
  }
}