{
  "run_id": 402,
  "parameters": {
    "shock_interval_years": 20,
    "homophily_bias": 0.31016406108043926,
    "num_groups": 2,
    "out_group_trust_bias": 1.1004926667671033,
    "out_group_penalty": 1.1555111354894252,
    "intervention_interval": 15,
    "intervention_scale": 0.05229006207584912,
    "event_bonus": 1.6078085326208722,
    "base_trust_delta": 0.11844907820220421,
    "group_trust_bias": 1.6802437953464957,
    "resilience_profile": {
      "threshold": 0.14975377596448922,
      "noise": 0.05444677224058593
    },
    "turnover_rate": 0.04452455444740418,
    "social_diffusion": 0.0542388278890493,
    "max_rounds": 300,
    "initial_population": 200,
    "max_population": 800,
    "maslow_variation": 0.5,
    "constraint_threshold_range": [
      0.05,
      0.25
    ],
    "recovery_threshold": 0.3,
    "cooperation_bonus": 0.2,
    "trust_threshold": 0.6,
    "max_relationships_per_person": 150
  },
  "outcomes": {
    "final_cooperation_rate": 0.0,
    "final_constrained_rate": 1.0,
    "final_population": 1,
    "extinction_occurred": false,
    "rounds_completed": 300,
    "first_cascade_round": null,
    "total_cascade_events": 0,
    "total_shock_events": 3,
    "total_defections": 1629707,
    "total_redemptions": 197,
    "net_strategy_change": 1629510,
    "total_births": 359,
    "total_deaths": 557,
    "max_population_reached": 559,
    "population_stability": 0.6241805255247763,
    "population_growth": 2.795,
    "avg_system_stress": 0.18416684054719093,
    "max_system_stress": 0.8998442552126436,
    "avg_maslow_pressure": 0.16669150573420502,
    "avg_basic_needs_crisis_rate": 1.0,
    "avg_trust_level": 0.14974193777542139,
    "cooperation_benefit_total": 0,
    "cooperation_resilience": 0.0
  },
  "maslow_hierarchy": {
    "initial_needs_avg": {
      "physiological": 7.304823835821032,
      "safety": 2.924899682517803,
      "love": 2.321901875113734,
      "esteem": 1.291588094319644,
      "self_actualization": 5.261354201396126
    },
    "final_needs_avg": {
      "physiological": 7.304823835821032,
      "safety": 2.924899682517803,
      "love": 2.321901875113734,
      "esteem": 1.291588094319644,
      "self_actualization": 5.261354201396126
    },
    "needs_improvement": {
      "physiological": 0.0,
      "safety": 0.0,
      "love": 0.0,
      "esteem": 0.0,
      "self_actualization": 0.0
    }
  },
  "inter_group_metrics": {
    "final_group_populations": {
      "A": 1
    },
    "final_group_cooperation_rates": {
      "A": 0.0
    },
    "in_group_interaction_rate": 0.6577718051307914,
    "out_group_interaction_rate": 0.3422281948692086,
    "avg_in_group_trust": 0.14351333757607648,
    "avg_out_group_trust": 0.15597053797476632,
    "trust_asymmetry": -0.012457200398689833,
    "group_segregation_index": 0.6577718051307914,
    "total_mixing_events": 20,
    "mixing_event_success_rate": 0.95,
    "reputational_spillover_events": 0,
    "out_group_constraint_amplifications": 0,
    "group_extinction_events": 0
  },
  "interaction_metrics": {
    "total_interactions": 1637837,
    "avg_interaction_processing_time": 0.0
  }
}