{
  "run_id": 337,
  "parameters": {
    "shock_interval_years": 2,
    "homophily_bias": 0.0,
    "num_groups": 1,
    "out_group_trust_bias": 0.9284215927659762,
    "out_group_penalty": 1.1237015805068802,
    "intervention_interval": 0,
    "intervention_scale": 0.2738509523326771,
    "event_bonus": 1.8519655425022719,
    "base_trust_delta": 0.19507179214530673,
    "group_trust_bias": 1.8545764401934244,
    "resilience_profile": {
      "threshold": 0.11464402357817087,
      "noise": 0.005298737618434268
    },
    "turnover_rate": 0.036506771423698695,
    "social_diffusion": 0.04850563416023214,
    "max_rounds": 300,
    "initial_population": 200,
    "max_population": 800,
    "maslow_variation": 0.5,
    "constraint_threshold_range": [
      0.05,
      0.25
    ],
    "recovery_threshold": 0.3,
    "cooperation_bonus": 0.2,
    "trust_threshold": 0.6,
    "max_relationships_per_person": 150
  },
  "outcomes": {
    "final_cooperation_rate": 0.0,
    "final_constrained_rate": 1.0,
    "final_population": 7,
    "extinction_occurred": false,
    "rounds_completed": 300,
    "first_cascade_round": null,
    "total_cascade_events": 0,
    "total_shock_events": 51,
    "total_defections": 2344680,
    "total_redemptions": 373,
    "net_strategy_change": 2344307,
    "total_births": 600,
    "total_deaths": 792,
    "max_population_reached": 800,
    "population_stability": 0.5581344335683887,
    "population_growth": 4.0,
    "avg_system_stress": 11.616161386159387,
    "max_system_stress": 27.18260355818047,
    "avg_maslow_pressure": 0.10244569743710308,
    "avg_basic_needs_crisis_rate": 0.0,
    "avg_trust_level": 0.021663832029170875,
    "cooperation_benefit_total": 0,
    "cooperation_resilience": 0.0
  },
  "maslow_hierarchy": {
    "initial_needs_avg": {
      "physiological": 6.987787460852166,
      "safety": 5.432442311729943,
      "love": 2.1043148238937137,
      "esteem": 1.8946048431510838,
      "self_actualization": 5.826403859981506
    },
    "final_needs_avg": {
      "physiological": 6.987787460852166,
      "safety": 5.432442311729943,
      "love": 2.1043148238937137,
      "esteem": 1.8946048431510838,
      "self_actualization": 5.826403859981506
    },
    "needs_improvement": {
      "physiological": 0.0,
      "safety": 0.0,
      "love": 0.0,
      "esteem": 0.0,
      "self_actualization": 0.0
    }
  },
  "inter_group_metrics": {
    "final_group_populations": {
      "A": 7
    },
    "final_group_cooperation_rates": {
      "A": 0.0
    },
    "in_group_interaction_rate": 1.0,
    "out_group_interaction_rate": 0.0,
    "avg_in_group_trust": 0.021663832029170875,
    "avg_out_group_trust": 0.021663832029170875,
    "trust_asymmetry": 0.0,
    "group_segregation_index": 1.0,
    "total_mixing_events": 0,
    "mixing_event_success_rate": 0,
    "reputational_spillover_events": 0,
    "out_group_constraint_amplifications": 0,
    "group_extinction_events": 0
  },
  "interaction_metrics": {
    "total_interactions": 2362069,
    "avg_interaction_processing_time": 0.0
  }
}