{
  "run_id": 250,
  "parameters": {
    "shock_interval_years": 2,
    "homophily_bias": 0.0,
    "num_groups": 1,
    "out_group_trust_bias": 1.1163470934567392,
    "out_group_penalty": 1.1047515321588197,
    "intervention_interval": 0,
    "intervention_scale": 0.17001693616666635,
    "event_bonus": 1.6179097864080687,
    "base_trust_delta": 0.14762675765600763,
    "group_trust_bias": 1.7237066859713939,
    "resilience_profile": {
      "threshold": 0.24219594256714808,
      "noise": 0.09463719400607237
    },
    "turnover_rate": 0.03300900117295241,
    "social_diffusion": 0.07078854999093064,
    "max_rounds": 300,
    "initial_population": 200,
    "max_population": 800,
    "maslow_variation": 0.5,
    "constraint_threshold_range": [
      0.05,
      0.25
    ],
    "recovery_threshold": 0.3,
    "cooperation_bonus": 0.2,
    "trust_threshold": 0.6,
    "max_relationships_per_person": 150
  },
  "outcomes": {
    "final_cooperation_rate": 0.0,
    "final_constrained_rate": 1.0,
    "final_population": 1,
    "extinction_occurred": false,
    "rounds_completed": 300,
    "first_cascade_round": null,
    "total_cascade_events": 0,
    "total_shock_events": 33,
    "total_defections": 1428587,
    "total_redemptions": 205,
    "net_strategy_change": 1428382,
    "total_births": 290,
    "total_deaths": 489,
    "max_population_reached": 490,
    "population_stability": 0.6546727059524303,
    "population_growth": 2.45,
    "avg_system_stress": 8.43319258446518,
    "max_system_stress": 14.200378582498292,
    "avg_maslow_pressure": 0.10465973629153276,
    "avg_basic_needs_crisis_rate": 0.0,
    "avg_trust_level": 0.055239342861798935,
    "cooperation_benefit_total": 0,
    "cooperation_resilience": 0.0
  },
  "maslow_hierarchy": {
    "initial_needs_avg": {
      "physiological": 6.957304237107101,
      "safety": 8.274879175075299,
      "love": 0.3137556691844706,
      "esteem": 0.00467678744440163,
      "self_actualization": 5.9830321061074105
    },
    "final_needs_avg": {
      "physiological": 6.957304237107101,
      "safety": 8.274879175075299,
      "love": 0.3137556691844706,
      "esteem": 0.00467678744440163,
      "self_actualization": 5.9830321061074105
    },
    "needs_improvement": {
      "physiological": 0.0,
      "safety": 0.0,
      "love": 0.0,
      "esteem": 0.0,
      "self_actualization": 0.0
    }
  },
  "inter_group_metrics": {
    "final_group_populations": {
      "A": 1
    },
    "final_group_cooperation_rates": {
      "A": 0.0
    },
    "in_group_interaction_rate": 1.0,
    "out_group_interaction_rate": 0.0,
    "avg_in_group_trust": 0.055239342861798935,
    "avg_out_group_trust": 0.055239342861798935,
    "trust_asymmetry": 0.0,
    "group_segregation_index": 1.0,
    "total_mixing_events": 0,
    "mixing_event_success_rate": 0,
    "reputational_spillover_events": 0,
    "out_group_constraint_amplifications": 0,
    "group_extinction_events": 0
  },
  "interaction_metrics": {
    "total_interactions": 1437472,
    "avg_interaction_processing_time": 0.0
  }
}