{
  "run_id": 260,
  "parameters": {
    "shock_interval_years": 10,
    "homophily_bias": 0.0,
    "num_groups": 1,
    "out_group_trust_bias": 0.9949244590946427,
    "out_group_penalty": 1.2165618356189247,
    "intervention_interval": 0,
    "intervention_scale": 0.06719904689242474,
    "event_bonus": 1.595083810332031,
    "base_trust_delta": 0.14687588094099682,
    "group_trust_bias": 1.3808940643570413,
    "resilience_profile": {
      "threshold": 0.2350005046794785,
      "noise": 0.14643991839391612
    },
    "turnover_rate": 0.04585254162096079,
    "social_diffusion": 0.08780934375128424,
    "max_rounds": 300,
    "initial_population": 200,
    "max_population": 800,
    "maslow_variation": 0.5,
    "constraint_threshold_range": [
      0.05,
      0.25
    ],
    "recovery_threshold": 0.3,
    "cooperation_bonus": 0.2,
    "trust_threshold": 0.6,
    "max_relationships_per_person": 150
  },
  "outcomes": {
    "final_cooperation_rate": 0.0,
    "final_constrained_rate": 1.0,
    "final_population": 2,
    "extinction_occurred": false,
    "rounds_completed": 300,
    "first_cascade_round": null,
    "total_cascade_events": 0,
    "total_shock_events": 10,
    "total_defections": 1833250,
    "total_redemptions": 266,
    "net_strategy_change": 1832984,
    "total_births": 427,
    "total_deaths": 624,
    "max_population_reached": 627,
    "population_stability": 0.6149181378240323,
    "population_growth": 3.135,
    "avg_system_stress": 2.1085583656088676,
    "max_system_stress": 3.7835973493469686,
    "avg_maslow_pressure": 0.10792973773022524,
    "avg_basic_needs_crisis_rate": 0.0,
    "avg_trust_level": 0.058400031279758326,
    "cooperation_benefit_total": 0,
    "cooperation_resilience": 0.0
  },
  "maslow_hierarchy": {
    "initial_needs_avg": {
      "physiological": 6.139850311944444,
      "safety": 6.804830155517327,
      "love": 1.4973439708172376,
      "esteem": 1.2637659618806003,
      "self_actualization": 5.851286483201631
    },
    "final_needs_avg": {
      "physiological": 6.139850311944444,
      "safety": 6.804830155517327,
      "love": 1.4973439708172376,
      "esteem": 1.2637659618806003,
      "self_actualization": 5.851286483201631
    },
    "needs_improvement": {
      "physiological": 0.0,
      "safety": 0.0,
      "love": 0.0,
      "esteem": 0.0,
      "self_actualization": 0.0
    }
  },
  "inter_group_metrics": {
    "final_group_populations": {
      "A": 2
    },
    "final_group_cooperation_rates": {
      "A": 0.0
    },
    "in_group_interaction_rate": 1.0,
    "out_group_interaction_rate": 0.0,
    "avg_in_group_trust": 0.058400031279758326,
    "avg_out_group_trust": 0.058400031279758326,
    "trust_asymmetry": 0.0,
    "group_segregation_index": 1.0,
    "total_mixing_events": 0,
    "mixing_event_success_rate": 0,
    "reputational_spillover_events": 0,
    "out_group_constraint_amplifications": 0,
    "group_extinction_events": 0
  },
  "interaction_metrics": {
    "total_interactions": 1842696,
    "avg_interaction_processing_time": 0.0
  }
}