{
  "run_id": 426,
  "parameters": {
    "shock_interval_years": 5,
    "homophily_bias": 0.0,
    "num_groups": 1,
    "out_group_trust_bias": 0.864480293572147,
    "out_group_penalty": 1.4719731843305635,
    "intervention_interval": 0,
    "intervention_scale": 0.19908345726740406,
    "event_bonus": 1.6397217495502203,
    "base_trust_delta": 0.11464131814454186,
    "group_trust_bias": 1.7511160290737233,
    "resilience_profile": {
      "threshold": 0.235654430369927,
      "noise": 0.06820612521504575
    },
    "turnover_rate": 0.024841462644622114,
    "social_diffusion": 0.030438104374248078,
    "max_rounds": 300,
    "initial_population": 200,
    "max_population": 800,
    "maslow_variation": 0.5,
    "constraint_threshold_range": [
      0.05,
      0.25
    ],
    "recovery_threshold": 0.3,
    "cooperation_bonus": 0.2,
    "trust_threshold": 0.6,
    "max_relationships_per_person": 150
  },
  "outcomes": {
    "final_cooperation_rate": 0.0,
    "final_constrained_rate": 1.0,
    "final_population": 2,
    "extinction_occurred": false,
    "rounds_completed": 300,
    "first_cascade_round": null,
    "total_cascade_events": 0,
    "total_shock_events": 8,
    "total_defections": 1425079,
    "total_redemptions": 220,
    "net_strategy_change": 1424859,
    "total_births": 290,
    "total_deaths": 487,
    "max_population_reached": 490,
    "population_stability": 0.5871054331130573,
    "population_growth": 2.45,
    "avg_system_stress": 0.6653673091442094,
    "max_system_stress": 2.657945532349054,
    "avg_maslow_pressure": 0.18479368076765695,
    "avg_basic_needs_crisis_rate": 0.0,
    "avg_trust_level": 0.08448979968158479,
    "cooperation_benefit_total": 0,
    "cooperation_resilience": 0.0
  },
  "maslow_hierarchy": {
    "initial_needs_avg": {
      "physiological": 6.262133674753649,
      "safety": 5.007511884564048,
      "love": 2.0319009961997065,
      "esteem": 0.02600206017729279,
      "self_actualization": 4.662832494746971
    },
    "final_needs_avg": {
      "physiological": 6.262133674753649,
      "safety": 5.007511884564048,
      "love": 2.0319009961997065,
      "esteem": 0.02600206017729279,
      "self_actualization": 4.662832494746971
    },
    "needs_improvement": {
      "physiological": 0.0,
      "safety": 0.0,
      "love": 0.0,
      "esteem": 0.0,
      "self_actualization": 0.0
    }
  },
  "inter_group_metrics": {
    "final_group_populations": {
      "A": 2
    },
    "final_group_cooperation_rates": {
      "A": 0.0
    },
    "in_group_interaction_rate": 1.0,
    "out_group_interaction_rate": 0.0,
    "avg_in_group_trust": 0.08448979968158479,
    "avg_out_group_trust": 0.08448979968158479,
    "trust_asymmetry": 0.0,
    "group_segregation_index": 1.0,
    "total_mixing_events": 0,
    "mixing_event_success_rate": 0,
    "reputational_spillover_events": 0,
    "out_group_constraint_amplifications": 0,
    "group_extinction_events": 0
  },
  "interaction_metrics": {
    "total_interactions": 1435102,
    "avg_interaction_processing_time": 0.0
  }
}