{
  "run_id": 3,
  "parameters": {
    "shock_interval_years": 20,
    "homophily_bias": 0.5915283402862256,
    "num_groups": 3,
    "out_group_trust_bias": 1.0425187663467865,
    "out_group_penalty": 1.1603206988657346,
    "intervention_interval": 25,
    "intervention_scale": 0.2769307187716707,
    "event_bonus": 2.0760948781417765,
    "base_trust_delta": 0.1863416419266803,
    "group_trust_bias": 1.8264708264753295,
    "resilience_profile": {
      "threshold": 0.10017737614006089,
      "noise": 0.030776822830468273
    },
    "turnover_rate": 0.04949055466465628,
    "social_diffusion": 0.01322512864976595,
    "max_rounds": 300,
    "initial_population": 200,
    "max_population": 800,
    "maslow_variation": 0.5,
    "constraint_threshold_range": [
      0.05,
      0.25
    ],
    "recovery_threshold": 0.3,
    "cooperation_bonus": 0.2,
    "trust_threshold": 0.6,
    "max_relationships_per_person": 150
  },
  "outcomes": {
    "final_cooperation_rate": 0.0,
    "final_constrained_rate": 1.0,
    "final_population": 2,
    "extinction_occurred": false,
    "rounds_completed": 300,
    "first_cascade_round": null,
    "total_cascade_events": 0,
    "total_shock_events": 2,
    "total_defections": 2351966,
    "total_redemptions": 348,
    "net_strategy_change": 2351618,
    "total_births": 600,
    "total_deaths": 796,
    "max_population_reached": 800,
    "population_stability": 0.5452153545517258,
    "population_growth": 4.0,
    "avg_system_stress": 0.14746708194819544,
    "max_system_stress": 0.7061656891185687,
    "avg_maslow_pressure": 0.24066945461039427,
    "avg_basic_needs_crisis_rate": 0.5,
    "avg_trust_level": 0.1063607020442786,
    "cooperation_benefit_total": 0,
    "cooperation_resilience": 0.0
  },
  "maslow_hierarchy": {
    "initial_needs_avg": {
      "physiological": 3.430192738948313,
      "safety": 5.622320210573082,
      "love": 1.7237126257042097,
      "esteem": 0.5140831189178814,
      "self_actualization": 4.234821848959683
    },
    "final_needs_avg": {
      "physiological": 3.430192738948313,
      "safety": 5.622320210573082,
      "love": 1.7237126257042097,
      "esteem": 0.5140831189178814,
      "self_actualization": 4.234821848959683
    },
    "needs_improvement": {
      "physiological": 0.0,
      "safety": 0.0,
      "love": 0.0,
      "esteem": 0.0,
      "self_actualization": 0.0
    }
  },
  "inter_group_metrics": {
    "final_group_populations": {
      "A": 1,
      "C": 1
    },
    "final_group_cooperation_rates": {
      "A": 0.0,
      "C": 0.0
    },
    "in_group_interaction_rate": 0.7277291264764613,
    "out_group_interaction_rate": 0.2722708735235388,
    "avg_in_group_trust": 0.03888848865946018,
    "avg_out_group_trust": 0.173832915429097,
    "trust_asymmetry": -0.13494442676963683,
    "group_segregation_index": 0.7277291264764613,
    "total_mixing_events": 12,
    "mixing_event_success_rate": 0.9166666666666666,
    "reputational_spillover_events": 0,
    "out_group_constraint_amplifications": 0,
    "group_extinction_events": 0
  },
  "interaction_metrics": {
    "total_interactions": 2363760,
    "avg_interaction_processing_time": 0.0
  }
}