{
  "run_id": 447,
  "parameters": {
    "shock_interval_years": 20,
    "homophily_bias": 0.6241894737169078,
    "num_groups": 2,
    "out_group_trust_bias": 1.084599549273624,
    "out_group_penalty": 1.127675155102476,
    "intervention_interval": 10,
    "intervention_scale": 0.26471345640840954,
    "event_bonus": 1.6071021257418105,
    "base_trust_delta": 0.19071274544348654,
    "group_trust_bias": 1.8819527186627982,
    "resilience_profile": {
      "threshold": 0.17162571330737658,
      "noise": 0.04751383249534001
    },
    "turnover_rate": 0.030957812823660613,
    "social_diffusion": 0.08294412961606068,
    "max_rounds": 300,
    "initial_population": 200,
    "max_population": 800,
    "maslow_variation": 0.5,
    "constraint_threshold_range": [
      0.05,
      0.25
    ],
    "recovery_threshold": 0.3,
    "cooperation_bonus": 0.2,
    "trust_threshold": 0.6,
    "max_relationships_per_person": 150
  },
  "outcomes": {
    "final_cooperation_rate": 0.0,
    "final_constrained_rate": 1.0,
    "final_population": 2,
    "extinction_occurred": false,
    "rounds_completed": 300,
    "first_cascade_round": null,
    "total_cascade_events": 0,
    "total_shock_events": 3,
    "total_defections": 1258643,
    "total_redemptions": 188,
    "net_strategy_change": 1258455,
    "total_births": 231,
    "total_deaths": 428,
    "max_population_reached": 431,
    "population_stability": 0.531660513015312,
    "population_growth": 2.155,
    "avg_system_stress": 1.4282750384435619,
    "max_system_stress": 2.8997463622719755,
    "avg_maslow_pressure": 0.16046526605876968,
    "avg_basic_needs_crisis_rate": 0.0,
    "avg_trust_level": 0.08900883645008834,
    "cooperation_benefit_total": 0,
    "cooperation_resilience": 0.0
  },
  "maslow_hierarchy": {
    "initial_needs_avg": {
      "physiological": 6.578975625799599,
      "safety": 6.4267710829102285,
      "love": 1.6881743532286717,
      "esteem": 1.5375742912776766,
      "self_actualization": 4.759295436696455
    },
    "final_needs_avg": {
      "physiological": 6.578975625799599,
      "safety": 6.4267710829102285,
      "love": 1.6881743532286717,
      "esteem": 1.5375742912776766,
      "self_actualization": 4.759295436696455
    },
    "needs_improvement": {
      "physiological": 0.0,
      "safety": 0.0,
      "love": 0.0,
      "esteem": 0.0,
      "self_actualization": 0.0
    }
  },
  "inter_group_metrics": {
    "final_group_populations": {
      "A": 2
    },
    "final_group_cooperation_rates": {
      "A": 0.0
    },
    "in_group_interaction_rate": 0.8132726197646981,
    "out_group_interaction_rate": 0.18672738023530192,
    "avg_in_group_trust": 0.08316329630979043,
    "avg_out_group_trust": 0.09485437659038623,
    "trust_asymmetry": -0.011691080280595803,
    "group_segregation_index": 0.8132726197646981,
    "total_mixing_events": 30,
    "mixing_event_success_rate": 0.9666666666666667,
    "reputational_spillover_events": 0,
    "out_group_constraint_amplifications": 0,
    "group_extinction_events": 0
  },
  "interaction_metrics": {
    "total_interactions": 1266713,
    "avg_interaction_processing_time": 0.0
  }
}