{
  "run_id": 419,
  "parameters": {
    "shock_interval_years": 2,
    "homophily_bias": 0.0,
    "num_groups": 1,
    "out_group_trust_bias": 1.0414485204550128,
    "out_group_penalty": 1.1102475959317717,
    "intervention_interval": 0,
    "intervention_scale": 0.1786127033316789,
    "event_bonus": 1.6300424858270715,
    "base_trust_delta": 0.08774581834228029,
    "group_trust_bias": 1.9088733495793841,
    "resilience_profile": {
      "threshold": 0.13132929070589508,
      "noise": 0.05174439032558927
    },
    "turnover_rate": 0.022377114706016298,
    "social_diffusion": 0.07777472061710114,
    "max_rounds": 300,
    "initial_population": 200,
    "max_population": 800,
    "maslow_variation": 0.5,
    "constraint_threshold_range": [
      0.05,
      0.25
    ],
    "recovery_threshold": 0.3,
    "cooperation_bonus": 0.2,
    "trust_threshold": 0.6,
    "max_relationships_per_person": 150
  },
  "outcomes": {
    "final_cooperation_rate": 0.0,
    "final_constrained_rate": 1.0,
    "final_population": 7,
    "extinction_occurred": false,
    "rounds_completed": 300,
    "first_cascade_round": null,
    "total_cascade_events": 0,
    "total_shock_events": 42,
    "total_defections": 2176805,
    "total_redemptions": 412,
    "net_strategy_change": 2176393,
    "total_births": 545,
    "total_deaths": 734,
    "max_population_reached": 745,
    "population_stability": 0.5382902708949132,
    "population_growth": 3.725,
    "avg_system_stress": 8.829987673769866,
    "max_system_stress": 22.701482520355338,
    "avg_maslow_pressure": 0.17711792733131732,
    "avg_basic_needs_crisis_rate": 0.42857142857142855,
    "avg_trust_level": 0.07247510981091945,
    "cooperation_benefit_total": 0,
    "cooperation_resilience": 0.0
  },
  "maslow_hierarchy": {
    "initial_needs_avg": {
      "physiological": 5.495198334335336,
      "safety": 4.164336406342,
      "love": 1.6054050708847314,
      "esteem": 1.6339776610879055,
      "self_actualization": 5.61517481251152
    },
    "final_needs_avg": {
      "physiological": 5.495198334335336,
      "safety": 4.164336406342,
      "love": 1.6054050708847314,
      "esteem": 1.6339776610879055,
      "self_actualization": 5.61517481251152
    },
    "needs_improvement": {
      "physiological": 0.0,
      "safety": 0.0,
      "love": 0.0,
      "esteem": 0.0,
      "self_actualization": 0.0
    }
  },
  "inter_group_metrics": {
    "final_group_populations": {
      "A": 7
    },
    "final_group_cooperation_rates": {
      "A": 0.0
    },
    "in_group_interaction_rate": 1.0,
    "out_group_interaction_rate": 0.0,
    "avg_in_group_trust": 0.07247510981091945,
    "avg_out_group_trust": 0.07247510981091945,
    "trust_asymmetry": 0.0,
    "group_segregation_index": 1.0,
    "total_mixing_events": 0,
    "mixing_event_success_rate": 0,
    "reputational_spillover_events": 0,
    "out_group_constraint_amplifications": 0,
    "group_extinction_events": 0
  },
  "interaction_metrics": {
    "total_interactions": 2201595,
    "avg_interaction_processing_time": 0.0
  }
}