{
  "run_id": 129,
  "parameters": {
    "shock_interval_years": 10,
    "homophily_bias": 0.4094338955452999,
    "num_groups": 3,
    "out_group_trust_bias": 1.0269184523381016,
    "out_group_penalty": 2.121259438727355,
    "intervention_interval": 25,
    "intervention_scale": 0.2144449027643543,
    "event_bonus": 1.892444386918793,
    "base_trust_delta": 0.1206110880857338,
    "group_trust_bias": 1.4412029368927644,
    "resilience_profile": {
      "threshold": 0.30239200659787424,
      "noise": 0.13547369423721956
    },
    "turnover_rate": 0.005050633411595212,
    "social_diffusion": 0.006295497963392061,
    "max_rounds": 300,
    "initial_population": 200,
    "max_population": 800,
    "maslow_variation": 0.5,
    "constraint_threshold_range": [
      0.2,
      0.8
    ],
    "recovery_threshold": 0.15,
    "cooperation_bonus": 0.2,
    "trust_threshold": 0.6,
    "max_relationships_per_person": 150
  },
  "outcomes": {
    "final_cooperation_rate": 0.5372945638432364,
    "behavioral_cooperation_rate": 0.042467944556676726,
    "final_constrained_rate": 0.46270543615676357,
    "final_population": 791,
    "extinction_occurred": false,
    "rounds_completed": 300,
    "first_cascade_round": null,
    "total_cascade_events": 0,
    "total_shock_events": 9,
    "total_defections": 637325,
    "total_redemptions": 4208,
    "net_strategy_change": 633117,
    "total_births": 958,
    "total_deaths": 364,
    "max_population_reached": 800,
    "population_stability": 0.003720239340611402,
    "population_growth": 4.0,
    "avg_system_stress": 1.1238503832332585,
    "max_system_stress": 2.3756593095780976,
    "avg_maslow_pressure": 0.1270133601020098,
    "avg_basic_needs_crisis_rate": 0.23893805309734514,
    "avg_trust_level": 0.335239195569646,
    "cooperation_benefit_total": 0,
    "cooperation_resilience": 0.5372945638432364
  },
  "maslow_hierarchy": {
    "initial_needs_avg": {
      "physiological": 5.416732358212723,
      "safety": 4.703468490955714,
      "love": 4.997741944604394,
      "esteem": 5.273673197535394,
      "self_actualization": 5.287024728149706
    },
    "final_needs_avg": {
      "physiological": 5.727554720694526,
      "safety": 5.120526533744985,
      "love": 4.658595182941802,
      "esteem": 2.1455740628596636,
      "self_actualization": 5.601734347825133
    },
    "needs_improvement": {
      "physiological": 0.3108223624818027,
      "safety": 0.4170580427892707,
      "love": -0.33914676166259206,
      "esteem": -3.1280991346757303,
      "self_actualization": 0.3147096196754271
    }
  },
  "inter_group_metrics": {
    "final_group_populations": {
      "A": 323,
      "B": 181,
      "C": 287
    },
    "final_group_cooperation_rates": {
      "A": 0.5975232198142415,
      "B": 0.43646408839779005,
      "C": 0.5331010452961672
    },
    "in_group_interaction_rate": 0.6093935821600877,
    "out_group_interaction_rate": 0.39060641783991235,
    "avg_in_group_trust": 0.3293092561375805,
    "avg_out_group_trust": 0.3411691350017115,
    "trust_asymmetry": -0.01185987886413098,
    "group_segregation_index": 0.6093935821600877,
    "total_mixing_events": 12,
    "mixing_event_success_rate": 1.0,
    "reputational_spillover_events": 0,
    "out_group_constraint_amplifications": 0,
    "group_extinction_events": 0
  },
  "interaction_metrics": {
    "total_interactions": 385114,
    "avg_interaction_processing_time": 0.0
  }
}