{
  "run_id": 159,
  "parameters": {
    "shock_interval_years": 10,
    "homophily_bias": 0.6758858760520826,
    "num_groups": 2,
    "out_group_trust_bias": 1.0462783361013706,
    "out_group_penalty": 2.0122603609829226,
    "intervention_interval": 10,
    "intervention_scale": 0.2511459290110605,
    "event_bonus": 2.2089501865668297,
    "base_trust_delta": 0.0817902132265668,
    "group_trust_bias": 1.5627259841972236,
    "resilience_profile": {
      "threshold": 0.2368469109334203,
      "noise": 0.05960357424747755
    },
    "turnover_rate": 0.005251392814906039,
    "social_diffusion": 0.0116998381051176,
    "max_rounds": 300,
    "initial_population": 200,
    "max_population": 800,
    "maslow_variation": 0.5,
    "constraint_threshold_range": [
      0.2,
      0.8
    ],
    "recovery_threshold": 0.15,
    "cooperation_bonus": 0.2,
    "trust_threshold": 0.6,
    "max_relationships_per_person": 150
  },
  "outcomes": {
    "final_cooperation_rate": 0.9428208386277002,
    "behavioral_cooperation_rate": 0.5247518568696973,
    "final_constrained_rate": 0.05717916137229987,
    "final_population": 787,
    "extinction_occurred": false,
    "rounds_completed": 300,
    "first_cascade_round": null,
    "total_cascade_events": 0,
    "total_shock_events": 7,
    "total_defections": 257365,
    "total_redemptions": 2307,
    "net_strategy_change": 255058,
    "total_births": 1075,
    "total_deaths": 482,
    "max_population_reached": 800,
    "population_stability": 0.006651872844931246,
    "population_growth": 4.0,
    "avg_system_stress": 0.3902889140024827,
    "max_system_stress": 1.1710308842538781,
    "avg_maslow_pressure": 0.030246196582592557,
    "avg_basic_needs_crisis_rate": 0.15374841168996187,
    "avg_trust_level": 0.7469313381558247,
    "cooperation_benefit_total": 0,
    "cooperation_resilience": 0.9428208386277002
  },
  "maslow_hierarchy": {
    "initial_needs_avg": {
      "physiological": 5.215315099221443,
      "safety": 4.987964982658567,
      "love": 4.923387603393109,
      "esteem": 4.933844956011336,
      "self_actualization": 4.870461204658307
    },
    "final_needs_avg": {
      "physiological": 6.0405942374883645,
      "safety": 5.943315056585959,
      "love": 9.485668287229732,
      "esteem": 6.480110109402314,
      "self_actualization": 5.687031091278168
    },
    "needs_improvement": {
      "physiological": 0.8252791382669216,
      "safety": 0.9553500739273924,
      "love": 4.562280683836623,
      "esteem": 1.5462651533909773,
      "self_actualization": 0.8165698866198614
    }
  },
  "inter_group_metrics": {
    "final_group_populations": {
      "B": 414,
      "A": 373
    },
    "final_group_cooperation_rates": {
      "B": 0.9347826086956522,
      "A": 0.9517426273458445
    },
    "in_group_interaction_rate": 0.8377845358546405,
    "out_group_interaction_rate": 0.1622154641453595,
    "avg_in_group_trust": 0.7021480438337885,
    "avg_out_group_trust": 0.7917146324778608,
    "trust_asymmetry": -0.0895665886440723,
    "group_segregation_index": 0.8377845358546405,
    "total_mixing_events": 30,
    "mixing_event_success_rate": 1.0,
    "reputational_spillover_events": 0,
    "out_group_constraint_amplifications": 0,
    "group_extinction_events": 0
  },
  "interaction_metrics": {
    "total_interactions": 416292,
    "avg_interaction_processing_time": 0.0
  }
}