{
  "run_id": 141,
  "parameters": {
    "shock_interval_years": 20,
    "homophily_bias": 0.0,
    "num_groups": 1,
    "out_group_trust_bias": 1.041232518128115,
    "out_group_penalty": 1.3377763685039947,
    "intervention_interval": 0,
    "intervention_scale": 0.27198749701467323,
    "event_bonus": 2.2274559722117977,
    "base_trust_delta": 0.05061291079061133,
    "group_trust_bias": 1.5328122264618875,
    "resilience_profile": {
      "threshold": 0.25397472626262374,
      "noise": 0.023218549612953443
    },
    "turnover_rate": 0.0025669031075258248,
    "social_diffusion": 0.02030862492582346,
    "max_rounds": 300,
    "initial_population": 200,
    "max_population": 800,
    "maslow_variation": 0.5,
    "constraint_threshold_range": [
      0.2,
      0.8
    ],
    "recovery_threshold": 0.15,
    "cooperation_bonus": 0.2,
    "trust_threshold": 0.6,
    "max_relationships_per_person": 150
  },
  "outcomes": {
    "final_cooperation_rate": 1.0,
    "behavioral_cooperation_rate": 0.7883431959319593,
    "final_constrained_rate": 0.0,
    "final_population": 794,
    "extinction_occurred": false,
    "rounds_completed": 300,
    "first_cascade_round": null,
    "total_cascade_events": 0,
    "total_shock_events": 3,
    "total_defections": 80226,
    "total_redemptions": 45,
    "net_strategy_change": 80181,
    "total_births": 905,
    "total_deaths": 309,
    "max_population_reached": 800,
    "population_stability": 0.0030084147879516935,
    "population_growth": 4.0,
    "avg_system_stress": 0.27985891011829817,
    "max_system_stress": 1.0882730351318308,
    "avg_maslow_pressure": 0.026706972492463493,
    "avg_basic_needs_crisis_rate": 0.16120906801007556,
    "avg_trust_level": 0.6235888415062688,
    "cooperation_benefit_total": 0,
    "cooperation_resilience": 1.0
  },
  "maslow_hierarchy": {
    "initial_needs_avg": {
      "physiological": 5.151092937001103,
      "safety": 4.885868195215073,
      "love": 5.081715339601696,
      "esteem": 5.11632640447449,
      "self_actualization": 4.959500783625204
    },
    "final_needs_avg": {
      "physiological": 6.068723196302532,
      "safety": 5.929753918719993,
      "love": 9.98209009396156,
      "esteem": 5.761969257455071,
      "self_actualization": 5.854724944055424
    },
    "needs_improvement": {
      "physiological": 0.9176302593014292,
      "safety": 1.0438857235049204,
      "love": 4.900374754359864,
      "esteem": 0.6456428529805809,
      "self_actualization": 0.89522416043022
    }
  },
  "inter_group_metrics": {
    "final_group_populations": {
      "A": 794
    },
    "final_group_cooperation_rates": {
      "A": 1.0
    },
    "in_group_interaction_rate": 1.0,
    "out_group_interaction_rate": 0.0,
    "avg_in_group_trust": 0.6235888415062688,
    "avg_out_group_trust": 0.6235888415062688,
    "trust_asymmetry": 0.0,
    "group_segregation_index": 1.0,
    "total_mixing_events": 0,
    "mixing_event_success_rate": 0,
    "reputational_spillover_events": 0,
    "out_group_constraint_amplifications": 0,
    "group_extinction_events": 0
  },
  "interaction_metrics": {
    "total_interactions": 355552,
    "avg_interaction_processing_time": 0.0
  }
}