{
  "run_id": 166,
  "parameters": {
    "shock_interval_years": 20,
    "homophily_bias": 0.26770608512581984,
    "num_groups": 3,
    "out_group_trust_bias": 0.966712007363685,
    "out_group_penalty": 1.3830349733800367,
    "intervention_interval": 15,
    "intervention_scale": 0.10411520619488197,
    "event_bonus": 2.3881751148333477,
    "base_trust_delta": 0.1538146789096208,
    "group_trust_bias": 1.5160387083437574,
    "resilience_profile": {
      "threshold": 0.3125261192515059,
      "noise": 0.14969170066570295
    },
    "turnover_rate": 0.0027099622039474564,
    "social_diffusion": 0.08760195382564447,
    "max_rounds": 300,
    "initial_population": 200,
    "max_population": 800,
    "maslow_variation": 0.5,
    "constraint_threshold_range": [
      0.2,
      0.8
    ],
    "recovery_threshold": 0.15,
    "cooperation_bonus": 0.2,
    "trust_threshold": 0.6,
    "max_relationships_per_person": 150
  },
  "outcomes": {
    "final_cooperation_rate": 0.8778337531486146,
    "behavioral_cooperation_rate": 0.2557607917301654,
    "final_constrained_rate": 0.12216624685138538,
    "final_population": 794,
    "extinction_occurred": false,
    "rounds_completed": 300,
    "first_cascade_round": null,
    "total_cascade_events": 0,
    "total_shock_events": 4,
    "total_defections": 364502,
    "total_redemptions": 1271,
    "net_strategy_change": 363231,
    "total_births": 886,
    "total_deaths": 289,
    "max_population_reached": 800,
    "population_stability": 0.005254852457303784,
    "population_growth": 4.0,
    "avg_system_stress": 0.45611297112323523,
    "max_system_stress": 1.3818765882687911,
    "avg_maslow_pressure": 0.03946724269138074,
    "avg_basic_needs_crisis_rate": 0.16498740554156172,
    "avg_trust_level": 0.5421158105994047,
    "cooperation_benefit_total": 0,
    "cooperation_resilience": 0.8778337531486146
  },
  "maslow_hierarchy": {
    "initial_needs_avg": {
      "physiological": 5.559218397874735,
      "safety": 4.992713037898064,
      "love": 4.742518460390871,
      "esteem": 5.297015281027789,
      "self_actualization": 4.9406873286952475
    },
    "final_needs_avg": {
      "physiological": 6.422899020955882,
      "safety": 5.82393418131443,
      "love": 9.086503071253624,
      "esteem": 4.733350353637236,
      "self_actualization": 5.69333344271067
    },
    "needs_improvement": {
      "physiological": 0.8636806230811462,
      "safety": 0.8312211434163652,
      "love": 4.343984610862753,
      "esteem": -0.563664927390553,
      "self_actualization": 0.7526461140154224
    }
  },
  "inter_group_metrics": {
    "final_group_populations": {
      "B": 199,
      "C": 263,
      "A": 332
    },
    "final_group_cooperation_rates": {
      "B": 0.8391959798994975,
      "C": 0.8593155893536122,
      "A": 0.9156626506024096
    },
    "in_group_interaction_rate": 0.5185477602531382,
    "out_group_interaction_rate": 0.4814522397468618,
    "avg_in_group_trust": 0.6738356312461706,
    "avg_out_group_trust": 0.4103959899526389,
    "trust_asymmetry": 0.26343964129353176,
    "group_segregation_index": 0.5185477602531382,
    "total_mixing_events": 20,
    "mixing_event_success_rate": 1.0,
    "reputational_spillover_events": 0,
    "out_group_constraint_amplifications": 0,
    "group_extinction_events": 0
  },
  "interaction_metrics": {
    "total_interactions": 326778,
    "avg_interaction_processing_time": 0.0
  }
}