{
  "run_id": 146,
  "parameters": {
    "shock_interval_years": 2,
    "homophily_bias": 0.12185251285311915,
    "num_groups": 2,
    "out_group_trust_bias": 1.0426403200958387,
    "out_group_penalty": 1.2219415663041846,
    "intervention_interval": 10,
    "intervention_scale": 0.15705266523865974,
    "event_bonus": 2.0819076600311015,
    "base_trust_delta": 0.06288442033017683,
    "group_trust_bias": 1.5178364653816483,
    "resilience_profile": {
      "threshold": 0.39683278073354056,
      "noise": 0.09811377166323224
    },
    "turnover_rate": 0.002023874482816327,
    "social_diffusion": 0.05572748764136583,
    "max_rounds": 300,
    "initial_population": 200,
    "max_population": 800,
    "maslow_variation": 0.5,
    "constraint_threshold_range": [
      0.2,
      0.8
    ],
    "recovery_threshold": 0.15,
    "cooperation_bonus": 0.2,
    "trust_threshold": 0.6,
    "max_relationships_per_person": 150
  },
  "outcomes": {
    "final_cooperation_rate": 0.7482517482517482,
    "behavioral_cooperation_rate": 0.287975607133531,
    "final_constrained_rate": 0.2517482517482518,
    "final_population": 572,
    "extinction_occurred": false,
    "rounds_completed": 300,
    "first_cascade_round": null,
    "total_cascade_events": 0,
    "total_shock_events": 31,
    "total_defections": 264900,
    "total_redemptions": 3822,
    "net_strategy_change": 261078,
    "total_births": 630,
    "total_deaths": 257,
    "max_population_reached": 691,
    "population_stability": 0.005898034620743329,
    "population_growth": 3.455,
    "avg_system_stress": 5.101202112375161,
    "max_system_stress": 10.595722523282188,
    "avg_maslow_pressure": 0.10318273034275936,
    "avg_basic_needs_crisis_rate": 0.3111888111888112,
    "avg_trust_level": 0.4799002714726698,
    "cooperation_benefit_total": 0,
    "cooperation_resilience": 0.7482517482517482
  },
  "maslow_hierarchy": {
    "initial_needs_avg": {
      "physiological": 4.800181977307301,
      "safety": 5.123746101233025,
      "love": 5.014560758859983,
      "esteem": 5.27556133516204,
      "self_actualization": 4.902677108549696
    },
    "final_needs_avg": {
      "physiological": 5.173662076313287,
      "safety": 5.331173734876964,
      "love": 7.1192276469355535,
      "esteem": 2.2298209499400086,
      "self_actualization": 5.554767257452868
    },
    "needs_improvement": {
      "physiological": 0.37348009900598544,
      "safety": 0.20742763364393912,
      "love": 2.1046668880755703,
      "esteem": -3.0457403852220315,
      "self_actualization": 0.6520901489031719
    }
  },
  "inter_group_metrics": {
    "final_group_populations": {
      "A": 307,
      "B": 265
    },
    "final_group_cooperation_rates": {
      "A": 0.758957654723127,
      "B": 0.7358490566037735
    },
    "in_group_interaction_rate": 0.5615735549377122,
    "out_group_interaction_rate": 0.43842644506228784,
    "avg_in_group_trust": 0.5006459811051623,
    "avg_out_group_trust": 0.4591545618401772,
    "trust_asymmetry": 0.04149141926498512,
    "group_segregation_index": 0.5615735549377122,
    "total_mixing_events": 30,
    "mixing_event_success_rate": 1.0,
    "reputational_spillover_events": 0,
    "out_group_constraint_amplifications": 0,
    "group_extinction_events": 0
  },
  "interaction_metrics": {
    "total_interactions": 260404,
    "avg_interaction_processing_time": 0.0
  }
}