{
  "run_id": 188,
  "parameters": {
    "shock_interval_years": 2,
    "homophily_bias": 0.0,
    "num_groups": 1,
    "out_group_trust_bias": 1.0405051540889063,
    "out_group_penalty": 2.2983000489224312,
    "intervention_interval": 0,
    "intervention_scale": 0.2698655018251335,
    "event_bonus": 2.3187556434138865,
    "base_trust_delta": 0.15585143534750992,
    "group_trust_bias": 1.5948047812156747,
    "resilience_profile": {
      "threshold": 0.32555362469840193,
      "noise": 0.058978618166884614
    },
    "turnover_rate": 0.003149641066012756,
    "social_diffusion": 0.05357679659458149,
    "max_rounds": 300,
    "initial_population": 200,
    "max_population": 800,
    "maslow_variation": 0.5,
    "constraint_threshold_range": [
      0.2,
      0.8
    ],
    "recovery_threshold": 0.15,
    "cooperation_bonus": 0.2,
    "trust_threshold": 0.6,
    "max_relationships_per_person": 150
  },
  "outcomes": {
    "final_cooperation_rate": 0.6772151898734177,
    "behavioral_cooperation_rate": 0.3301435673672992,
    "final_constrained_rate": 0.3227848101265823,
    "final_population": 790,
    "extinction_occurred": false,
    "rounds_completed": 300,
    "first_cascade_round": null,
    "total_cascade_events": 0,
    "total_shock_events": 38,
    "total_defections": 330548,
    "total_redemptions": 5930,
    "net_strategy_change": 324618,
    "total_births": 915,
    "total_deaths": 319,
    "max_population_reached": 800,
    "population_stability": 0.008490033303378563,
    "population_growth": 4.0,
    "avg_system_stress": 8.198125861616203,
    "max_system_stress": 15.02899558145279,
    "avg_maslow_pressure": 0.08543838005415427,
    "avg_basic_needs_crisis_rate": 0.20379746835443038,
    "avg_trust_level": 0.6459515053184922,
    "cooperation_benefit_total": 0,
    "cooperation_resilience": 0.6772151898734177
  },
  "maslow_hierarchy": {
    "initial_needs_avg": {
      "physiological": 4.91549996585431,
      "safety": 5.1760075945883015,
      "love": 4.891908553720675,
      "esteem": 4.713449528522005,
      "self_actualization": 5.2233159965783855
    },
    "final_needs_avg": {
      "physiological": 5.721934219220541,
      "safety": 5.636058559022248,
      "love": 7.345181549931069,
      "esteem": 0.7397984708643462,
      "self_actualization": 5.994472238988304
    },
    "needs_improvement": {
      "physiological": 0.8064342533662314,
      "safety": 0.4600509644339468,
      "love": 2.4532729962103943,
      "esteem": -3.9736510576576585,
      "self_actualization": 0.7711562424099183
    }
  },
  "inter_group_metrics": {
    "final_group_populations": {
      "A": 790
    },
    "final_group_cooperation_rates": {
      "A": 0.6772151898734177
    },
    "in_group_interaction_rate": 1.0,
    "out_group_interaction_rate": 0.0,
    "avg_in_group_trust": 0.6459515053184922,
    "avg_out_group_trust": 0.6459515053184922,
    "trust_asymmetry": 0.0,
    "group_segregation_index": 1.0,
    "total_mixing_events": 0,
    "mixing_event_success_rate": 0,
    "reputational_spillover_events": 0,
    "out_group_constraint_amplifications": 0,
    "group_extinction_events": 0
  },
  "interaction_metrics": {
    "total_interactions": 358438,
    "avg_interaction_processing_time": 0.0
  }
}