{
  "run_id": 174,
  "parameters": {
    "shock_interval_years": 5,
    "homophily_bias": 0.0153608094388777,
    "num_groups": 2,
    "out_group_trust_bias": 0.9793786153153019,
    "out_group_penalty": 2.2107322062032315,
    "intervention_interval": 20,
    "intervention_scale": 0.10538711564116997,
    "event_bonus": 2.399899578139341,
    "base_trust_delta": 0.19809425506155182,
    "group_trust_bias": 1.4988692787117253,
    "resilience_profile": {
      "threshold": 0.33880973131206693,
      "noise": 0.13581841084895116
    },
    "turnover_rate": 0.0017770979005478835,
    "social_diffusion": 0.08242278135845747,
    "max_rounds": 300,
    "initial_population": 200,
    "max_population": 800,
    "maslow_variation": 0.5,
    "constraint_threshold_range": [
      0.2,
      0.8
    ],
    "recovery_threshold": 0.15,
    "cooperation_bonus": 0.2,
    "trust_threshold": 0.6,
    "max_relationships_per_person": 150
  },
  "outcomes": {
    "final_cooperation_rate": 0.1625,
    "behavioral_cooperation_rate": 0.01402060619385012,
    "final_constrained_rate": 0.8375,
    "final_population": 320,
    "extinction_occurred": false,
    "rounds_completed": 300,
    "first_cascade_round": null,
    "total_cascade_events": 0,
    "total_shock_events": 15,
    "total_defections": 370217,
    "total_redemptions": 2861,
    "net_strategy_change": 367356,
    "total_births": 365,
    "total_deaths": 244,
    "max_population_reached": 492,
    "population_stability": 0.013817817459851407,
    "population_growth": 2.46,
    "avg_system_stress": 2.323524847923172,
    "max_system_stress": 6.934685736520225,
    "avg_maslow_pressure": 0.232297093794042,
    "avg_basic_needs_crisis_rate": 0.346875,
    "avg_trust_level": 0.05378644773656731,
    "cooperation_benefit_total": 0,
    "cooperation_resilience": 0.1625
  },
  "maslow_hierarchy": {
    "initial_needs_avg": {
      "physiological": 5.002302284540596,
      "safety": 5.172888229197675,
      "love": 5.170446824534596,
      "esteem": 4.9635963774597425,
      "self_actualization": 4.729444603167554
    },
    "final_needs_avg": {
      "physiological": 5.056561298420634,
      "safety": 5.060307376361818,
      "love": 1.3288346909592437,
      "esteem": 0.7079661675246951,
      "self_actualization": 4.636085593517909
    },
    "needs_improvement": {
      "physiological": 0.05425901388003851,
      "safety": -0.11258085283585739,
      "love": -3.8416121335753526,
      "esteem": -4.255630209935047,
      "self_actualization": -0.09335900964964505
    }
  },
  "inter_group_metrics": {
    "final_group_populations": {
      "B": 166,
      "A": 154
    },
    "final_group_cooperation_rates": {
      "B": 0.18072289156626506,
      "A": 0.14285714285714285
    },
    "in_group_interaction_rate": 0.5081645297650574,
    "out_group_interaction_rate": 0.49183547023494256,
    "avg_in_group_trust": 0.043578583117697,
    "avg_out_group_trust": 0.06399431235543761,
    "trust_asymmetry": -0.020415729237740605,
    "group_segregation_index": 0.5081645297650574,
    "total_mixing_events": 15,
    "mixing_event_success_rate": 1.0,
    "reputational_spillover_events": 0,
    "out_group_constraint_amplifications": 0,
    "group_extinction_events": 0
  },
  "interaction_metrics": {
    "total_interactions": 200134,
    "avg_interaction_processing_time": 0.0
  }
}