{
  "run_id": 112,
  "parameters": {
    "shock_interval_years": 10,
    "homophily_bias": 0.3145346388953823,
    "num_groups": 3,
    "out_group_trust_bias": 1.0141287642381276,
    "out_group_penalty": 1.489586770954162,
    "intervention_interval": 20,
    "intervention_scale": 0.12393714295123125,
    "event_bonus": 2.1337151118345274,
    "base_trust_delta": 0.11124072092461526,
    "group_trust_bias": 1.5998012413711977,
    "resilience_profile": {
      "threshold": 0.21387764855671665,
      "noise": 0.025517915706161715
    },
    "turnover_rate": 0.001798843562686543,
    "social_diffusion": 0.06318085149991885,
    "max_rounds": 300,
    "initial_population": 200,
    "max_population": 800,
    "maslow_variation": 0.5,
    "constraint_threshold_range": [
      0.2,
      0.8
    ],
    "recovery_threshold": 0.15,
    "cooperation_bonus": 0.2,
    "trust_threshold": 0.6,
    "max_relationships_per_person": 150
  },
  "outcomes": {
    "final_cooperation_rate": 0.5179153094462541,
    "behavioral_cooperation_rate": 0.05797262825444386,
    "final_constrained_rate": 0.4820846905537459,
    "final_population": 307,
    "extinction_occurred": false,
    "rounds_completed": 300,
    "first_cascade_round": null,
    "total_cascade_events": 0,
    "total_shock_events": 10,
    "total_defections": 328762,
    "total_redemptions": 1724,
    "net_strategy_change": 327038,
    "total_births": 358,
    "total_deaths": 251,
    "max_population_reached": 487,
    "population_stability": 0.020664368777195193,
    "population_growth": 2.435,
    "avg_system_stress": 2.179859691794688,
    "max_system_stress": 3.528196261566271,
    "avg_maslow_pressure": 0.15628190142851472,
    "avg_basic_needs_crisis_rate": 0.3517915309446254,
    "avg_trust_level": 0.222259239231683,
    "cooperation_benefit_total": 0,
    "cooperation_resilience": 0.5179153094462541
  },
  "maslow_hierarchy": {
    "initial_needs_avg": {
      "physiological": 4.479347530928259,
      "safety": 4.973311206730184,
      "love": 4.878221722258703,
      "esteem": 5.513455964064981,
      "self_actualization": 4.820308798719013
    },
    "final_needs_avg": {
      "physiological": 4.782260304509713,
      "safety": 5.124581556622294,
      "love": 4.907554468337981,
      "esteem": 2.4962100648858243,
      "self_actualization": 5.062303794679929
    },
    "needs_improvement": {
      "physiological": 0.3029127735814541,
      "safety": 0.1512703498921102,
      "love": 0.029332746079277605,
      "esteem": -3.017245899179157,
      "self_actualization": 0.24199499596091556
    }
  },
  "inter_group_metrics": {
    "final_group_populations": {
      "B": 115,
      "C": 111,
      "A": 81
    },
    "final_group_cooperation_rates": {
      "B": 0.46956521739130436,
      "C": 0.5765765765765766,
      "A": 0.5061728395061729
    },
    "in_group_interaction_rate": 0.5392152893063935,
    "out_group_interaction_rate": 0.4607847106936065,
    "avg_in_group_trust": 0.1867242702481728,
    "avg_out_group_trust": 0.2577942082151932,
    "trust_asymmetry": -0.07106993796702041,
    "group_segregation_index": 0.5392152893063935,
    "total_mixing_events": 15,
    "mixing_event_success_rate": 1.0,
    "reputational_spillover_events": 0,
    "out_group_constraint_amplifications": 0,
    "group_extinction_events": 0
  },
  "interaction_metrics": {
    "total_interactions": 197576,
    "avg_interaction_processing_time": 0.0
  }
}