{
  "run_id": 179,
  "parameters": {
    "shock_interval_years": 5,
    "homophily_bias": 0.3626598513700346,
    "num_groups": 2,
    "out_group_trust_bias": 0.9959659857889092,
    "out_group_penalty": 1.3165999816545144,
    "intervention_interval": 15,
    "intervention_scale": 0.08447378397211518,
    "event_bonus": 1.6301727038406275,
    "base_trust_delta": 0.1654552408345676,
    "group_trust_bias": 1.570221774631246,
    "resilience_profile": {
      "threshold": 0.2703475103133173,
      "noise": 0.014080715579112613
    },
    "turnover_rate": 0.006068805359958982,
    "social_diffusion": 0.015278927032861002,
    "max_rounds": 300,
    "initial_population": 200,
    "max_population": 800,
    "maslow_variation": 0.5,
    "constraint_threshold_range": [
      0.2,
      0.8
    ],
    "recovery_threshold": 0.15,
    "cooperation_bonus": 0.2,
    "trust_threshold": 0.6,
    "max_relationships_per_person": 150
  },
  "outcomes": {
    "final_cooperation_rate": 0.7363636363636363,
    "behavioral_cooperation_rate": 0.35807642350963653,
    "final_constrained_rate": 0.2636363636363636,
    "final_population": 770,
    "extinction_occurred": false,
    "rounds_completed": 300,
    "first_cascade_round": null,
    "total_cascade_events": 0,
    "total_shock_events": 15,
    "total_defections": 377512,
    "total_redemptions": 2958,
    "net_strategy_change": 374554,
    "total_births": 1099,
    "total_deaths": 516,
    "max_population_reached": 800,
    "population_stability": 0.006484344662418371,
    "population_growth": 4.0,
    "avg_system_stress": 2.5385520187419166,
    "max_system_stress": 5.781586841213182,
    "avg_maslow_pressure": 0.046884780149403754,
    "avg_basic_needs_crisis_rate": 0.18311688311688312,
    "avg_trust_level": 0.5754165290744612,
    "cooperation_benefit_total": 0,
    "cooperation_resilience": 0.7363636363636363
  },
  "maslow_hierarchy": {
    "initial_needs_avg": {
      "physiological": 4.592202274844268,
      "safety": 5.178396562595262,
      "love": 4.580415864169173,
      "esteem": 5.001538348104116,
      "self_actualization": 5.076662278304315
    },
    "final_needs_avg": {
      "physiological": 5.5259444679230505,
      "safety": 6.246197758559275,
      "love": 8.657674448618607,
      "esteem": 3.9468646388774014,
      "self_actualization": 5.856232389133768
    },
    "needs_improvement": {
      "physiological": 0.9337421930787828,
      "safety": 1.0678011959640132,
      "love": 4.077258584449434,
      "esteem": -1.0546737092267149,
      "self_actualization": 0.7795701108294528
    }
  },
  "inter_group_metrics": {
    "final_group_populations": {
      "A": 355,
      "B": 415
    },
    "final_group_cooperation_rates": {
      "A": 0.7352112676056338,
      "B": 0.7373493975903614
    },
    "in_group_interaction_rate": 0.6826901037189845,
    "out_group_interaction_rate": 0.3173098962810154,
    "avg_in_group_trust": 0.6577226088163246,
    "avg_out_group_trust": 0.4931104493325978,
    "trust_asymmetry": 0.16461215948372682,
    "group_segregation_index": 0.6826901037189845,
    "total_mixing_events": 20,
    "mixing_event_success_rate": 1.0,
    "reputational_spillover_events": 0,
    "out_group_constraint_amplifications": 0,
    "group_extinction_events": 0
  },
  "interaction_metrics": {
    "total_interactions": 418824,
    "avg_interaction_processing_time": 0.0
  }
}