{
  "run_id": 76,
  "parameters": {
    "shock_interval_years": 10,
    "homophily_bias": 0.0,
    "num_groups": 1,
    "out_group_trust_bias": 0.9915616644795548,
    "out_group_penalty": 1.4948516149938627,
    "intervention_interval": 0,
    "intervention_scale": 0.11041972593910516,
    "event_bonus": 1.989181554116303,
    "base_trust_delta": 0.061638337672096075,
    "group_trust_bias": 1.524968734205169,
    "resilience_profile": {
      "threshold": 0.23945631389763286,
      "noise": 0.1286645188059896
    },
    "turnover_rate": 0.0013436350610559918,
    "social_diffusion": 0.007138588857748463,
    "max_rounds": 300,
    "initial_population": 200,
    "max_population": 800,
    "maslow_variation": 0.5,
    "constraint_threshold_range": [
      0.2,
      0.8
    ],
    "recovery_threshold": 0.15,
    "cooperation_bonus": 0.2,
    "trust_threshold": 0.6,
    "max_relationships_per_person": 150
  },
  "outcomes": {
    "final_cooperation_rate": 1.0,
    "behavioral_cooperation_rate": 0.7861761735674496,
    "final_constrained_rate": 0.0,
    "final_population": 537,
    "extinction_occurred": false,
    "rounds_completed": 300,
    "first_cascade_round": null,
    "total_cascade_events": 0,
    "total_shock_events": 5,
    "total_defections": 56483,
    "total_redemptions": 162,
    "net_strategy_change": 56321,
    "total_births": 597,
    "total_deaths": 258,
    "max_population_reached": 631,
    "population_stability": 0.008125306942849908,
    "population_growth": 3.155,
    "avg_system_stress": 0.21664082369679036,
    "max_system_stress": 0.6595894405179065,
    "avg_maslow_pressure": 0.028360331481421155,
    "avg_basic_needs_crisis_rate": 0.19180633147113593,
    "avg_trust_level": 0.6317197256528913,
    "cooperation_benefit_total": 0,
    "cooperation_resilience": 1.0
  },
  "maslow_hierarchy": {
    "initial_needs_avg": {
      "physiological": 5.37901855265485,
      "safety": 5.011309780420683,
      "love": 5.025903714426417,
      "esteem": 4.951851390213973,
      "self_actualization": 4.980991280165582
    },
    "final_needs_avg": {
      "physiological": 6.295008483882083,
      "safety": 5.616511004708493,
      "love": 9.98099347773162,
      "esteem": 5.490651666688332,
      "self_actualization": 5.680484131541636
    },
    "needs_improvement": {
      "physiological": 0.9159899312272328,
      "safety": 0.6052012242878098,
      "love": 4.955089763305202,
      "esteem": 0.5388002764743591,
      "self_actualization": 0.6994928513760543
    }
  },
  "inter_group_metrics": {
    "final_group_populations": {
      "A": 537
    },
    "final_group_cooperation_rates": {
      "A": 1.0
    },
    "in_group_interaction_rate": 1.0,
    "out_group_interaction_rate": 0.0,
    "avg_in_group_trust": 0.6317197256528913,
    "avg_out_group_trust": 0.6317197256528913,
    "trust_asymmetry": 0.0,
    "group_segregation_index": 1.0,
    "total_mixing_events": 0,
    "mixing_event_success_rate": 0,
    "reputational_spillover_events": 0,
    "out_group_constraint_amplifications": 0,
    "group_extinction_events": 0
  },
  "interaction_metrics": {
    "total_interactions": 245576,
    "avg_interaction_processing_time": 0.0
  }
}