{
  "run_id": 34,
  "parameters": {
    "shock_interval_years": 20,
    "homophily_bias": 0.0,
    "num_groups": 1,
    "out_group_trust_bias": 0.9776395589861906,
    "out_group_penalty": 1.636239794580633,
    "intervention_interval": 0,
    "intervention_scale": 0.17791686083069974,
    "event_bonus": 2.4267515886889086,
    "base_trust_delta": 0.1139312071524752,
    "group_trust_bias": 1.5793620256543843,
    "resilience_profile": {
      "threshold": 0.23416433245726734,
      "noise": 0.03251782956516167
    },
    "turnover_rate": 0.0005855063478050406,
    "social_diffusion": 0.08534881241865444,
    "max_rounds": 300,
    "initial_population": 200,
    "max_population": 800,
    "maslow_variation": 0.5,
    "constraint_threshold_range": [
      0.2,
      0.8
    ],
    "recovery_threshold": 0.15,
    "cooperation_bonus": 0.2,
    "trust_threshold": 0.6,
    "max_relationships_per_person": 150
  },
  "outcomes": {
    "final_cooperation_rate": 0.9432624113475178,
    "behavioral_cooperation_rate": 0.7937449801977456,
    "final_constrained_rate": 0.05673758865248227,
    "final_population": 141,
    "extinction_occurred": false,
    "rounds_completed": 300,
    "first_cascade_round": null,
    "total_cascade_events": 0,
    "total_shock_events": 5,
    "total_defections": 33028,
    "total_redemptions": 21,
    "net_strategy_change": 33007,
    "total_births": 154,
    "total_deaths": 212,
    "max_population_reached": 335,
    "population_stability": 0.05190672136961827,
    "population_growth": 1.675,
    "avg_system_stress": 0.14100885456705467,
    "max_system_stress": 1.0974282845901824,
    "avg_maslow_pressure": 0.047722193435499986,
    "avg_basic_needs_crisis_rate": 0.3475177304964539,
    "avg_trust_level": 0.7383642501664783,
    "cooperation_benefit_total": 0,
    "cooperation_resilience": 0.9432624113475178
  },
  "maslow_hierarchy": {
    "initial_needs_avg": {
      "physiological": 4.794602688240262,
      "safety": 4.852565167987437,
      "love": 5.064143773600712,
      "esteem": 5.078599091498533,
      "self_actualization": 4.614019612433812
    },
    "final_needs_avg": {
      "physiological": 5.452829399899484,
      "safety": 5.027405384901193,
      "love": 9.861154255668154,
      "esteem": 5.548505601940773,
      "self_actualization": 5.3296035792259
    },
    "needs_improvement": {
      "physiological": 0.6582267116592213,
      "safety": 0.17484021691375595,
      "love": 4.797010482067442,
      "esteem": 0.4699065104422404,
      "self_actualization": 0.7155839667920878
    }
  },
  "inter_group_metrics": {
    "final_group_populations": {
      "A": 141
    },
    "final_group_cooperation_rates": {
      "A": 0.9432624113475178
    },
    "in_group_interaction_rate": 1.0,
    "out_group_interaction_rate": 0.0,
    "avg_in_group_trust": 0.7383642501664783,
    "avg_out_group_trust": 0.7383642501664783,
    "trust_asymmetry": 0.0,
    "group_segregation_index": 1.0,
    "total_mixing_events": 0,
    "mixing_event_success_rate": 0,
    "reputational_spillover_events": 0,
    "out_group_constraint_amplifications": 0,
    "group_extinction_events": 0
  },
  "interaction_metrics": {
    "total_interactions": 144428,
    "avg_interaction_processing_time": 0.0
  }
}