{
  "run_id": 30,
  "parameters": {
    "shock_interval_years": 5,
    "homophily_bias": 0.22966618896892196,
    "num_groups": 3,
    "out_group_trust_bias": 0.9534551684679515,
    "out_group_penalty": 1.3747430770353712,
    "intervention_interval": 15,
    "intervention_scale": 0.06879113464391408,
    "event_bonus": 2.0955682051655313,
    "base_trust_delta": 0.0845376245140915,
    "group_trust_bias": 1.5581282283168991,
    "resilience_profile": {
      "threshold": 0.2972666766032138,
      "noise": 0.05646284541702669
    },
    "turnover_rate": 0.006188346389994737,
    "social_diffusion": 0.05700796286647182,
    "max_rounds": 300,
    "initial_population": 200,
    "max_population": 800,
    "maslow_variation": 0.5,
    "constraint_threshold_range": [
      0.2,
      0.8
    ],
    "recovery_threshold": 0.15,
    "cooperation_bonus": 0.2,
    "trust_threshold": 0.6,
    "max_relationships_per_person": 150
  },
  "outcomes": {
    "final_cooperation_rate": 0.8256410256410256,
    "behavioral_cooperation_rate": 0.15476378310407313,
    "final_constrained_rate": 0.17435897435897435,
    "final_population": 780,
    "extinction_occurred": false,
    "rounds_completed": 300,
    "first_cascade_round": null,
    "total_cascade_events": 0,
    "total_shock_events": 15,
    "total_defections": 539481,
    "total_redemptions": 3428,
    "net_strategy_change": 536053,
    "total_births": 1090,
    "total_deaths": 501,
    "max_population_reached": 800,
    "population_stability": 0.005394599968953527,
    "population_growth": 4.0,
    "avg_system_stress": 3.137518438969801,
    "max_system_stress": 7.992314592675256,
    "avg_maslow_pressure": 0.07531270585998388,
    "avg_basic_needs_crisis_rate": 0.17564102564102563,
    "avg_trust_level": 0.4598672785461093,
    "cooperation_benefit_total": 0,
    "cooperation_resilience": 0.8256410256410256
  },
  "maslow_hierarchy": {
    "initial_needs_avg": {
      "physiological": 4.990642143329466,
      "safety": 4.823587746079865,
      "love": 5.017096594951382,
      "esteem": 5.111775926350037,
      "self_actualization": 4.929895122920215
    },
    "final_needs_avg": {
      "physiological": 5.673619674823039,
      "safety": 5.771571627907828,
      "love": 7.140796826150355,
      "esteem": 3.067546198464613,
      "self_actualization": 5.694476122041593
    },
    "needs_improvement": {
      "physiological": 0.6829775314935729,
      "safety": 0.9479838818279624,
      "love": 2.123700231198973,
      "esteem": -2.0442297278854245,
      "self_actualization": 0.7645809991213781
    }
  },
  "inter_group_metrics": {
    "final_group_populations": {
      "C": 275,
      "B": 203,
      "A": 302
    },
    "final_group_cooperation_rates": {
      "C": 0.8472727272727273,
      "B": 0.7832512315270936,
      "A": 0.8344370860927153
    },
    "in_group_interaction_rate": 0.48772418013779517,
    "out_group_interaction_rate": 0.5122758198622048,
    "avg_in_group_trust": 0.4690703615492021,
    "avg_out_group_trust": 0.45066419554301645,
    "trust_asymmetry": 0.018406166006185665,
    "group_segregation_index": 0.48772418013779517,
    "total_mixing_events": 20,
    "mixing_event_success_rate": 1.0,
    "reputational_spillover_events": 0,
    "out_group_constraint_amplifications": 0,
    "group_extinction_events": 0
  },
  "interaction_metrics": {
    "total_interactions": 418302,
    "avg_interaction_processing_time": 0.0
  }
}