{
  "run_id": 80,
  "parameters": {
    "shock_interval_years": 10,
    "homophily_bias": 0.0,
    "num_groups": 1,
    "out_group_trust_bias": 1.0199386895292668,
    "out_group_penalty": 1.7340380445060304,
    "intervention_interval": 0,
    "intervention_scale": 0.14548618523736978,
    "event_bonus": 1.6582980901909024,
    "base_trust_delta": 0.16754488004064777,
    "group_trust_bias": 1.5394318338924877,
    "resilience_profile": {
      "threshold": 0.3126409176175814,
      "noise": 0.04864674583537705
    },
    "turnover_rate": 0.0038212914724321313,
    "social_diffusion": 0.0007859491063133107,
    "max_rounds": 300,
    "initial_population": 200,
    "max_population": 800,
    "maslow_variation": 0.5,
    "constraint_threshold_range": [
      0.2,
      0.8
    ],
    "recovery_threshold": 0.15,
    "cooperation_bonus": 0.2,
    "trust_threshold": 0.6,
    "max_relationships_per_person": 150
  },
  "outcomes": {
    "final_cooperation_rate": 1.0,
    "behavioral_cooperation_rate": 0.7363561990232292,
    "final_constrained_rate": 0.0,
    "final_population": 788,
    "extinction_occurred": false,
    "rounds_completed": 300,
    "first_cascade_round": null,
    "total_cascade_events": 0,
    "total_shock_events": 5,
    "total_defections": 116542,
    "total_redemptions": 399,
    "net_strategy_change": 116143,
    "total_births": 1026,
    "total_deaths": 433,
    "max_population_reached": 800,
    "population_stability": 0.003946937536250757,
    "population_growth": 4.0,
    "avg_system_stress": 0.2864761949265022,
    "max_system_stress": 0.9451484776833197,
    "avg_maslow_pressure": 0.023642545918494337,
    "avg_basic_needs_crisis_rate": 0.1713197969543147,
    "avg_trust_level": 0.8261162487804635,
    "cooperation_benefit_total": 0,
    "cooperation_resilience": 1.0
  },
  "maslow_hierarchy": {
    "initial_needs_avg": {
      "physiological": 5.0710325945286385,
      "safety": 5.002013180361889,
      "love": 5.104055484259842,
      "esteem": 4.684917673151973,
      "self_actualization": 4.889785756729399
    },
    "final_needs_avg": {
      "physiological": 6.049721807670698,
      "safety": 5.760927164243044,
      "love": 9.982976605841689,
      "esteem": 5.717318448939177,
      "self_actualization": 5.971415547078788
    },
    "needs_improvement": {
      "physiological": 0.9786892131420597,
      "safety": 0.7589139838811549,
      "love": 4.878921121581847,
      "esteem": 1.0324007757872042,
      "self_actualization": 1.081629790349389
    }
  },
  "inter_group_metrics": {
    "final_group_populations": {
      "A": 788
    },
    "final_group_cooperation_rates": {
      "A": 1.0
    },
    "in_group_interaction_rate": 1.0,
    "out_group_interaction_rate": 0.0,
    "avg_in_group_trust": 0.8261162487804635,
    "avg_out_group_trust": 0.8261162487804635,
    "trust_asymmetry": 0.0,
    "group_segregation_index": 1.0,
    "total_mixing_events": 0,
    "mixing_event_success_rate": 0,
    "reputational_spillover_events": 0,
    "out_group_constraint_amplifications": 0,
    "group_extinction_events": 0
  },
  "interaction_metrics": {
    "total_interactions": 403370,
    "avg_interaction_processing_time": 0.0
  }
}