{
  "run_id": 184,
  "parameters": {
    "shock_interval_years": 10,
    "homophily_bias": 0.0,
    "num_groups": 1,
    "out_group_trust_bias": 1.013393438692568,
    "out_group_penalty": 2.234898991625247,
    "intervention_interval": 0,
    "intervention_scale": 0.12308404858753529,
    "event_bonus": 1.8581542217462288,
    "base_trust_delta": 0.05898081309889866,
    "group_trust_bias": 1.4312769232623255,
    "resilience_profile": {
      "threshold": 0.16526054535847495,
      "noise": 0.04473604882402327
    },
    "turnover_rate": 0.0033111285530876833,
    "social_diffusion": 0.0030760915432599626,
    "max_rounds": 300,
    "initial_population": 200,
    "max_population": 800,
    "maslow_variation": 0.5,
    "constraint_threshold_range": [
      0.2,
      0.8
    ],
    "recovery_threshold": 0.15,
    "cooperation_bonus": 0.2,
    "trust_threshold": 0.6,
    "max_relationships_per_person": 150
  },
  "outcomes": {
    "final_cooperation_rate": 0.9961832061068703,
    "behavioral_cooperation_rate": 0.7143514850975833,
    "final_constrained_rate": 0.003816793893129771,
    "final_population": 786,
    "extinction_occurred": false,
    "rounds_completed": 300,
    "first_cascade_round": null,
    "total_cascade_events": 0,
    "total_shock_events": 9,
    "total_defections": 122943,
    "total_redemptions": 862,
    "net_strategy_change": 122081,
    "total_births": 957,
    "total_deaths": 367,
    "max_population_reached": 800,
    "population_stability": 0.004679653150252634,
    "population_growth": 4.0,
    "avg_system_stress": 1.0636331555240661,
    "max_system_stress": 1.9259623681195075,
    "avg_maslow_pressure": 0.034711055146974236,
    "avg_basic_needs_crisis_rate": 0.1984732824427481,
    "avg_trust_level": 0.6286503197707942,
    "cooperation_benefit_total": 0,
    "cooperation_resilience": 0.9961832061068703
  },
  "maslow_hierarchy": {
    "initial_needs_avg": {
      "physiological": 4.741020774999256,
      "safety": 5.088259936032433,
      "love": 4.7891754776889925,
      "esteem": 4.897050160132578,
      "self_actualization": 4.8938212741384595
    },
    "final_needs_avg": {
      "physiological": 5.5214250668668505,
      "safety": 5.682516272355361,
      "love": 9.929685897970144,
      "esteem": 4.894426161826588,
      "self_actualization": 5.939684592704784
    },
    "needs_improvement": {
      "physiological": 0.7804042918675949,
      "safety": 0.5942563363229283,
      "love": 5.140510420281151,
      "esteem": -0.0026239983059905825,
      "self_actualization": 1.0458633185663242
    }
  },
  "inter_group_metrics": {
    "final_group_populations": {
      "A": 786
    },
    "final_group_cooperation_rates": {
      "A": 0.9961832061068703
    },
    "in_group_interaction_rate": 1.0,
    "out_group_interaction_rate": 0.0,
    "avg_in_group_trust": 0.6286503197707942,
    "avg_out_group_trust": 0.6286503197707942,
    "trust_asymmetry": 0.0,
    "group_segregation_index": 1.0,
    "total_mixing_events": 0,
    "mixing_event_success_rate": 0,
    "reputational_spillover_events": 0,
    "out_group_constraint_amplifications": 0,
    "group_extinction_events": 0
  },
  "interaction_metrics": {
    "total_interactions": 388796,
    "avg_interaction_processing_time": 0.0
  }
}