{
  "run_id": 173,
  "parameters": {
    "shock_interval_years": 10,
    "homophily_bias": 0.7444955158039002,
    "num_groups": 2,
    "out_group_trust_bias": 0.9538571321317947,
    "out_group_penalty": 1.798293841395458,
    "intervention_interval": 10,
    "intervention_scale": 0.2622029329802607,
    "event_bonus": 2.0674442202692864,
    "base_trust_delta": 0.07926563358741608,
    "group_trust_bias": 1.4212691311875718,
    "resilience_profile": {
      "threshold": 0.10964278093222164,
      "noise": 0.0237432029393016
    },
    "turnover_rate": 0.007042447981763161,
    "social_diffusion": 0.04040586336785456,
    "max_rounds": 300,
    "initial_population": 200,
    "max_population": 800,
    "maslow_variation": 0.5,
    "constraint_threshold_range": [
      0.2,
      0.8
    ],
    "recovery_threshold": 0.15,
    "cooperation_bonus": 0.2,
    "trust_threshold": 0.6,
    "max_relationships_per_person": 150
  },
  "outcomes": {
    "final_cooperation_rate": 0.951948051948052,
    "behavioral_cooperation_rate": 0.4811981502567797,
    "final_constrained_rate": 0.048051948051948054,
    "final_population": 770,
    "extinction_occurred": false,
    "rounds_completed": 300,
    "first_cascade_round": null,
    "total_cascade_events": 0,
    "total_shock_events": 8,
    "total_defections": 293418,
    "total_redemptions": 967,
    "net_strategy_change": 292451,
    "total_births": 1223,
    "total_deaths": 639,
    "max_population_reached": 800,
    "population_stability": 0.005270671449665878,
    "population_growth": 4.0,
    "avg_system_stress": 0.5720819324844092,
    "max_system_stress": 1.230201798504598,
    "avg_maslow_pressure": 0.02549625847136533,
    "avg_basic_needs_crisis_rate": 0.17142857142857143,
    "avg_trust_level": 0.6456215411749896,
    "cooperation_benefit_total": 0,
    "cooperation_resilience": 0.951948051948052
  },
  "maslow_hierarchy": {
    "initial_needs_avg": {
      "physiological": 5.134450352206375,
      "safety": 5.000849847537071,
      "love": 4.932591081160618,
      "esteem": 4.846088360007342,
      "self_actualization": 4.875938054222929
    },
    "final_needs_avg": {
      "physiological": 5.866166163563132,
      "safety": 5.907209670695613,
      "love": 9.6531973711586,
      "esteem": 6.790162297955728,
      "self_actualization": 5.832314447822116
    },
    "needs_improvement": {
      "physiological": 0.7317158113567563,
      "safety": 0.9063598231585415,
      "love": 4.720606289997981,
      "esteem": 1.944073937948386,
      "self_actualization": 0.9563763935991867
    }
  },
  "inter_group_metrics": {
    "final_group_populations": {
      "B": 406,
      "A": 364
    },
    "final_group_cooperation_rates": {
      "B": 0.9507389162561576,
      "A": 0.9532967032967034
    },
    "in_group_interaction_rate": 0.8699254060837032,
    "out_group_interaction_rate": 0.1300745939162968,
    "avg_in_group_trust": 0.5999051765945014,
    "avg_out_group_trust": 0.6913379057554778,
    "trust_asymmetry": -0.09143272916097644,
    "group_segregation_index": 0.8699254060837032,
    "total_mixing_events": 30,
    "mixing_event_success_rate": 1.0,
    "reputational_spillover_events": 0,
    "out_group_constraint_amplifications": 0,
    "group_extinction_events": 0
  },
  "interaction_metrics": {
    "total_interactions": 430330,
    "avg_interaction_processing_time": 0.0
  }
}