{
  "run_id": 135,
  "parameters": {
    "shock_interval_years": 20,
    "homophily_bias": 0.0,
    "num_groups": 1,
    "out_group_trust_bias": 0.9914274701367934,
    "out_group_penalty": 1.7987693111606124,
    "intervention_interval": 0,
    "intervention_scale": 0.16653873943559128,
    "event_bonus": 1.9123130106978263,
    "base_trust_delta": 0.08786320718719909,
    "group_trust_bias": 1.5217080120427164,
    "resilience_profile": {
      "threshold": 0.19825409188793452,
      "noise": 0.08146465567592572
    },
    "turnover_rate": 0.002439321132108537,
    "social_diffusion": 0.023692660696919,
    "max_rounds": 300,
    "initial_population": 200,
    "max_population": 800,
    "maslow_variation": 0.5,
    "constraint_threshold_range": [
      0.2,
      0.8
    ],
    "recovery_threshold": 0.15,
    "cooperation_bonus": 0.2,
    "trust_threshold": 0.6,
    "max_relationships_per_person": 150
  },
  "outcomes": {
    "final_cooperation_rate": 1.0,
    "behavioral_cooperation_rate": 0.7622776367754345,
    "final_constrained_rate": 0.0,
    "final_population": 794,
    "extinction_occurred": false,
    "rounds_completed": 300,
    "first_cascade_round": null,
    "total_cascade_events": 0,
    "total_shock_events": 2,
    "total_defections": 90284,
    "total_redemptions": 11,
    "net_strategy_change": 90273,
    "total_births": 901,
    "total_deaths": 304,
    "max_population_reached": 800,
    "population_stability": 0.00333357812375095,
    "population_growth": 4.0,
    "avg_system_stress": 0.0706450961184421,
    "max_system_stress": 0.5229929428639477,
    "avg_maslow_pressure": 0.02995892931518485,
    "avg_basic_needs_crisis_rate": 0.1801007556675063,
    "avg_trust_level": 0.7045045842068666,
    "cooperation_benefit_total": 0,
    "cooperation_resilience": 1.0
  },
  "maslow_hierarchy": {
    "initial_needs_avg": {
      "physiological": 4.678294605349577,
      "safety": 5.109285190523287,
      "love": 4.935130016018433,
      "esteem": 4.981664138042227,
      "self_actualization": 4.7501267071962285
    },
    "final_needs_avg": {
      "physiological": 5.523182856344617,
      "safety": 6.157263865187041,
      "love": 9.988018945909737,
      "esteem": 5.901580673200698,
      "self_actualization": 5.63320865416001
    },
    "needs_improvement": {
      "physiological": 0.84488825099504,
      "safety": 1.0479786746637538,
      "love": 5.052888929891304,
      "esteem": 0.919916535158471,
      "self_actualization": 0.8830819469637818
    }
  },
  "inter_group_metrics": {
    "final_group_populations": {
      "A": 794
    },
    "final_group_cooperation_rates": {
      "A": 1.0
    },
    "in_group_interaction_rate": 1.0,
    "out_group_interaction_rate": 0.0,
    "avg_in_group_trust": 0.7045045842068666,
    "avg_out_group_trust": 0.7045045842068666,
    "trust_asymmetry": 0.0,
    "group_segregation_index": 1.0,
    "total_mixing_events": 0,
    "mixing_event_success_rate": 0,
    "reputational_spillover_events": 0,
    "out_group_constraint_amplifications": 0,
    "group_extinction_events": 0
  },
  "interaction_metrics": {
    "total_interactions": 351452,
    "avg_interaction_processing_time": 0.0
  }
}