{
  "run_id": 94,
  "parameters": {
    "shock_interval_years": 10,
    "homophily_bias": 0.0,
    "num_groups": 1,
    "out_group_trust_bias": 1.0004242436277666,
    "out_group_penalty": 2.082008903246487,
    "intervention_interval": 0,
    "intervention_scale": 0.08458192922673176,
    "event_bonus": 1.786613272732552,
    "base_trust_delta": 0.12587654700894194,
    "group_trust_bias": 1.4152833658934196,
    "resilience_profile": {
      "threshold": 0.27126540702293667,
      "noise": 0.026427633096747893
    },
    "turnover_rate": 0.0008971606866053773,
    "social_diffusion": 0.007156295851195694,
    "max_rounds": 300,
    "initial_population": 200,
    "max_population": 800,
    "maslow_variation": 0.5,
    "constraint_threshold_range": [
      0.2,
      0.8
    ],
    "recovery_threshold": 0.15,
    "cooperation_bonus": 0.2,
    "trust_threshold": 0.6,
    "max_relationships_per_person": 150
  },
  "outcomes": {
    "final_cooperation_rate": 0.9751243781094527,
    "behavioral_cooperation_rate": 0.7758549235811973,
    "final_constrained_rate": 0.024875621890547265,
    "final_population": 201,
    "extinction_occurred": false,
    "rounds_completed": 300,
    "first_cascade_round": null,
    "total_cascade_events": 0,
    "total_shock_events": 6,
    "total_defections": 39884,
    "total_redemptions": 242,
    "net_strategy_change": 39642,
    "total_births": 232,
    "total_deaths": 231,
    "max_population_reached": 387,
    "population_stability": 0.028906808410959224,
    "population_growth": 1.935,
    "avg_system_stress": 0.466407120127704,
    "max_system_stress": 1.1497863712818939,
    "avg_maslow_pressure": 0.031942724832307826,
    "avg_basic_needs_crisis_rate": 0.19900497512437812,
    "avg_trust_level": 0.7005547727094747,
    "cooperation_benefit_total": 0,
    "cooperation_resilience": 0.9751243781094527
  },
  "maslow_hierarchy": {
    "initial_needs_avg": {
      "physiological": 5.335592388639567,
      "safety": 5.151831231965068,
      "love": 5.254734557499504,
      "esteem": 5.271750015643821,
      "self_actualization": 5.119679260471781
    },
    "final_needs_avg": {
      "physiological": 5.837102466047174,
      "safety": 5.578319753593857,
      "love": 9.893860894696479,
      "esteem": 5.112932969713967,
      "self_actualization": 6.103164594835192
    },
    "needs_improvement": {
      "physiological": 0.5015100774076071,
      "safety": 0.42648852162878903,
      "love": 4.639126337196974,
      "esteem": -0.15881704592985457,
      "self_actualization": 0.9834853343634116
    }
  },
  "inter_group_metrics": {
    "final_group_populations": {
      "A": 201
    },
    "final_group_cooperation_rates": {
      "A": 0.9751243781094527
    },
    "in_group_interaction_rate": 1.0,
    "out_group_interaction_rate": 0.0,
    "avg_in_group_trust": 0.7005547727094747,
    "avg_out_group_trust": 0.7005547727094747,
    "trust_asymmetry": 0.0,
    "group_segregation_index": 1.0,
    "total_mixing_events": 0,
    "mixing_event_success_rate": 0,
    "reputational_spillover_events": 0,
    "out_group_constraint_amplifications": 0,
    "group_extinction_events": 0
  },
  "interaction_metrics": {
    "total_interactions": 159254,
    "avg_interaction_processing_time": 0.0
  }
}