{
  "run_id": 64,
  "parameters": {
    "shock_interval_years": 20,
    "homophily_bias": 0.0,
    "num_groups": 1,
    "out_group_trust_bias": 1.0269149055158844,
    "out_group_penalty": 1.7714384062386044,
    "intervention_interval": 0,
    "intervention_scale": 0.11550167445086577,
    "event_bonus": 2.2409182409741297,
    "base_trust_delta": 0.19829508042906213,
    "group_trust_bias": 1.4480888368819564,
    "resilience_profile": {
      "threshold": 0.10547462684104866,
      "noise": 0.1206273640757875
    },
    "turnover_rate": 0.005760016332510852,
    "social_diffusion": 0.05728485261728316,
    "max_rounds": 300,
    "initial_population": 200,
    "max_population": 800,
    "maslow_variation": 0.5,
    "constraint_threshold_range": [
      0.2,
      0.8
    ],
    "recovery_threshold": 0.15,
    "cooperation_bonus": 0.2,
    "trust_threshold": 0.6,
    "max_relationships_per_person": 150
  },
  "outcomes": {
    "final_cooperation_rate": 0.9794608472400513,
    "behavioral_cooperation_rate": 0.7577377007572019,
    "final_constrained_rate": 0.02053915275994865,
    "final_population": 779,
    "extinction_occurred": false,
    "rounds_completed": 300,
    "first_cascade_round": null,
    "total_cascade_events": 0,
    "total_shock_events": 5,
    "total_defections": 110906,
    "total_redemptions": 1,
    "net_strategy_change": 110905,
    "total_births": 1174,
    "total_deaths": 584,
    "max_population_reached": 800,
    "population_stability": 0.0048308313599200944,
    "population_growth": 4.0,
    "avg_system_stress": 0.08921291384510983,
    "max_system_stress": 0.6434358291433866,
    "avg_maslow_pressure": 0.021384277415979643,
    "avg_basic_needs_crisis_rate": 0.13350449293966624,
    "avg_trust_level": 0.800533125455347,
    "cooperation_benefit_total": 0,
    "cooperation_resilience": 0.9794608472400513
  },
  "maslow_hierarchy": {
    "initial_needs_avg": {
      "physiological": 4.977001404563742,
      "safety": 4.965204992953877,
      "love": 4.829986546389118,
      "esteem": 4.886853563094115,
      "self_actualization": 5.067041205648642
    },
    "final_needs_avg": {
      "physiological": 6.053155616688339,
      "safety": 6.049226351541642,
      "love": 9.917445203958854,
      "esteem": 5.623510800446219,
      "self_actualization": 6.128252638700787
    },
    "needs_improvement": {
      "physiological": 1.0761542121245968,
      "safety": 1.0840213585877647,
      "love": 5.087458657569736,
      "esteem": 0.7366572373521043,
      "self_actualization": 1.0612114330521454
    }
  },
  "inter_group_metrics": {
    "final_group_populations": {
      "A": 779
    },
    "final_group_cooperation_rates": {
      "A": 0.9794608472400513
    },
    "in_group_interaction_rate": 1.0,
    "out_group_interaction_rate": 0.0,
    "avg_in_group_trust": 0.800533125455347,
    "avg_out_group_trust": 0.800533125455347,
    "trust_asymmetry": 0.0,
    "group_segregation_index": 1.0,
    "total_mixing_events": 0,
    "mixing_event_success_rate": 0,
    "reputational_spillover_events": 0,
    "out_group_constraint_amplifications": 0,
    "group_extinction_events": 0
  },
  "interaction_metrics": {
    "total_interactions": 425514,
    "avg_interaction_processing_time": 0.0
  }
}