{
  "run_id": 144,
  "parameters": {
    "shock_interval_years": 20,
    "homophily_bias": 0.7398344579143651,
    "num_groups": 2,
    "out_group_trust_bias": 0.9726483070089348,
    "out_group_penalty": 1.4924664836684425,
    "intervention_interval": 20,
    "intervention_scale": 0.2649153882874476,
    "event_bonus": 2.464038956613458,
    "base_trust_delta": 0.10380556680166686,
    "group_trust_bias": 1.4286739272378306,
    "resilience_profile": {
      "threshold": 0.3606742681614582,
      "noise": 0.07120331448039566
    },
    "turnover_rate": 0.0023653627256656337,
    "social_diffusion": 0.040742307008788586,
    "max_rounds": 300,
    "initial_population": 200,
    "max_population": 800,
    "maslow_variation": 0.5,
    "constraint_threshold_range": [
      0.2,
      0.8
    ],
    "recovery_threshold": 0.15,
    "cooperation_bonus": 0.2,
    "trust_threshold": 0.6,
    "max_relationships_per_person": 150
  },
  "outcomes": {
    "final_cooperation_rate": 0.9785082174462706,
    "behavioral_cooperation_rate": 0.6703968048310593,
    "final_constrained_rate": 0.021491782553729456,
    "final_population": 791,
    "extinction_occurred": false,
    "rounds_completed": 300,
    "first_cascade_round": null,
    "total_cascade_events": 0,
    "total_shock_events": 5,
    "total_defections": 142021,
    "total_redemptions": 781,
    "net_strategy_change": 141240,
    "total_births": 913,
    "total_deaths": 320,
    "max_population_reached": 800,
    "population_stability": 0.020632478317954353,
    "population_growth": 4.0,
    "avg_system_stress": 0.31311326960640595,
    "max_system_stress": 1.0329119077902535,
    "avg_maslow_pressure": 0.022328308653673315,
    "avg_basic_needs_crisis_rate": 0.16182048040455121,
    "avg_trust_level": 0.7437088466623247,
    "cooperation_benefit_total": 0,
    "cooperation_resilience": 0.9785082174462706
  },
  "maslow_hierarchy": {
    "initial_needs_avg": {
      "physiological": 4.950554270779907,
      "safety": 5.121761166036059,
      "love": 4.7931448324077515,
      "esteem": 5.285164145826542,
      "self_actualization": 5.041031562008348
    },
    "final_needs_avg": {
      "physiological": 5.780842813237256,
      "safety": 6.109372801134798,
      "love": 9.825232834802867,
      "esteem": 6.581055823251261,
      "self_actualization": 5.721032264799621
    },
    "needs_improvement": {
      "physiological": 0.8302885424573487,
      "safety": 0.9876116350987392,
      "love": 5.032088002395115,
      "esteem": 1.2958916774247191,
      "self_actualization": 0.6800007027912729
    }
  },
  "inter_group_metrics": {
    "final_group_populations": {
      "A": 434,
      "B": 357
    },
    "final_group_cooperation_rates": {
      "A": 0.9815668202764977,
      "B": 0.9747899159663865
    },
    "in_group_interaction_rate": 0.8693850764429523,
    "out_group_interaction_rate": 0.13061492355704774,
    "avg_in_group_trust": 0.763418962390658,
    "avg_out_group_trust": 0.7239987309339915,
    "trust_asymmetry": 0.03942023145666651,
    "group_segregation_index": 0.8693850764429523,
    "total_mixing_events": 15,
    "mixing_event_success_rate": 1.0,
    "reputational_spillover_events": 0,
    "out_group_constraint_amplifications": 0,
    "group_extinction_events": 0
  },
  "interaction_metrics": {
    "total_interactions": 355036,
    "avg_interaction_processing_time": 0.0
  }
}