{
  "run_id": 41,
  "parameters": {
    "shock_interval_years": 2,
    "homophily_bias": 0.0,
    "num_groups": 1,
    "out_group_trust_bias": 0.9562052691009363,
    "out_group_penalty": 1.1203110607737585,
    "intervention_interval": 0,
    "intervention_scale": 0.2082504924405616,
    "event_bonus": 2.283435684707707,
    "base_trust_delta": 0.10169713214659154,
    "group_trust_bias": 1.515535499766601,
    "resilience_profile": {
      "threshold": 0.28813115874976847,
      "noise": 0.10417015534378785
    },
    "turnover_rate": 0.0071142025871066715,
    "social_diffusion": 0.08888180929404284,
    "max_rounds": 300,
    "initial_population": 200,
    "max_population": 800,
    "maslow_variation": 0.5,
    "constraint_threshold_range": [
      0.2,
      0.8
    ],
    "recovery_threshold": 0.15,
    "cooperation_bonus": 0.2,
    "trust_threshold": 0.6,
    "max_relationships_per_person": 150
  },
  "outcomes": {
    "final_cooperation_rate": 0.487146529562982,
    "behavioral_cooperation_rate": 0.31997740050200524,
    "final_constrained_rate": 0.512853470437018,
    "final_population": 778,
    "extinction_occurred": false,
    "rounds_completed": 300,
    "first_cascade_round": null,
    "total_cascade_events": 0,
    "total_shock_events": 32,
    "total_defections": 392137,
    "total_redemptions": 5715,
    "net_strategy_change": 386422,
    "total_births": 1271,
    "total_deaths": 689,
    "max_population_reached": 800,
    "population_stability": 0.009126081435710648,
    "population_growth": 4.0,
    "avg_system_stress": 7.35653804217626,
    "max_system_stress": 17.10216056309655,
    "avg_maslow_pressure": 0.08675705759342929,
    "avg_basic_needs_crisis_rate": 0.2069408740359897,
    "avg_trust_level": 0.4825972950765014,
    "cooperation_benefit_total": 0,
    "cooperation_resilience": 0.487146529562982
  },
  "maslow_hierarchy": {
    "initial_needs_avg": {
      "physiological": 4.89636214687532,
      "safety": 4.964410163571779,
      "love": 4.987450118736978,
      "esteem": 4.687478378266879,
      "self_actualization": 4.891648532490628
    },
    "final_needs_avg": {
      "physiological": 5.474744016213717,
      "safety": 5.9390857347182555,
      "love": 7.669019241867043,
      "esteem": 0.8872125312201695,
      "self_actualization": 5.729876494425877
    },
    "needs_improvement": {
      "physiological": 0.5783818693383971,
      "safety": 0.9746755711464763,
      "love": 2.681569123130065,
      "esteem": -3.8002658470467092,
      "self_actualization": 0.8382279619352495
    }
  },
  "inter_group_metrics": {
    "final_group_populations": {
      "A": 778
    },
    "final_group_cooperation_rates": {
      "A": 0.487146529562982
    },
    "in_group_interaction_rate": 1.0,
    "out_group_interaction_rate": 0.0,
    "avg_in_group_trust": 0.4825972950765014,
    "avg_out_group_trust": 0.4825972950765014,
    "trust_asymmetry": 0.0,
    "group_segregation_index": 1.0,
    "total_mixing_events": 0,
    "mixing_event_success_rate": 0,
    "reputational_spillover_events": 0,
    "out_group_constraint_amplifications": 0,
    "group_extinction_events": 0
  },
  "interaction_metrics": {
    "total_interactions": 431868,
    "avg_interaction_processing_time": 0.0
  }
}