{
  "run_id": 9,
  "parameters": {
    "shock_interval_years": 20,
    "homophily_bias": 0.2776231586320636,
    "num_groups": 3,
    "out_group_trust_bias": 1.023395215552362,
    "out_group_penalty": 1.3543180567120536,
    "intervention_interval": 15,
    "intervention_scale": 0.20174215530150474,
    "event_bonus": 2.4280773767969386,
    "base_trust_delta": 0.1820208861026993,
    "group_trust_bias": 1.4491996379877632,
    "resilience_profile": {
      "threshold": 0.3724875130543893,
      "noise": 0.007077887117734721
    },
    "turnover_rate": 0.0027895699888456347,
    "social_diffusion": 0.007439941638371495,
    "max_rounds": 300,
    "initial_population": 200,
    "max_population": 800,
    "maslow_variation": 0.5,
    "constraint_threshold_range": [
      0.2,
      0.8
    ],
    "recovery_threshold": 0.15,
    "cooperation_bonus": 0.2,
    "trust_threshold": 0.6,
    "max_relationships_per_person": 150
  },
  "outcomes": {
    "final_cooperation_rate": 0.9208542713567839,
    "behavioral_cooperation_rate": 0.37892962294614874,
    "final_constrained_rate": 0.07914572864321608,
    "final_population": 796,
    "extinction_occurred": false,
    "rounds_completed": 300,
    "first_cascade_round": null,
    "total_cascade_events": 0,
    "total_shock_events": 5,
    "total_defections": 291018,
    "total_redemptions": 1418,
    "net_strategy_change": 289600,
    "total_births": 889,
    "total_deaths": 291,
    "max_population_reached": 800,
    "population_stability": 0.008497539725144125,
    "population_growth": 4.0,
    "avg_system_stress": 0.16773420285490195,
    "max_system_stress": 0.6724142973868006,
    "avg_maslow_pressure": 0.04177301647008378,
    "avg_basic_needs_crisis_rate": 0.1771356783919598,
    "avg_trust_level": 0.6722017090105497,
    "cooperation_benefit_total": 0,
    "cooperation_resilience": 0.9208542713567839
  },
  "maslow_hierarchy": {
    "initial_needs_avg": {
      "physiological": 5.1730916152180155,
      "safety": 5.016753044768955,
      "love": 5.323067491787001,
      "esteem": 4.810230734871987,
      "self_actualization": 5.040438652941767
    },
    "final_needs_avg": {
      "physiological": 5.800199402718119,
      "safety": 5.861352403829695,
      "love": 9.36784166002172,
      "esteem": 5.256731436605462,
      "self_actualization": 5.670954828480022
    },
    "needs_improvement": {
      "physiological": 0.6271077875001039,
      "safety": 0.8445993590607399,
      "love": 4.044774168234718,
      "esteem": 0.4465007017334752,
      "self_actualization": 0.6305161755382551
    }
  },
  "inter_group_metrics": {
    "final_group_populations": {
      "B": 258,
      "C": 223,
      "A": 315
    },
    "final_group_cooperation_rates": {
      "B": 0.9263565891472868,
      "C": 0.8834080717488789,
      "A": 0.9428571428571428
    },
    "in_group_interaction_rate": 0.5184104615822965,
    "out_group_interaction_rate": 0.48158953841770347,
    "avg_in_group_trust": 0.781491614105873,
    "avg_out_group_trust": 0.5629118039152264,
    "trust_asymmetry": 0.21857981019064654,
    "group_segregation_index": 0.5184104615822965,
    "total_mixing_events": 20,
    "mixing_event_success_rate": 1.0,
    "reputational_spillover_events": 0,
    "out_group_constraint_amplifications": 0,
    "group_extinction_events": 0
  },
  "interaction_metrics": {
    "total_interactions": 336928,
    "avg_interaction_processing_time": 0.0
  }
}