{
  "run_id": 11,
  "parameters": {
    "shock_interval_years": 5,
    "homophily_bias": 0.5405817909668195,
    "num_groups": 2,
    "out_group_trust_bias": 1.005131685573435,
    "out_group_penalty": 1.7089579409661826,
    "intervention_interval": 15,
    "intervention_scale": 0.2520213771089698,
    "event_bonus": 1.5947654164211873,
    "base_trust_delta": 0.16872577337425237,
    "group_trust_bias": 1.544965881453449,
    "resilience_profile": {
      "threshold": 0.20967357294808714,
      "noise": 0.08880913371246756
    },
    "turnover_rate": 0.005454123247977446,
    "social_diffusion": 0.07247116355293697,
    "max_rounds": 300,
    "initial_population": 200,
    "max_population": 800,
    "maslow_variation": 0.5,
    "constraint_threshold_range": [
      0.2,
      0.8
    ],
    "recovery_threshold": 0.15,
    "cooperation_bonus": 0.2,
    "trust_threshold": 0.6,
    "max_relationships_per_person": 150
  },
  "outcomes": {
    "final_cooperation_rate": 0.89281210592686,
    "behavioral_cooperation_rate": 0.3266196743078065,
    "final_constrained_rate": 0.10718789407313997,
    "final_population": 793,
    "extinction_occurred": false,
    "rounds_completed": 300,
    "first_cascade_round": null,
    "total_cascade_events": 0,
    "total_shock_events": 11,
    "total_defections": 403080,
    "total_redemptions": 1575,
    "net_strategy_change": 401505,
    "total_births": 1038,
    "total_deaths": 442,
    "max_population_reached": 800,
    "population_stability": 0.0038365231373338198,
    "population_growth": 4.0,
    "avg_system_stress": 1.855386143748124,
    "max_system_stress": 3.465104619949269,
    "avg_maslow_pressure": 0.04336593575746621,
    "avg_basic_needs_crisis_rate": 0.16897856242118536,
    "avg_trust_level": 0.6175461711516737,
    "cooperation_benefit_total": 0,
    "cooperation_resilience": 0.89281210592686
  },
  "maslow_hierarchy": {
    "initial_needs_avg": {
      "physiological": 5.289013640134214,
      "safety": 4.915877343927416,
      "love": 4.99922314880004,
      "esteem": 5.072358997175756,
      "self_actualization": 4.714699140406457
    },
    "final_needs_avg": {
      "physiological": 6.033737214085984,
      "safety": 5.878656465309792,
      "love": 8.98024713066995,
      "esteem": 5.3155424940075635,
      "self_actualization": 5.447052608453439
    },
    "needs_improvement": {
      "physiological": 0.7447235739517701,
      "safety": 0.9627791213823755,
      "love": 3.9810239818699102,
      "esteem": 0.24318349683180784,
      "self_actualization": 0.7323534680469823
    }
  },
  "inter_group_metrics": {
    "final_group_populations": {
      "B": 358,
      "A": 435
    },
    "final_group_cooperation_rates": {
      "B": 0.8854748603351955,
      "A": 0.8988505747126436
    },
    "in_group_interaction_rate": 0.7714565353223728,
    "out_group_interaction_rate": 0.2285434646776272,
    "avg_in_group_trust": 0.6831865123710124,
    "avg_out_group_trust": 0.551905829932335,
    "trust_asymmetry": 0.1312806824386774,
    "group_segregation_index": 0.7714565353223728,
    "total_mixing_events": 20,
    "mixing_event_success_rate": 1.0,
    "reputational_spillover_events": 0,
    "out_group_constraint_amplifications": 0,
    "group_extinction_events": 0
  },
  "interaction_metrics": {
    "total_interactions": 409712,
    "avg_interaction_processing_time": 0.0
  }
}