{
  "run_id": 40,
  "parameters": {
    "shock_interval_years": 20,
    "homophily_bias": 0.37007308685827217,
    "num_groups": 3,
    "out_group_trust_bias": 1.0074333047876294,
    "out_group_penalty": 2.059513312811686,
    "intervention_interval": 10,
    "intervention_scale": 0.25471055367511325,
    "event_bonus": 1.6213087075218569,
    "base_trust_delta": 0.15705524717252478,
    "group_trust_bias": 1.4823066269422278,
    "resilience_profile": {
      "threshold": 0.19389646272510153,
      "noise": 0.08685600363782477
    },
    "turnover_rate": 0.005023557171841465,
    "social_diffusion": 0.042794717747698365,
    "max_rounds": 300,
    "initial_population": 200,
    "max_population": 800,
    "maslow_variation": 0.5,
    "constraint_threshold_range": [
      0.2,
      0.8
    ],
    "recovery_threshold": 0.15,
    "cooperation_bonus": 0.2,
    "trust_threshold": 0.6,
    "max_relationships_per_person": 150
  },
  "outcomes": {
    "final_cooperation_rate": 0.32786885245901637,
    "behavioral_cooperation_rate": 0.011286302699582864,
    "final_constrained_rate": 0.6721311475409836,
    "final_population": 793,
    "extinction_occurred": false,
    "rounds_completed": 300,
    "first_cascade_round": null,
    "total_cascade_events": 0,
    "total_shock_events": 1,
    "total_defections": 692643,
    "total_redemptions": 6158,
    "net_strategy_change": 686485,
    "total_births": 966,
    "total_deaths": 371,
    "max_population_reached": 800,
    "population_stability": 0.007031948290130305,
    "population_growth": 4.0,
    "avg_system_stress": 0.022654593377284635,
    "max_system_stress": 0.36378827814403875,
    "avg_maslow_pressure": 0.1899523568937364,
    "avg_basic_needs_crisis_rate": 0.30390920554854983,
    "avg_trust_level": 0.2731533459321921,
    "cooperation_benefit_total": 0,
    "cooperation_resilience": 0.32786885245901637
  },
  "maslow_hierarchy": {
    "initial_needs_avg": {
      "physiological": 5.04204060872932,
      "safety": 5.179698586236023,
      "love": 5.127848305867478,
      "esteem": 5.259914197236866,
      "self_actualization": 5.1820101845949775
    },
    "final_needs_avg": {
      "physiological": 5.151705632851161,
      "safety": 5.176846411602052,
      "love": 2.2476947980682875,
      "esteem": 1.1963667083836005,
      "self_actualization": 5.2511673098296185
    },
    "needs_improvement": {
      "physiological": 0.1096650241218402,
      "safety": -0.0028521746339711385,
      "love": -2.8801535077991907,
      "esteem": -4.063547488853265,
      "self_actualization": 0.06915712523464101
    }
  },
  "inter_group_metrics": {
    "final_group_populations": {
      "B": 203,
      "C": 283,
      "A": 307
    },
    "final_group_cooperation_rates": {
      "B": 0.2955665024630542,
      "C": 0.2968197879858657,
      "A": 0.3778501628664495
    },
    "in_group_interaction_rate": 0.5831571214943464,
    "out_group_interaction_rate": 0.41684287850565366,
    "avg_in_group_trust": 0.1924230155095723,
    "avg_out_group_trust": 0.3538836763548119,
    "trust_asymmetry": -0.16146066084523958,
    "group_segregation_index": 0.5831571214943464,
    "total_mixing_events": 30,
    "mixing_event_success_rate": 1.0,
    "reputational_spillover_events": 0,
    "out_group_constraint_amplifications": 0,
    "group_extinction_events": 0
  },
  "interaction_metrics": {
    "total_interactions": 381170,
    "avg_interaction_processing_time": 0.0
  }
}