{
  "run_id": 197,
  "parameters": {
    "shock_interval_years": 20,
    "homophily_bias": 0.22374832376143872,
    "num_groups": 2,
    "out_group_trust_bias": 0.99073204353518,
    "out_group_penalty": 1.1242387207874367,
    "intervention_interval": 25,
    "intervention_scale": 0.1854819361490549,
    "event_bonus": 1.6263329966281153,
    "base_trust_delta": 0.19929427841912706,
    "group_trust_bias": 1.5982360088465888,
    "resilience_profile": {
      "threshold": 0.1567927406956895,
      "noise": 0.11055551143103048
    },
    "turnover_rate": 0.004068669407574321,
    "social_diffusion": 0.07332281675447175,
    "max_rounds": 300,
    "initial_population": 200,
    "max_population": 800,
    "maslow_variation": 0.5,
    "constraint_threshold_range": [
      0.2,
      0.8
    ],
    "recovery_threshold": 0.15,
    "cooperation_bonus": 0.2,
    "trust_threshold": 0.6,
    "max_relationships_per_person": 150
  },
  "outcomes": {
    "final_cooperation_rate": 0.9211195928753181,
    "behavioral_cooperation_rate": 0.2783990203345042,
    "final_constrained_rate": 0.07888040712468193,
    "final_population": 786,
    "extinction_occurred": false,
    "rounds_completed": 300,
    "first_cascade_round": null,
    "total_cascade_events": 0,
    "total_shock_events": 3,
    "total_defections": 397316,
    "total_redemptions": 876,
    "net_strategy_change": 396440,
    "total_births": 927,
    "total_deaths": 335,
    "max_population_reached": 800,
    "population_stability": 0.004021448567855517,
    "population_growth": 4.0,
    "avg_system_stress": 0.06646521174935531,
    "max_system_stress": 0.39437672363980136,
    "avg_maslow_pressure": 0.04052349770279483,
    "avg_basic_needs_crisis_rate": 0.1921119592875318,
    "avg_trust_level": 0.5519108003364618,
    "cooperation_benefit_total": 0,
    "cooperation_resilience": 0.9211195928753181
  },
  "maslow_hierarchy": {
    "initial_needs_avg": {
      "physiological": 5.039218345112806,
      "safety": 5.093382623294656,
      "love": 5.190518427710982,
      "esteem": 4.908188188756135,
      "self_actualization": 5.169840986299712
    },
    "final_needs_avg": {
      "physiological": 5.817524789178295,
      "safety": 5.9875684514622085,
      "love": 9.26967093351695,
      "esteem": 5.3464233108766095,
      "self_actualization": 5.946506829419926
    },
    "needs_improvement": {
      "physiological": 0.778306444065489,
      "safety": 0.8941858281675525,
      "love": 4.079152505805968,
      "esteem": 0.43823512212047433,
      "self_actualization": 0.776665843120214
    }
  },
  "inter_group_metrics": {
    "final_group_populations": {
      "B": 502,
      "A": 284
    },
    "final_group_cooperation_rates": {
      "B": 0.9382470119521913,
      "A": 0.8908450704225352
    },
    "in_group_interaction_rate": 0.6282964347480476,
    "out_group_interaction_rate": 0.37170356525195236,
    "avg_in_group_trust": 0.7067729773252862,
    "avg_out_group_trust": 0.3970486233476374,
    "trust_asymmetry": 0.3097243539776488,
    "group_segregation_index": 0.6282964347480476,
    "total_mixing_events": 12,
    "mixing_event_success_rate": 1.0,
    "reputational_spillover_events": 0,
    "out_group_constraint_amplifications": 0,
    "group_extinction_events": 0
  },
  "interaction_metrics": {
    "total_interactions": 372372,
    "avg_interaction_processing_time": 0.0
  }
}