{
  "run_id": 74,
  "parameters": {
    "shock_interval_years": 20,
    "homophily_bias": 0.6301182415162121,
    "num_groups": 2,
    "out_group_trust_bias": 1.0020767539166349,
    "out_group_penalty": 1.8277276800692994,
    "intervention_interval": 10,
    "intervention_scale": 0.20736185912152338,
    "event_bonus": 1.5041352038750575,
    "base_trust_delta": 0.10146110100411154,
    "group_trust_bias": 1.5235046894798683,
    "resilience_profile": {
      "threshold": 0.3842794256335952,
      "noise": 0.04877621673625687
    },
    "turnover_rate": 0.006628449466236221,
    "social_diffusion": 0.05011522941858946,
    "max_rounds": 300,
    "initial_population": 200,
    "max_population": 800,
    "maslow_variation": 0.5,
    "constraint_threshold_range": [
      0.2,
      0.8
    ],
    "recovery_threshold": 0.15,
    "cooperation_bonus": 0.2,
    "trust_threshold": 0.6,
    "max_relationships_per_person": 150
  },
  "outcomes": {
    "final_cooperation_rate": 0.958974358974359,
    "behavioral_cooperation_rate": 0.6009161975945176,
    "final_constrained_rate": 0.041025641025641026,
    "final_population": 780,
    "extinction_occurred": false,
    "rounds_completed": 300,
    "first_cascade_round": null,
    "total_cascade_events": 0,
    "total_shock_events": 6,
    "total_defections": 214020,
    "total_redemptions": 2585,
    "net_strategy_change": 211435,
    "total_births": 1249,
    "total_deaths": 658,
    "max_population_reached": 800,
    "population_stability": 0.008342070958096328,
    "population_growth": 4.0,
    "avg_system_stress": 0.3923888762077279,
    "max_system_stress": 1.5840867754867738,
    "avg_maslow_pressure": 0.021245876929996587,
    "avg_basic_needs_crisis_rate": 0.12564102564102564,
    "avg_trust_level": 0.636611854624239,
    "cooperation_benefit_total": 0,
    "cooperation_resilience": 0.958974358974359
  },
  "maslow_hierarchy": {
    "initial_needs_avg": {
      "physiological": 5.268507558166658,
      "safety": 4.94942599495516,
      "love": 5.175574990730444,
      "esteem": 5.366067380178396,
      "self_actualization": 5.008572115251627
    },
    "final_needs_avg": {
      "physiological": 6.106274273536726,
      "safety": 6.179505002533583,
      "love": 9.552392982712663,
      "esteem": 6.941893056975365,
      "self_actualization": 5.701648059183743
    },
    "needs_improvement": {
      "physiological": 0.8377667153700674,
      "safety": 1.2300790075784231,
      "love": 4.376817991982219,
      "esteem": 1.5758256767969696,
      "self_actualization": 0.6930759439321159
    }
  },
  "inter_group_metrics": {
    "final_group_populations": {
      "B": 393,
      "A": 387
    },
    "final_group_cooperation_rates": {
      "B": 0.9643765903307888,
      "A": 0.9534883720930233
    },
    "in_group_interaction_rate": 0.8131740497231933,
    "out_group_interaction_rate": 0.18682595027680665,
    "avg_in_group_trust": 0.6449798611106398,
    "avg_out_group_trust": 0.6282438481378382,
    "trust_asymmetry": 0.016736012972801584,
    "group_segregation_index": 0.8131740497231933,
    "total_mixing_events": 30,
    "mixing_event_success_rate": 1.0,
    "reputational_spillover_events": 0,
    "out_group_constraint_amplifications": 0,
    "group_extinction_events": 0
  },
  "interaction_metrics": {
    "total_interactions": 431348,
    "avg_interaction_processing_time": 0.0
  }
}