{
  "run_id": 32,
  "parameters": {
    "shock_interval_years": 10,
    "homophily_bias": 0.6758841393494438,
    "num_groups": 3,
    "out_group_trust_bias": 0.983306409022605,
    "out_group_penalty": 1.1126815201255105,
    "intervention_interval": 25,
    "intervention_scale": 0.21082434667712674,
    "event_bonus": 1.961908316801892,
    "base_trust_delta": 0.12858769365673295,
    "group_trust_bias": 1.530250694882437,
    "resilience_profile": {
      "threshold": 0.394353169042736,
      "noise": 0.04669178754833048
    },
    "turnover_rate": 0.004426764712745141,
    "social_diffusion": 0.09418087578708267,
    "max_rounds": 300,
    "initial_population": 200,
    "max_population": 800,
    "maslow_variation": 0.5,
    "constraint_threshold_range": [
      0.2,
      0.8
    ],
    "recovery_threshold": 0.15,
    "cooperation_bonus": 0.2,
    "trust_threshold": 0.6,
    "max_relationships_per_person": 150
  },
  "outcomes": {
    "final_cooperation_rate": 0.9043367346938775,
    "behavioral_cooperation_rate": 0.6109102473152475,
    "final_constrained_rate": 0.09566326530612244,
    "final_population": 784,
    "extinction_occurred": false,
    "rounds_completed": 300,
    "first_cascade_round": null,
    "total_cascade_events": 0,
    "total_shock_events": 9,
    "total_defections": 196550,
    "total_redemptions": 1996,
    "net_strategy_change": 194554,
    "total_births": 1031,
    "total_deaths": 440,
    "max_population_reached": 800,
    "population_stability": 0.004927134214707856,
    "population_growth": 4.0,
    "avg_system_stress": 0.8016928911146642,
    "max_system_stress": 3.1379112668426705,
    "avg_maslow_pressure": 0.043234628669286956,
    "avg_basic_needs_crisis_rate": 0.22066326530612246,
    "avg_trust_level": 0.6976729189509372,
    "cooperation_benefit_total": 0,
    "cooperation_resilience": 0.9043367346938775
  },
  "maslow_hierarchy": {
    "initial_needs_avg": {
      "physiological": 4.767406998958324,
      "safety": 5.031972155598981,
      "love": 4.883039337086178,
      "esteem": 5.020325659742399,
      "self_actualization": 4.955721226305018
    },
    "final_needs_avg": {
      "physiological": 5.372859400791113,
      "safety": 5.754461857877834,
      "love": 9.0238014107168,
      "esteem": 4.805461148503756,
      "self_actualization": 6.039516630809571
    },
    "needs_improvement": {
      "physiological": 0.6054524018327889,
      "safety": 0.7224897022788523,
      "love": 4.140762073630622,
      "esteem": -0.21486451123864292,
      "self_actualization": 1.0837954045045528
    }
  },
  "inter_group_metrics": {
    "final_group_populations": {
      "B": 227,
      "C": 288,
      "A": 269
    },
    "final_group_cooperation_rates": {
      "B": 0.8986784140969163,
      "C": 0.8888888888888888,
      "A": 0.9256505576208178
    },
    "in_group_interaction_rate": 0.7811639227965459,
    "out_group_interaction_rate": 0.2188360772034541,
    "avg_in_group_trust": 0.7391369487528736,
    "avg_out_group_trust": 0.6562088891490008,
    "trust_asymmetry": 0.08292805960387284,
    "group_segregation_index": 0.7811639227965459,
    "total_mixing_events": 12,
    "mixing_event_success_rate": 1.0,
    "reputational_spillover_events": 0,
    "out_group_constraint_amplifications": 0,
    "group_extinction_events": 0
  },
  "interaction_metrics": {
    "total_interactions": 408790,
    "avg_interaction_processing_time": 0.0
  }
}