{
  "run_id": 114,
  "parameters": {
    "shock_interval_years": 5,
    "homophily_bias": 0.6033714140766366,
    "num_groups": 3,
    "out_group_trust_bias": 1.0156961371200792,
    "out_group_penalty": 1.2156145414603352,
    "intervention_interval": 15,
    "intervention_scale": 0.09974167134292715,
    "event_bonus": 1.879804736599299,
    "base_trust_delta": 0.05206011551090495,
    "group_trust_bias": 1.5769737497456682,
    "resilience_profile": {
      "threshold": 0.14237311197195185,
      "noise": 0.06184839647451129
    },
    "turnover_rate": 0.0032344241737893055,
    "social_diffusion": 0.06921167495039131,
    "max_rounds": 300,
    "initial_population": 200,
    "max_population": 800,
    "maslow_variation": 0.5,
    "constraint_threshold_range": [
      0.2,
      0.8
    ],
    "recovery_threshold": 0.15,
    "cooperation_bonus": 0.2,
    "trust_threshold": 0.6,
    "max_relationships_per_person": 150
  },
  "outcomes": {
    "final_cooperation_rate": 0.8547979797979798,
    "behavioral_cooperation_rate": 0.42286893336413467,
    "final_constrained_rate": 0.1452020202020202,
    "final_population": 792,
    "extinction_occurred": false,
    "rounds_completed": 300,
    "first_cascade_round": null,
    "total_cascade_events": 0,
    "total_shock_events": 13,
    "total_defections": 298291,
    "total_redemptions": 1606,
    "net_strategy_change": 296685,
    "total_births": 965,
    "total_deaths": 370,
    "max_population_reached": 800,
    "population_stability": 0.01095837612240032,
    "population_growth": 4.0,
    "avg_system_stress": 1.4237804737679567,
    "max_system_stress": 4.538164118356886,
    "avg_maslow_pressure": 0.05356580586999586,
    "avg_basic_needs_crisis_rate": 0.21717171717171718,
    "avg_trust_level": 0.5713741364902263,
    "cooperation_benefit_total": 0,
    "cooperation_resilience": 0.8547979797979798
  },
  "maslow_hierarchy": {
    "initial_needs_avg": {
      "physiological": 4.95775650238497,
      "safety": 5.020563164162476,
      "love": 5.1210848689773005,
      "esteem": 4.6460857918091305,
      "self_actualization": 5.000767383911678
    },
    "final_needs_avg": {
      "physiological": 5.555846527641634,
      "safety": 5.762712522750573,
      "love": 8.809092468983604,
      "esteem": 3.449588236949343,
      "self_actualization": 5.9915305996255
    },
    "needs_improvement": {
      "physiological": 0.5980900252566643,
      "safety": 0.7421493585880974,
      "love": 3.688007600006303,
      "esteem": -1.1964975548597874,
      "self_actualization": 0.9907632157138222
    }
  },
  "inter_group_metrics": {
    "final_group_populations": {
      "C": 236,
      "B": 276,
      "A": 280
    },
    "final_group_cooperation_rates": {
      "C": 0.8305084745762712,
      "B": 0.855072463768116,
      "A": 0.875
    },
    "in_group_interaction_rate": 0.734679841233173,
    "out_group_interaction_rate": 0.26532015876682696,
    "avg_in_group_trust": 0.5879578954780696,
    "avg_out_group_trust": 0.5547903775023828,
    "trust_asymmetry": 0.033167517975686844,
    "group_segregation_index": 0.734679841233173,
    "total_mixing_events": 20,
    "mixing_event_success_rate": 1.0,
    "reputational_spillover_events": 0,
    "out_group_constraint_amplifications": 0,
    "group_extinction_events": 0
  },
  "interaction_metrics": {
    "total_interactions": 380936,
    "avg_interaction_processing_time": 0.0
  }
}