{
  "run_id": 196,
  "parameters": {
    "shock_interval_years": 5,
    "homophily_bias": 0.0,
    "num_groups": 1,
    "out_group_trust_bias": 0.989158836271655,
    "out_group_penalty": 1.8759867629637168,
    "intervention_interval": 0,
    "intervention_scale": 0.2294581879499819,
    "event_bonus": 1.6651976879799282,
    "base_trust_delta": 0.062285278835984954,
    "group_trust_bias": 1.5391844601047175,
    "resilience_profile": {
      "threshold": 0.29287840191940817,
      "noise": 0.0764907027479253
    },
    "turnover_rate": 0.002091905186301954,
    "social_diffusion": 0.020534142462960505,
    "max_rounds": 300,
    "initial_population": 200,
    "max_population": 800,
    "maslow_variation": 0.5,
    "constraint_threshold_range": [
      0.2,
      0.8
    ],
    "recovery_threshold": 0.15,
    "cooperation_bonus": 0.2,
    "trust_threshold": 0.6,
    "max_relationships_per_person": 150
  },
  "outcomes": {
    "final_cooperation_rate": 0.8484848484848485,
    "behavioral_cooperation_rate": 0.7071749752052036,
    "final_constrained_rate": 0.15151515151515152,
    "final_population": 792,
    "extinction_occurred": false,
    "rounds_completed": 300,
    "first_cascade_round": null,
    "total_cascade_events": 0,
    "total_shock_events": 12,
    "total_defections": 107540,
    "total_redemptions": 1030,
    "net_strategy_change": 106510,
    "total_births": 873,
    "total_deaths": 278,
    "max_population_reached": 800,
    "population_stability": 0.002668381825177342,
    "population_growth": 4.0,
    "avg_system_stress": 0.7208590424821811,
    "max_system_stress": 1.7079778358791706,
    "avg_maslow_pressure": 0.03355010808886908,
    "avg_basic_needs_crisis_rate": 0.18686868686868688,
    "avg_trust_level": 0.6266387161345233,
    "cooperation_benefit_total": 0,
    "cooperation_resilience": 0.8484848484848485
  },
  "maslow_hierarchy": {
    "initial_needs_avg": {
      "physiological": 5.221617778368418,
      "safety": 4.889745334952881,
      "love": 5.216093400697961,
      "esteem": 5.179672076948813,
      "self_actualization": 5.135428902869892
    },
    "final_needs_avg": {
      "physiological": 5.840891673730582,
      "safety": 5.842332618859243,
      "love": 9.339513474393508,
      "esteem": 4.8498258617974095,
      "self_actualization": 6.161839953579021
    },
    "needs_improvement": {
      "physiological": 0.6192738953621637,
      "safety": 0.9525872839063618,
      "love": 4.123420073695547,
      "esteem": -0.3298462151514032,
      "self_actualization": 1.0264110507091289
    }
  },
  "inter_group_metrics": {
    "final_group_populations": {
      "A": 792
    },
    "final_group_cooperation_rates": {
      "A": 0.8484848484848485
    },
    "in_group_interaction_rate": 1.0,
    "out_group_interaction_rate": 0.0,
    "avg_in_group_trust": 0.6266387161345233,
    "avg_out_group_trust": 0.6266387161345233,
    "trust_asymmetry": 0.0,
    "group_segregation_index": 1.0,
    "total_mixing_events": 0,
    "mixing_event_success_rate": 0,
    "reputational_spillover_events": 0,
    "out_group_constraint_amplifications": 0,
    "group_extinction_events": 0
  },
  "interaction_metrics": {
    "total_interactions": 328698,
    "avg_interaction_processing_time": 0.0
  }
}