{
  "run_id": 145,
  "parameters": {
    "shock_interval_years": 20,
    "homophily_bias": 0.5882905672086778,
    "num_groups": 3,
    "out_group_trust_bias": 0.9604580702928788,
    "out_group_penalty": 1.5127207027869254,
    "intervention_interval": 25,
    "intervention_scale": 0.21517349316738948,
    "event_bonus": 2.486730273008993,
    "base_trust_delta": 0.07097700527884507,
    "group_trust_bias": 1.5723156695839422,
    "resilience_profile": {
      "threshold": 0.19070766665094088,
      "noise": 0.07420535475098268
    },
    "turnover_rate": 0.001804740698788368,
    "social_diffusion": 0.042408077145765,
    "max_rounds": 300,
    "initial_population": 200,
    "max_population": 800,
    "maslow_variation": 0.5,
    "constraint_threshold_range": [
      0.2,
      0.8
    ],
    "recovery_threshold": 0.15,
    "cooperation_bonus": 0.2,
    "trust_threshold": 0.6,
    "max_relationships_per_person": 150
  },
  "outcomes": {
    "final_cooperation_rate": 0.9159663865546218,
    "behavioral_cooperation_rate": 0.5217131047766824,
    "final_constrained_rate": 0.08403361344537816,
    "final_population": 714,
    "extinction_occurred": false,
    "rounds_completed": 300,
    "first_cascade_round": null,
    "total_cascade_events": 0,
    "total_shock_events": 4,
    "total_defections": 189303,
    "total_redemptions": 1130,
    "net_strategy_change": 188173,
    "total_births": 806,
    "total_deaths": 290,
    "max_population_reached": 800,
    "population_stability": 0.007261259120756894,
    "population_growth": 4.0,
    "avg_system_stress": 0.37987606320844736,
    "max_system_stress": 0.9888470450264294,
    "avg_maslow_pressure": 0.035240601670390004,
    "avg_basic_needs_crisis_rate": 0.14145658263305322,
    "avg_trust_level": 0.5509498436564838,
    "cooperation_benefit_total": 0,
    "cooperation_resilience": 0.9159663865546218
  },
  "maslow_hierarchy": {
    "initial_needs_avg": {
      "physiological": 5.540466758986265,
      "safety": 5.103828843467105,
      "love": 5.17220016477996,
      "esteem": 5.272940803921001,
      "self_actualization": 4.949597025848306
    },
    "final_needs_avg": {
      "physiological": 6.373037393551051,
      "safety": 5.845256961304881,
      "love": 9.396534648982238,
      "esteem": 5.426918658522991,
      "self_actualization": 5.701274296895686
    },
    "needs_improvement": {
      "physiological": 0.8325706345647861,
      "safety": 0.741428117837776,
      "love": 4.224334484202278,
      "esteem": 0.15397785460199032,
      "self_actualization": 0.75167727104738
    }
  },
  "inter_group_metrics": {
    "final_group_populations": {
      "C": 212,
      "A": 198,
      "B": 304
    },
    "final_group_cooperation_rates": {
      "C": 0.910377358490566,
      "A": 0.8888888888888888,
      "B": 0.9375
    },
    "in_group_interaction_rate": 0.7252237188833451,
    "out_group_interaction_rate": 0.27477628111665486,
    "avg_in_group_trust": 0.6237870775269565,
    "avg_out_group_trust": 0.47811260978601106,
    "trust_asymmetry": 0.14567446774094545,
    "group_segregation_index": 0.7252237188833451,
    "total_mixing_events": 12,
    "mixing_event_success_rate": 1.0,
    "reputational_spillover_events": 0,
    "out_group_constraint_amplifications": 0,
    "group_extinction_events": 0
  },
  "interaction_metrics": {
    "total_interactions": 299036,
    "avg_interaction_processing_time": 0.0
  }
}