{
  "run_id": 460,
  "parameters": {
    "shock_interval_years": 5,
    "homophily_bias": 0.7847967286238677,
    "num_groups": 2,
    "out_group_trust_bias": 1.0902848166674657,
    "out_group_penalty": 1.1432590889839187,
    "intervention_interval": 10,
    "intervention_scale": 0.11342334421722312,
    "event_bonus": 2.2227464165357387,
    "base_trust_delta": 0.12321507466614022,
    "group_trust_bias": 1.8352262682860239,
    "resilience_profile": {
      "threshold": 0.23922978314229315,
      "noise": 0.06929133840034488
    },
    "turnover_rate": 0.03302361103931956,
    "social_diffusion": 0.05564648166882724,
    "max_rounds": 300,
    "initial_population": 200,
    "max_population": 800,
    "maslow_variation": 0.5,
    "constraint_threshold_range": [
      0.2,
      0.8
    ],
    "recovery_threshold": 0.15,
    "cooperation_bonus": 0.2,
    "trust_threshold": 0.6,
    "max_relationships_per_person": 150
  },
  "outcomes": {
    "final_cooperation_rate": 0.9417721518987342,
    "behavioral_cooperation_rate": 0.16777755048697054,
    "final_constrained_rate": 0.05822784810126582,
    "final_population": 790,
    "extinction_occurred": false,
    "rounds_completed": 300,
    "first_cascade_round": null,
    "total_cascade_events": 0,
    "total_shock_events": 23,
    "total_defections": 442053,
    "total_redemptions": 6617,
    "net_strategy_change": 435436,
    "total_births": 896,
    "total_deaths": 303,
    "max_population_reached": 800,
    "population_stability": 0.004347734113687553,
    "population_growth": 4.0,
    "avg_system_stress": 5.24229390046649,
    "max_system_stress": 9.751126024054056,
    "avg_maslow_pressure": 0.130916368616449,
    "avg_basic_needs_crisis_rate": 0.26582278481012656,
    "avg_trust_level": 0.5519301645443381,
    "cooperation_benefit_total": 0,
    "cooperation_resilience": 0.9417721518987342
  },
  "maslow_hierarchy": {
    "initial_needs_avg": {
      "physiological": 4.638699232297227,
      "safety": 5.221145818173664,
      "love": 5.341925815403795,
      "esteem": 4.969491839165457,
      "self_actualization": 4.836540585721767
    },
    "final_needs_avg": {
      "physiological": 5.033322385511934,
      "safety": 5.465002342401916,
      "love": 7.174215031265344,
      "esteem": 0.5106903290010258,
      "self_actualization": 5.181289628461298
    },
    "needs_improvement": {
      "physiological": 0.39462315321470687,
      "safety": 0.243856524228252,
      "love": 1.8322892158615494,
      "esteem": -4.458801510164431,
      "self_actualization": 0.34474904273953033
    }
  },
  "inter_group_metrics": {
    "final_group_populations": {
      "A": 421,
      "B": 369
    },
    "final_group_cooperation_rates": {
      "A": 0.9358669833729216,
      "B": 0.948509485094851
    },
    "in_group_interaction_rate": 0.8918578750582433,
    "out_group_interaction_rate": 0.10814212494175673,
    "avg_in_group_trust": 0.6109149041460973,
    "avg_out_group_trust": 0.49294542494257887,
    "trust_asymmetry": 0.11796947920351841,
    "group_segregation_index": 0.8918578750582433,
    "total_mixing_events": 30,
    "mixing_event_success_rate": 1.0,
    "reputational_spillover_events": 0,
    "out_group_constraint_amplifications": 0,
    "group_extinction_events": 0
  },
  "interaction_metrics": {
    "total_interactions": 351972,
    "avg_interaction_processing_time": 0.0
  }
}