{
  "run_id": 203,
  "parameters": {
    "shock_interval_years": 5,
    "homophily_bias": 0.48882610990801584,
    "num_groups": 3,
    "out_group_trust_bias": 0.9165323593380784,
    "out_group_penalty": 1.1217079884507781,
    "intervention_interval": 20,
    "intervention_scale": 0.05111248651119031,
    "event_bonus": 2.0505741356763885,
    "base_trust_delta": 0.06992819964990406,
    "group_trust_bias": 1.3336588683360215,
    "resilience_profile": {
      "threshold": 0.1832119476522548,
      "noise": 0.12817256658750278
    },
    "turnover_rate": 0.039096267037741814,
    "social_diffusion": 0.011451072177811328,
    "max_rounds": 300,
    "initial_population": 200,
    "max_population": 800,
    "maslow_variation": 0.5,
    "constraint_threshold_range": [
      0.2,
      0.8
    ],
    "recovery_threshold": 0.15,
    "cooperation_bonus": 0.2,
    "trust_threshold": 0.6,
    "max_relationships_per_person": 150
  },
  "outcomes": {
    "final_cooperation_rate": 0.680503144654088,
    "behavioral_cooperation_rate": 0.05072102036581057,
    "final_constrained_rate": 0.31949685534591193,
    "final_population": 795,
    "extinction_occurred": false,
    "rounds_completed": 300,
    "first_cascade_round": null,
    "total_cascade_events": 0,
    "total_shock_events": 18,
    "total_defections": 585902,
    "total_redemptions": 5992,
    "net_strategy_change": 579910,
    "total_births": 924,
    "total_deaths": 327,
    "max_population_reached": 800,
    "population_stability": 0.007761577736324522,
    "population_growth": 4.0,
    "avg_system_stress": 2.7928118780450926,
    "max_system_stress": 5.6620888236818665,
    "avg_maslow_pressure": 0.1792367640043907,
    "avg_basic_needs_crisis_rate": 0.2729559748427673,
    "avg_trust_level": 0.42402906714247524,
    "cooperation_benefit_total": 0,
    "cooperation_resilience": 0.680503144654088
  },
  "maslow_hierarchy": {
    "initial_needs_avg": {
      "physiological": 5.105389820674114,
      "safety": 5.163616510894669,
      "love": 4.744275661568168,
      "esteem": 4.766882357623507,
      "self_actualization": 5.373966182146564
    },
    "final_needs_avg": {
      "physiological": 5.2698767062064436,
      "safety": 5.340213307016429,
      "love": 2.9587776300873854,
      "esteem": 0.38951918674678443,
      "self_actualization": 5.199144098557617
    },
    "needs_improvement": {
      "physiological": 0.16448688553232937,
      "safety": 0.1765967961217596,
      "love": -1.785498031480783,
      "esteem": -4.377363170876722,
      "self_actualization": -0.17482208358894713
    }
  },
  "inter_group_metrics": {
    "final_group_populations": {
      "C": 264,
      "A": 223,
      "B": 308
    },
    "final_group_cooperation_rates": {
      "C": 0.6893939393939394,
      "A": 0.6591928251121076,
      "B": 0.6883116883116883
    },
    "in_group_interaction_rate": 0.6604754079051428,
    "out_group_interaction_rate": 0.33952459209485725,
    "avg_in_group_trust": 0.43423062328078865,
    "avg_out_group_trust": 0.41382751100416176,
    "trust_asymmetry": 0.02040311227662689,
    "group_segregation_index": 0.6604754079051428,
    "total_mixing_events": 15,
    "mixing_event_success_rate": 1.0,
    "reputational_spillover_events": 0,
    "out_group_constraint_amplifications": 0,
    "group_extinction_events": 0
  },
  "interaction_metrics": {
    "total_interactions": 356578,
    "avg_interaction_processing_time": 0.0
  }
}