{
  "run_id": 345,
  "parameters": {
    "shock_interval_years": 10,
    "homophily_bias": 0.2562086148292953,
    "num_groups": 2,
    "out_group_trust_bias": 0.8828843652502957,
    "out_group_penalty": 1.3028252842957875,
    "intervention_interval": 25,
    "intervention_scale": 0.10090943259746239,
    "event_bonus": 1.6392388972551775,
    "base_trust_delta": 0.08040416434668299,
    "group_trust_bias": 1.571586210670019,
    "resilience_profile": {
      "threshold": 0.3627727267263334,
      "noise": 0.012072213549392185
    },
    "turnover_rate": 0.030554504169147297,
    "social_diffusion": 0.09761713828009924,
    "max_rounds": 300,
    "initial_population": 200,
    "max_population": 800,
    "maslow_variation": 0.5,
    "constraint_threshold_range": [
      0.2,
      0.8
    ],
    "recovery_threshold": 0.15,
    "cooperation_bonus": 0.2,
    "trust_threshold": 0.6,
    "max_relationships_per_person": 150
  },
  "outcomes": {
    "final_cooperation_rate": 0.9073842302878599,
    "behavioral_cooperation_rate": 0.19072281167108754,
    "final_constrained_rate": 0.09261576971214018,
    "final_population": 799,
    "extinction_occurred": false,
    "rounds_completed": 300,
    "first_cascade_round": null,
    "total_cascade_events": 0,
    "total_shock_events": 11,
    "total_defections": 382835,
    "total_redemptions": 2956,
    "net_strategy_change": 379879,
    "total_births": 856,
    "total_deaths": 257,
    "max_population_reached": 800,
    "population_stability": 0.0030895321668012983,
    "population_growth": 4.0,
    "avg_system_stress": 1.8069094370075875,
    "max_system_stress": 3.6243966621852697,
    "avg_maslow_pressure": 0.12413859475963558,
    "avg_basic_needs_crisis_rate": 0.28410513141426785,
    "avg_trust_level": 0.4803885595140648,
    "cooperation_benefit_total": 0,
    "cooperation_resilience": 0.9073842302878599
  },
  "maslow_hierarchy": {
    "initial_needs_avg": {
      "physiological": 5.035541152211253,
      "safety": 5.178211929662433,
      "love": 4.905539498775557,
      "esteem": 4.91824639821172,
      "self_actualization": 4.625287856681072
    },
    "final_needs_avg": {
      "physiological": 5.14137716553364,
      "safety": 5.467237738017918,
      "love": 8.952686954201559,
      "esteem": 0.8707782896406281,
      "self_actualization": 4.747915505385503
    },
    "needs_improvement": {
      "physiological": 0.10583601332238768,
      "safety": 0.2890258083554844,
      "love": 4.047147455426002,
      "esteem": -4.047468108571092,
      "self_actualization": 0.1226276487044311
    }
  },
  "inter_group_metrics": {
    "final_group_populations": {
      "B": 395,
      "A": 404
    },
    "final_group_cooperation_rates": {
      "B": 0.8962025316455696,
      "A": 0.9183168316831684
    },
    "in_group_interaction_rate": 0.6264257294429708,
    "out_group_interaction_rate": 0.3735742705570292,
    "avg_in_group_trust": 0.5298283437583996,
    "avg_out_group_trust": 0.43094877526972997,
    "trust_asymmetry": 0.09887956848866963,
    "group_segregation_index": 0.6264257294429708,
    "total_mixing_events": 12,
    "mixing_event_success_rate": 1.0,
    "reputational_spillover_events": 0,
    "out_group_constraint_amplifications": 0,
    "group_extinction_events": 0
  },
  "interaction_metrics": {
    "total_interactions": 301600,
    "avg_interaction_processing_time": 0.0
  }
}