{
  "run_id": 396,
  "parameters": {
    "shock_interval_years": 5,
    "homophily_bias": 0.2927206140156969,
    "num_groups": 3,
    "out_group_trust_bias": 0.9214906268426373,
    "out_group_penalty": 1.2184960459995184,
    "intervention_interval": 15,
    "intervention_scale": 0.12724822847813744,
    "event_bonus": 1.558067029917377,
    "base_trust_delta": 0.13148291486132158,
    "group_trust_bias": 1.2850312075344819,
    "resilience_profile": {
      "threshold": 0.334997793834823,
      "noise": 0.14389655755402544
    },
    "turnover_rate": 0.04822430074960173,
    "social_diffusion": 0.05694090412838178,
    "max_rounds": 300,
    "initial_population": 200,
    "max_population": 800,
    "maslow_variation": 0.5,
    "constraint_threshold_range": [
      0.2,
      0.8
    ],
    "recovery_threshold": 0.15,
    "cooperation_bonus": 0.2,
    "trust_threshold": 0.6,
    "max_relationships_per_person": 150
  },
  "outcomes": {
    "final_cooperation_rate": 0.2398989898989899,
    "behavioral_cooperation_rate": 0.03232261565594899,
    "final_constrained_rate": 0.76010101010101,
    "final_population": 792,
    "extinction_occurred": false,
    "rounds_completed": 300,
    "first_cascade_round": null,
    "total_cascade_events": 0,
    "total_shock_events": 19,
    "total_defections": 666179,
    "total_redemptions": 6398,
    "net_strategy_change": 659781,
    "total_births": 945,
    "total_deaths": 352,
    "max_population_reached": 800,
    "population_stability": 0.004041628251322764,
    "population_growth": 4.0,
    "avg_system_stress": 3.907533035407566,
    "max_system_stress": 6.582500916516142,
    "avg_maslow_pressure": 0.20769872444386187,
    "avg_basic_needs_crisis_rate": 0.35353535353535354,
    "avg_trust_level": 0.3028189155669664,
    "cooperation_benefit_total": 0,
    "cooperation_resilience": 0.2398989898989899
  },
  "maslow_hierarchy": {
    "initial_needs_avg": {
      "physiological": 4.823401719068894,
      "safety": 5.120606325048711,
      "love": 4.717953757242782,
      "esteem": 4.513835143206737,
      "self_actualization": 5.168590128652138
    },
    "final_needs_avg": {
      "physiological": 5.134704851059953,
      "safety": 4.929925887250869,
      "love": 1.4764715651907123,
      "esteem": 0.2973731180024352,
      "self_actualization": 5.308419077149234
    },
    "needs_improvement": {
      "physiological": 0.3113031319910595,
      "safety": -0.19068043779784194,
      "love": -3.2414821920520698,
      "esteem": -4.216462025204303,
      "self_actualization": 0.13982894849709648
    }
  },
  "inter_group_metrics": {
    "final_group_populations": {
      "A": 305,
      "B": 237,
      "C": 250
    },
    "final_group_cooperation_rates": {
      "A": 0.25901639344262295,
      "B": 0.21940928270042195,
      "C": 0.236
    },
    "in_group_interaction_rate": 0.5262358723897186,
    "out_group_interaction_rate": 0.47376412761028147,
    "avg_in_group_trust": 0.2804238930286476,
    "avg_out_group_trust": 0.3252139381052852,
    "trust_asymmetry": -0.044790045076637586,
    "group_segregation_index": 0.5262358723897186,
    "total_mixing_events": 20,
    "mixing_event_success_rate": 1.0,
    "reputational_spillover_events": 0,
    "out_group_constraint_amplifications": 0,
    "group_extinction_events": 0
  },
  "interaction_metrics": {
    "total_interactions": 383292,
    "avg_interaction_processing_time": 0.0
  }
}