{
  "run_id": 81,
  "parameters": {
    "shock_interval_years": 20,
    "homophily_bias": 0.0,
    "num_groups": 1,
    "out_group_trust_bias": 0.8213597198760644,
    "out_group_penalty": 1.3045755481266312,
    "intervention_interval": 0,
    "intervention_scale": 0.07199142313954406,
    "event_bonus": 1.508664827629746,
    "base_trust_delta": 0.1363585500680533,
    "group_trust_bias": 1.4122310783079353,
    "resilience_profile": {
      "threshold": 0.37288802758124595,
      "noise": 0.06318644040238405
    },
    "turnover_rate": 0.03234564522100819,
    "social_diffusion": 0.07147214068157816,
    "max_rounds": 300,
    "initial_population": 200,
    "max_population": 800,
    "maslow_variation": 0.5,
    "constraint_threshold_range": [
      0.2,
      0.8
    ],
    "recovery_threshold": 0.15,
    "cooperation_bonus": 0.2,
    "trust_threshold": 0.6,
    "max_relationships_per_person": 150
  },
  "outcomes": {
    "final_cooperation_rate": 0.9343434343434344,
    "behavioral_cooperation_rate": 0.48258929618424445,
    "final_constrained_rate": 0.06565656565656566,
    "final_population": 792,
    "extinction_occurred": false,
    "rounds_completed": 300,
    "first_cascade_round": null,
    "total_cascade_events": 0,
    "total_shock_events": 6,
    "total_defections": 223926,
    "total_redemptions": 2424,
    "net_strategy_change": 221502,
    "total_births": 892,
    "total_deaths": 298,
    "max_population_reached": 800,
    "population_stability": 0.00783035029964722,
    "population_growth": 4.0,
    "avg_system_stress": 0.27391071899637254,
    "max_system_stress": 1.0536254698931815,
    "avg_maslow_pressure": 0.08700640919060758,
    "avg_basic_needs_crisis_rate": 0.2840909090909091,
    "avg_trust_level": 0.7324219798862606,
    "cooperation_benefit_total": 0,
    "cooperation_resilience": 0.9343434343434344
  },
  "maslow_hierarchy": {
    "initial_needs_avg": {
      "physiological": 4.811204548176087,
      "safety": 4.807861310421053,
      "love": 4.776137863349504,
      "esteem": 4.944496783123754,
      "self_actualization": 5.048777932678885
    },
    "final_needs_avg": {
      "physiological": 5.350773349509577,
      "safety": 5.280526829735441,
      "love": 9.5814061286116,
      "esteem": 1.1234157587995308,
      "self_actualization": 5.68315488032043
    },
    "needs_improvement": {
      "physiological": 0.5395688013334903,
      "safety": 0.47266551931438805,
      "love": 4.805268265262097,
      "esteem": -3.8210810243242235,
      "self_actualization": 0.6343769476415453
    }
  },
  "inter_group_metrics": {
    "final_group_populations": {
      "A": 792
    },
    "final_group_cooperation_rates": {
      "A": 0.9343434343434344
    },
    "in_group_interaction_rate": 1.0,
    "out_group_interaction_rate": 0.0,
    "avg_in_group_trust": 0.7324219798862606,
    "avg_out_group_trust": 0.7324219798862606,
    "trust_asymmetry": 0.0,
    "group_segregation_index": 1.0,
    "total_mixing_events": 0,
    "mixing_event_success_rate": 0,
    "reputational_spillover_events": 0,
    "out_group_constraint_amplifications": 0,
    "group_extinction_events": 0
  },
  "interaction_metrics": {
    "total_interactions": 341112,
    "avg_interaction_processing_time": 0.0
  }
}