{
  "run_id": 28,
  "parameters": {
    "shock_interval_years": 20,
    "homophily_bias": 0.0,
    "num_groups": 1,
    "out_group_trust_bias": 0.8226062088200347,
    "out_group_penalty": 1.454114481239952,
    "intervention_interval": 0,
    "intervention_scale": 0.13677529906828934,
    "event_bonus": 2.1994623037740277,
    "base_trust_delta": 0.18883111992553514,
    "group_trust_bias": 1.810635673565301,
    "resilience_profile": {
      "threshold": 0.34402514546097157,
      "noise": 0.08544667466633751
    },
    "turnover_rate": 0.02302721190239101,
    "social_diffusion": 0.023772946494056382,
    "max_rounds": 300,
    "initial_population": 200,
    "max_population": 800,
    "maslow_variation": 0.5,
    "constraint_threshold_range": [
      0.2,
      0.8
    ],
    "recovery_threshold": 0.15,
    "cooperation_bonus": 0.2,
    "trust_threshold": 0.6,
    "max_relationships_per_person": 150
  },
  "outcomes": {
    "final_cooperation_rate": 0.0968208092485549,
    "behavioral_cooperation_rate": 0.5347003725000904,
    "final_constrained_rate": 0.903179190751445,
    "final_population": 692,
    "extinction_occurred": false,
    "rounds_completed": 300,
    "first_cascade_round": null,
    "total_cascade_events": 0,
    "total_shock_events": 5,
    "total_defections": 164860,
    "total_redemptions": 1510,
    "net_strategy_change": 163350,
    "total_births": 762,
    "total_deaths": 268,
    "max_population_reached": 747,
    "population_stability": 0.013748421177314382,
    "population_growth": 3.735,
    "avg_system_stress": 0.772548271302617,
    "max_system_stress": 1.751240659377179,
    "avg_maslow_pressure": 0.07007844043050612,
    "avg_basic_needs_crisis_rate": 0.20664739884393063,
    "avg_trust_level": 0.7844658060957675,
    "cooperation_benefit_total": 0,
    "cooperation_resilience": 0.0968208092485549
  },
  "maslow_hierarchy": {
    "initial_needs_avg": {
      "physiological": 5.069837395520177,
      "safety": 4.9917287913958335,
      "love": 4.984255408652292,
      "esteem": 5.0802647756215435,
      "self_actualization": 5.121551790055456
    },
    "final_needs_avg": {
      "physiological": 5.927625870548102,
      "safety": 5.463657178793337,
      "love": 8.14544961552038,
      "esteem": 1.5391738988120005,
      "self_actualization": 5.752679808066888
    },
    "needs_improvement": {
      "physiological": 0.8577884750279248,
      "safety": 0.47192838739750353,
      "love": 3.161194206868089,
      "esteem": -3.541090876809543,
      "self_actualization": 0.6311280180114318
    }
  },
  "inter_group_metrics": {
    "final_group_populations": {
      "A": 692
    },
    "final_group_cooperation_rates": {
      "A": 0.0968208092485549
    },
    "in_group_interaction_rate": 1.0,
    "out_group_interaction_rate": 0.0,
    "avg_in_group_trust": 0.7844658060957675,
    "avg_out_group_trust": 0.7844658060957675,
    "trust_asymmetry": 0.0,
    "group_segregation_index": 1.0,
    "total_mixing_events": 0,
    "mixing_event_success_rate": 0,
    "reputational_spillover_events": 0,
    "out_group_constraint_amplifications": 0,
    "group_extinction_events": 0
  },
  "interaction_metrics": {
    "total_interactions": 276510,
    "avg_interaction_processing_time": 0.0
  }
}