{
  "run_id": 493,
  "parameters": {
    "shock_interval_years": 2,
    "homophily_bias": 0.0,
    "num_groups": 1,
    "out_group_trust_bias": 0.9996718180545037,
    "out_group_penalty": 1.1763479348651504,
    "intervention_interval": 0,
    "intervention_scale": 0.12478566535799328,
    "event_bonus": 1.6344646449490594,
    "base_trust_delta": 0.07910119232634534,
    "group_trust_bias": 1.3959069017648975,
    "resilience_profile": {
      "threshold": 0.37030782562707143,
      "noise": 0.018253391488600595
    },
    "turnover_rate": 0.03838296827721374,
    "social_diffusion": 0.0307144066119609,
    "max_rounds": 300,
    "initial_population": 200,
    "max_population": 800,
    "maslow_variation": 0.5,
    "constraint_threshold_range": [
      0.2,
      0.8
    ],
    "recovery_threshold": 0.15,
    "cooperation_bonus": 0.2,
    "trust_threshold": 0.6,
    "max_relationships_per_person": 150
  },
  "outcomes": {
    "final_cooperation_rate": 0.2672521957340025,
    "behavioral_cooperation_rate": 0.19295320269402766,
    "final_constrained_rate": 0.7327478042659975,
    "final_population": 797,
    "extinction_occurred": false,
    "rounds_completed": 300,
    "first_cascade_round": null,
    "total_cascade_events": 0,
    "total_shock_events": 33,
    "total_defections": 426342,
    "total_redemptions": 5581,
    "net_strategy_change": 420761,
    "total_births": 929,
    "total_deaths": 331,
    "max_population_reached": 800,
    "population_stability": 0.003273480742847361,
    "population_growth": 4.0,
    "avg_system_stress": 6.492013210817822,
    "max_system_stress": 11.237338896686788,
    "avg_maslow_pressure": 0.14442329717012187,
    "avg_basic_needs_crisis_rate": 0.3161856963613551,
    "avg_trust_level": 0.5845921931801039,
    "cooperation_benefit_total": 0,
    "cooperation_resilience": 0.2672521957340025
  },
  "maslow_hierarchy": {
    "initial_needs_avg": {
      "physiological": 4.679523627400868,
      "safety": 4.696857291232625,
      "love": 4.759663816437668,
      "esteem": 4.767749028884566,
      "self_actualization": 5.320317781854958
    },
    "final_needs_avg": {
      "physiological": 4.9988500581206665,
      "safety": 5.051651522602125,
      "love": 6.311979520429624,
      "esteem": 0.23224563182231003,
      "self_actualization": 5.344527933577497
    },
    "needs_improvement": {
      "physiological": 0.3193264307197987,
      "safety": 0.3547942313694996,
      "love": 1.5523157039919555,
      "esteem": -4.535503397062256,
      "self_actualization": 0.024210151722539486
    }
  },
  "inter_group_metrics": {
    "final_group_populations": {
      "A": 797
    },
    "final_group_cooperation_rates": {
      "A": 0.2672521957340025
    },
    "in_group_interaction_rate": 1.0,
    "out_group_interaction_rate": 0.0,
    "avg_in_group_trust": 0.5845921931801039,
    "avg_out_group_trust": 0.5845921931801039,
    "trust_asymmetry": 0.0,
    "group_segregation_index": 1.0,
    "total_mixing_events": 0,
    "mixing_event_success_rate": 0,
    "reputational_spillover_events": 0,
    "out_group_constraint_amplifications": 0,
    "group_extinction_events": 0
  },
  "interaction_metrics": {
    "total_interactions": 367628,
    "avg_interaction_processing_time": 0.0
  }
}