{
  "run_id": 334,
  "parameters": {
    "shock_interval_years": 10,
    "homophily_bias": 0.0,
    "num_groups": 1,
    "out_group_trust_bias": 0.8313610094284806,
    "out_group_penalty": 1.156975509907473,
    "intervention_interval": 0,
    "intervention_scale": 0.27942491542093634,
    "event_bonus": 2.390065354617835,
    "base_trust_delta": 0.11679343161957842,
    "group_trust_bias": 1.2077322414534595,
    "resilience_profile": {
      "threshold": 0.38399577157388154,
      "noise": 0.034780074901492555
    },
    "turnover_rate": 0.02305697641328596,
    "social_diffusion": 0.0043782866893391946,
    "max_rounds": 300,
    "initial_population": 200,
    "max_population": 800,
    "maslow_variation": 0.5,
    "constraint_threshold_range": [
      0.2,
      0.8
    ],
    "recovery_threshold": 0.15,
    "cooperation_bonus": 0.2,
    "trust_threshold": 0.6,
    "max_relationships_per_person": 150
  },
  "outcomes": {
    "final_cooperation_rate": 1.0,
    "behavioral_cooperation_rate": 0.436518851935206,
    "final_constrained_rate": 0.0,
    "final_population": 759,
    "extinction_occurred": false,
    "rounds_completed": 300,
    "first_cascade_round": null,
    "total_cascade_events": 0,
    "total_shock_events": 10,
    "total_defections": 212296,
    "total_redemptions": 2472,
    "net_strategy_change": 209824,
    "total_births": 824,
    "total_deaths": 264,
    "max_population_reached": 783,
    "population_stability": 0.01925919625003227,
    "population_growth": 3.915,
    "avg_system_stress": 1.883081147477351,
    "max_system_stress": 3.128850435437549,
    "avg_maslow_pressure": 0.09906264678577786,
    "avg_basic_needs_crisis_rate": 0.29907773386034253,
    "avg_trust_level": 0.6628712560584196,
    "cooperation_benefit_total": 0,
    "cooperation_resilience": 1.0
  },
  "maslow_hierarchy": {
    "initial_needs_avg": {
      "physiological": 5.018577212367618,
      "safety": 5.036283731334745,
      "love": 4.749664071338291,
      "esteem": 4.737927161315145,
      "self_actualization": 4.873359240503718
    },
    "final_needs_avg": {
      "physiological": 5.465679124898542,
      "safety": 5.122310989445977,
      "love": 9.984171692161281,
      "esteem": 0.9028502005917076,
      "self_actualization": 5.20164752232958
    },
    "needs_improvement": {
      "physiological": 0.4471019125309237,
      "safety": 0.08602725811123246,
      "love": 5.23450762082299,
      "esteem": -3.8350769607234376,
      "self_actualization": 0.3282882818258619
    }
  },
  "inter_group_metrics": {
    "final_group_populations": {
      "A": 759
    },
    "final_group_cooperation_rates": {
      "A": 1.0
    },
    "in_group_interaction_rate": 1.0,
    "out_group_interaction_rate": 0.0,
    "avg_in_group_trust": 0.6628712560584196,
    "avg_out_group_trust": 0.6628712560584196,
    "trust_asymmetry": 0.0,
    "group_segregation_index": 1.0,
    "total_mixing_events": 0,
    "mixing_event_success_rate": 0,
    "reputational_spillover_events": 0,
    "out_group_constraint_amplifications": 0,
    "group_extinction_events": 0
  },
  "interaction_metrics": {
    "total_interactions": 287928,
    "avg_interaction_processing_time": 0.0
  }
}