{
  "run_id": 17,
  "parameters": {
    "shock_interval_years": 20,
    "homophily_bias": 0.5909415887591203,
    "num_groups": 3,
    "out_group_trust_bias": 1.0829200714431928,
    "out_group_penalty": 1.2722366721139708,
    "intervention_interval": 25,
    "intervention_scale": 0.23360976424608493,
    "event_bonus": 1.6411570056812594,
    "base_trust_delta": 0.07186770227362763,
    "group_trust_bias": 1.5898927774441223,
    "resilience_profile": {
      "threshold": 0.23218262310783014,
      "noise": 0.08378970519724607
    },
    "turnover_rate": 0.03904003687549254,
    "social_diffusion": 0.09352589919201995,
    "max_rounds": 300,
    "initial_population": 200,
    "max_population": 800,
    "maslow_variation": 0.5,
    "constraint_threshold_range": [
      0.2,
      0.8
    ],
    "recovery_threshold": 0.15,
    "cooperation_bonus": 0.2,
    "trust_threshold": 0.6,
    "max_relationships_per_person": 150
  },
  "outcomes": {
    "final_cooperation_rate": 0.9166666666666666,
    "behavioral_cooperation_rate": 0.23635630727718454,
    "final_constrained_rate": 0.08333333333333333,
    "final_population": 792,
    "extinction_occurred": false,
    "rounds_completed": 300,
    "first_cascade_round": null,
    "total_cascade_events": 0,
    "total_shock_events": 8,
    "total_defections": 426616,
    "total_redemptions": 3527,
    "net_strategy_change": 423089,
    "total_births": 920,
    "total_deaths": 325,
    "max_population_reached": 800,
    "population_stability": 0.004312330548152713,
    "population_growth": 4.0,
    "avg_system_stress": 0.9240796622276293,
    "max_system_stress": 2.1779844752398514,
    "avg_maslow_pressure": 0.09654730898286824,
    "avg_basic_needs_crisis_rate": 0.24494949494949494,
    "avg_trust_level": 0.514050113083595,
    "cooperation_benefit_total": 0,
    "cooperation_resilience": 0.9166666666666666
  },
  "maslow_hierarchy": {
    "initial_needs_avg": {
      "physiological": 5.226219870307303,
      "safety": 5.461309994725384,
      "love": 5.188956997469967,
      "esteem": 4.7671888859899845,
      "self_actualization": 4.6486530954586645
    },
    "final_needs_avg": {
      "physiological": 5.513756870727249,
      "safety": 5.669630648937879,
      "love": 9.04107318427433,
      "esteem": 1.1668510366030105,
      "self_actualization": 5.20895037113877
    },
    "needs_improvement": {
      "physiological": 0.28753700041994623,
      "safety": 0.20832065421249535,
      "love": 3.8521161868043627,
      "esteem": -3.6003378493869738,
      "self_actualization": 0.5602972756801057
    }
  },
  "inter_group_metrics": {
    "final_group_populations": {
      "C": 282,
      "B": 272,
      "A": 238
    },
    "final_group_cooperation_rates": {
      "C": 0.9042553191489362,
      "B": 0.9411764705882353,
      "A": 0.9033613445378151
    },
    "in_group_interaction_rate": 0.7258345810230508,
    "out_group_interaction_rate": 0.2741654189769493,
    "avg_in_group_trust": 0.547519632721521,
    "avg_out_group_trust": 0.48058059344566906,
    "trust_asymmetry": 0.06693903927585199,
    "group_segregation_index": 0.7258345810230508,
    "total_mixing_events": 12,
    "mixing_event_success_rate": 1.0,
    "reputational_spillover_events": 0,
    "out_group_constraint_amplifications": 0,
    "group_extinction_events": 0
  },
  "interaction_metrics": {
    "total_interactions": 364674,
    "avg_interaction_processing_time": 0.0
  }
}