{
  "run_id": 73,
  "parameters": {
    "shock_interval_years": 10,
    "homophily_bias": 0.1270392624423635,
    "num_groups": 2,
    "out_group_trust_bias": 1.1665104928669936,
    "out_group_penalty": 1.2056140921712506,
    "intervention_interval": 25,
    "intervention_scale": 0.2817371860586998,
    "event_bonus": 2.1425316652840376,
    "base_trust_delta": 0.13984495624006577,
    "group_trust_bias": 1.2801613355742585,
    "resilience_profile": {
      "threshold": 0.11731846865120803,
      "noise": 0.14743896809649196
    },
    "turnover_rate": 0.028306931422525626,
    "social_diffusion": 0.0684436827647288,
    "max_rounds": 300,
    "initial_population": 200,
    "max_population": 800,
    "maslow_variation": 0.5,
    "constraint_threshold_range": [
      0.2,
      0.8
    ],
    "recovery_threshold": 0.15,
    "cooperation_bonus": 0.2,
    "trust_threshold": 0.6,
    "max_relationships_per_person": 150
  },
  "outcomes": {
    "final_cooperation_rate": 0.4007537688442211,
    "behavioral_cooperation_rate": 0.013114419482822407,
    "final_constrained_rate": 0.5992462311557789,
    "final_population": 796,
    "extinction_occurred": false,
    "rounds_completed": 300,
    "first_cascade_round": null,
    "total_cascade_events": 0,
    "total_shock_events": 5,
    "total_defections": 552619,
    "total_redemptions": 4073,
    "net_strategy_change": 548546,
    "total_births": 870,
    "total_deaths": 274,
    "max_population_reached": 800,
    "population_stability": 0.017515131655777304,
    "population_growth": 4.0,
    "avg_system_stress": 0.322430431697461,
    "max_system_stress": 0.8299781539458179,
    "avg_maslow_pressure": 0.21412352770431778,
    "avg_basic_needs_crisis_rate": 0.33040201005025127,
    "avg_trust_level": 0.21111496199343033,
    "cooperation_benefit_total": 0,
    "cooperation_resilience": 0.4007537688442211
  },
  "maslow_hierarchy": {
    "initial_needs_avg": {
      "physiological": 5.110423658398268,
      "safety": 5.020448427481713,
      "love": 4.79776445656145,
      "esteem": 4.8558817306742705,
      "self_actualization": 4.804964565121319
    },
    "final_needs_avg": {
      "physiological": 4.940143158806433,
      "safety": 4.831908786845561,
      "love": 1.7898097624864702,
      "esteem": 0.7780468724000376,
      "self_actualization": 5.053356472795397
    },
    "needs_improvement": {
      "physiological": -0.17028049959183544,
      "safety": -0.18853964063615258,
      "love": -3.0079546940749795,
      "esteem": -4.077834858274233,
      "self_actualization": 0.24839190767407793
    }
  },
  "inter_group_metrics": {
    "final_group_populations": {
      "B": 358,
      "A": 438
    },
    "final_group_cooperation_rates": {
      "B": 0.36033519553072624,
      "A": 0.4337899543378995
    },
    "in_group_interaction_rate": 0.5657347519359077,
    "out_group_interaction_rate": 0.4342652480640923,
    "avg_in_group_trust": 0.2115827323258007,
    "avg_out_group_trust": 0.21064719166106,
    "trust_asymmetry": 0.0009355406647406916,
    "group_segregation_index": 0.5657347519359077,
    "total_mixing_events": 12,
    "mixing_event_success_rate": 1.0,
    "reputational_spillover_events": 0,
    "out_group_constraint_amplifications": 0,
    "group_extinction_events": 0
  },
  "interaction_metrics": {
    "total_interactions": 313548,
    "avg_interaction_processing_time": 0.0
  }
}