{
  "run_id": 290,
  "parameters": {
    "shock_interval_years": 2,
    "homophily_bias": 0.0,
    "num_groups": 1,
    "out_group_trust_bias": 1.0251021994678449,
    "out_group_penalty": 1.1322531225173027,
    "intervention_interval": 0,
    "intervention_scale": 0.13862053420592935,
    "event_bonus": 1.7682015070294228,
    "base_trust_delta": 0.06884833227942311,
    "group_trust_bias": 1.2044141532797343,
    "resilience_profile": {
      "threshold": 0.16620541058837948,
      "noise": 0.007474073342062509
    },
    "turnover_rate": 0.03476870182325692,
    "social_diffusion": 0.09690872176969101,
    "max_rounds": 300,
    "initial_population": 200,
    "max_population": 800,
    "maslow_variation": 0.5,
    "constraint_threshold_range": [
      0.2,
      0.8
    ],
    "recovery_threshold": 0.15,
    "cooperation_bonus": 0.2,
    "trust_threshold": 0.6,
    "max_relationships_per_person": 150
  },
  "outcomes": {
    "final_cooperation_rate": 0.1712846347607053,
    "behavioral_cooperation_rate": 0.2410488122133224,
    "final_constrained_rate": 0.8287153652392947,
    "final_population": 794,
    "extinction_occurred": false,
    "rounds_completed": 300,
    "first_cascade_round": null,
    "total_cascade_events": 0,
    "total_shock_events": 30,
    "total_defections": 377410,
    "total_redemptions": 5036,
    "net_strategy_change": 372374,
    "total_births": 908,
    "total_deaths": 309,
    "max_population_reached": 800,
    "population_stability": 0.0029530934157849385,
    "population_growth": 4.0,
    "avg_system_stress": 6.30033616371654,
    "max_system_stress": 9.8222068670756,
    "avg_maslow_pressure": 0.1353856621476935,
    "avg_basic_needs_crisis_rate": 0.27329974811083124,
    "avg_trust_level": 0.5661745303327065,
    "cooperation_benefit_total": 0,
    "cooperation_resilience": 0.1712846347607053
  },
  "maslow_hierarchy": {
    "initial_needs_avg": {
      "physiological": 5.1592512410924805,
      "safety": 5.1027476265088385,
      "love": 5.406725232657153,
      "esteem": 4.95319941945821,
      "self_actualization": 4.933909607101808
    },
    "final_needs_avg": {
      "physiological": 5.35256619672852,
      "safety": 5.340930949529821,
      "love": 6.249570256916595,
      "esteem": 0.24501325772491997,
      "self_actualization": 5.158568044149083
    },
    "needs_improvement": {
      "physiological": 0.19331495563603962,
      "safety": 0.23818332302098266,
      "love": 0.8428450242594421,
      "esteem": -4.70818616173329,
      "self_actualization": 0.2246584370472755
    }
  },
  "inter_group_metrics": {
    "final_group_populations": {
      "A": 794
    },
    "final_group_cooperation_rates": {
      "A": 0.1712846347607053
    },
    "in_group_interaction_rate": 1.0,
    "out_group_interaction_rate": 0.0,
    "avg_in_group_trust": 0.5661745303327065,
    "avg_out_group_trust": 0.5661745303327065,
    "trust_asymmetry": 0.0,
    "group_segregation_index": 1.0,
    "total_mixing_events": 0,
    "mixing_event_success_rate": 0,
    "reputational_spillover_events": 0,
    "out_group_constraint_amplifications": 0,
    "group_extinction_events": 0
  },
  "interaction_metrics": {
    "total_interactions": 350568,
    "avg_interaction_processing_time": 0.0
  }
}