{
  "run_id": 282,
  "parameters": {
    "shock_interval_years": 20,
    "homophily_bias": 0.0,
    "num_groups": 1,
    "out_group_trust_bias": 0.8812832827006363,
    "out_group_penalty": 1.496324810040591,
    "intervention_interval": 0,
    "intervention_scale": 0.23882338686383242,
    "event_bonus": 1.5310945549127564,
    "base_trust_delta": 0.09007523352904306,
    "group_trust_bias": 1.9640820039428615,
    "resilience_profile": {
      "threshold": 0.2218054475704536,
      "noise": 0.11387773318337933
    },
    "turnover_rate": 0.032141394137364235,
    "social_diffusion": 0.00990879907891975,
    "max_rounds": 300,
    "initial_population": 200,
    "max_population": 800,
    "maslow_variation": 0.5,
    "constraint_threshold_range": [
      0.2,
      0.8
    ],
    "recovery_threshold": 0.15,
    "cooperation_bonus": 0.2,
    "trust_threshold": 0.6,
    "max_relationships_per_person": 150
  },
  "outcomes": {
    "final_cooperation_rate": 0.9860583016476553,
    "behavioral_cooperation_rate": 0.5667844882238251,
    "final_constrained_rate": 0.01394169835234474,
    "final_population": 789,
    "extinction_occurred": false,
    "rounds_completed": 300,
    "first_cascade_round": null,
    "total_cascade_events": 0,
    "total_shock_events": 3,
    "total_defections": 178466,
    "total_redemptions": 1627,
    "net_strategy_change": 176839,
    "total_births": 884,
    "total_deaths": 294,
    "max_population_reached": 800,
    "population_stability": 0.007543142304940383,
    "population_growth": 4.0,
    "avg_system_stress": 0.1398026151884792,
    "max_system_stress": 0.8235000274584602,
    "avg_maslow_pressure": 0.0660053399214787,
    "avg_basic_needs_crisis_rate": 0.22813688212927757,
    "avg_trust_level": 0.7212757356581161,
    "cooperation_benefit_total": 0,
    "cooperation_resilience": 0.9860583016476553
  },
  "maslow_hierarchy": {
    "initial_needs_avg": {
      "physiological": 4.983434474989503,
      "safety": 4.824599429922492,
      "love": 5.227935959719554,
      "esteem": 4.657946003921769,
      "self_actualization": 4.836007508174372
    },
    "final_needs_avg": {
      "physiological": 5.6931842496637195,
      "safety": 5.553554331843728,
      "love": 9.878101977136303,
      "esteem": 2.2043960015169164,
      "self_actualization": 5.530155315448695
    },
    "needs_improvement": {
      "physiological": 0.7097497746742167,
      "safety": 0.7289549019212354,
      "love": 4.650166017416749,
      "esteem": -2.453550002404852,
      "self_actualization": 0.694147807274323
    }
  },
  "inter_group_metrics": {
    "final_group_populations": {
      "A": 789
    },
    "final_group_cooperation_rates": {
      "A": 0.9860583016476553
    },
    "in_group_interaction_rate": 1.0,
    "out_group_interaction_rate": 0.0,
    "avg_in_group_trust": 0.7212757356581161,
    "avg_out_group_trust": 0.7212757356581161,
    "trust_asymmetry": 0.0,
    "group_segregation_index": 1.0,
    "total_mixing_events": 0,
    "mixing_event_success_rate": 0,
    "reputational_spillover_events": 0,
    "out_group_constraint_amplifications": 0,
    "group_extinction_events": 0
  },
  "interaction_metrics": {
    "total_interactions": 334404,
    "avg_interaction_processing_time": 0.0
  }
}