{
  "run_id": 331,
  "parameters": {
    "shock_interval_years": 20,
    "homophily_bias": 0.18348058264694497,
    "num_groups": 3,
    "out_group_trust_bias": 1.0539480817806401,
    "out_group_penalty": 1.302208604425363,
    "intervention_interval": 25,
    "intervention_scale": 0.1844587984288782,
    "event_bonus": 2.2997950164862444,
    "base_trust_delta": 0.07397294779116007,
    "group_trust_bias": 1.3957428310391953,
    "resilience_profile": {
      "threshold": 0.33544934980323027,
      "noise": 0.09222168802871224
    },
    "turnover_rate": 0.02206120097943124,
    "social_diffusion": 0.015658837467961352,
    "max_rounds": 300,
    "initial_population": 200,
    "max_population": 800,
    "maslow_variation": 0.5,
    "constraint_threshold_range": [
      0.2,
      0.8
    ],
    "recovery_threshold": 0.15,
    "cooperation_bonus": 0.2,
    "trust_threshold": 0.6,
    "max_relationships_per_person": 150
  },
  "outcomes": {
    "final_cooperation_rate": 0.7003058103975535,
    "behavioral_cooperation_rate": 0.14493942305439036,
    "final_constrained_rate": 0.2996941896024465,
    "final_population": 654,
    "extinction_occurred": false,
    "rounds_completed": 300,
    "first_cascade_round": null,
    "total_cascade_events": 0,
    "total_shock_events": 4,
    "total_defections": 339179,
    "total_redemptions": 2252,
    "net_strategy_change": 336927,
    "total_births": 709,
    "total_deaths": 253,
    "max_population_reached": 691,
    "population_stability": 0.013042680741331693,
    "population_growth": 3.455,
    "avg_system_stress": 0.14765417723109076,
    "max_system_stress": 0.6900428305384113,
    "avg_maslow_pressure": 0.1562607231653468,
    "avg_basic_needs_crisis_rate": 0.36850152905198774,
    "avg_trust_level": 0.4050915908529471,
    "cooperation_benefit_total": 0,
    "cooperation_resilience": 0.7003058103975535
  },
  "maslow_hierarchy": {
    "initial_needs_avg": {
      "physiological": 4.7292076029489545,
      "safety": 4.918417616400925,
      "love": 4.887129498645456,
      "esteem": 4.9886459695841445,
      "self_actualization": 4.682353920217636
    },
    "final_needs_avg": {
      "physiological": 4.979010395800907,
      "safety": 5.091207196956014,
      "love": 6.447355518296546,
      "esteem": 1.5298935318221663,
      "self_actualization": 4.620362774476728
    },
    "needs_improvement": {
      "physiological": 0.24980279285195284,
      "safety": 0.1727895805550892,
      "love": 1.5602260196510898,
      "esteem": -3.4587524377619783,
      "self_actualization": -0.06199114574090814
    }
  },
  "inter_group_metrics": {
    "final_group_populations": {
      "C": 256,
      "A": 197,
      "B": 201
    },
    "final_group_cooperation_rates": {
      "C": 0.75,
      "A": 0.6700507614213198,
      "B": 0.6666666666666666
    },
    "in_group_interaction_rate": 0.4554870761371359,
    "out_group_interaction_rate": 0.5445129238628641,
    "avg_in_group_trust": 0.41258534015988646,
    "avg_out_group_trust": 0.39759784154600775,
    "trust_asymmetry": 0.014987498613878714,
    "group_segregation_index": 0.4554870761371359,
    "total_mixing_events": 12,
    "mixing_event_success_rate": 1.0,
    "reputational_spillover_events": 0,
    "out_group_constraint_amplifications": 0,
    "group_extinction_events": 0
  },
  "interaction_metrics": {
    "total_interactions": 256038,
    "avg_interaction_processing_time": 0.0
  }
}