{
  "run_id": 356,
  "parameters": {
    "shock_interval_years": 5,
    "homophily_bias": 0.0,
    "num_groups": 1,
    "out_group_trust_bias": 0.9562951964272985,
    "out_group_penalty": 1.3466065478513665,
    "intervention_interval": 0,
    "intervention_scale": 0.0742873656012064,
    "event_bonus": 1.895490568769735,
    "base_trust_delta": 0.13457607705154653,
    "group_trust_bias": 1.804144948549071,
    "resilience_profile": {
      "threshold": 0.3455605404250449,
      "noise": 0.14500502483230565
    },
    "turnover_rate": 0.032620312371550976,
    "social_diffusion": 0.04185752677511798,
    "max_rounds": 300,
    "initial_population": 200,
    "max_population": 800,
    "maslow_variation": 0.5,
    "constraint_threshold_range": [
      0.2,
      0.8
    ],
    "recovery_threshold": 0.15,
    "cooperation_bonus": 0.2,
    "trust_threshold": 0.6,
    "max_relationships_per_person": 150
  },
  "outcomes": {
    "final_cooperation_rate": 0.25410872313527183,
    "behavioral_cooperation_rate": 0.21442934930739366,
    "final_constrained_rate": 0.7458912768647282,
    "final_population": 791,
    "extinction_occurred": false,
    "rounds_completed": 300,
    "first_cascade_round": null,
    "total_cascade_events": 0,
    "total_shock_events": 20,
    "total_defections": 365905,
    "total_redemptions": 4603,
    "net_strategy_change": 361302,
    "total_births": 881,
    "total_deaths": 285,
    "max_population_reached": 800,
    "population_stability": 0.0030146999883355345,
    "population_growth": 4.0,
    "avg_system_stress": 3.2440007309151944,
    "max_system_stress": 8.875943683476498,
    "avg_maslow_pressure": 0.14661211482494224,
    "avg_basic_needs_crisis_rate": 0.3059418457648546,
    "avg_trust_level": 0.6363580643917012,
    "cooperation_benefit_total": 0,
    "cooperation_resilience": 0.25410872313527183
  },
  "maslow_hierarchy": {
    "initial_needs_avg": {
      "physiological": 4.975323224879492,
      "safety": 4.843182613717534,
      "love": 5.162756193740081,
      "esteem": 5.094537088277857,
      "self_actualization": 5.17539359960579
    },
    "final_needs_avg": {
      "physiological": 5.114300792062879,
      "safety": 5.059171805722282,
      "love": 6.022276880803081,
      "esteem": 0.26338273845801224,
      "self_actualization": 5.279217092016893
    },
    "needs_improvement": {
      "physiological": 0.13897756718338705,
      "safety": 0.21598919200474764,
      "love": 0.8595206870630001,
      "esteem": -4.831154349819845,
      "self_actualization": 0.10382349241110322
    }
  },
  "inter_group_metrics": {
    "final_group_populations": {
      "A": 791
    },
    "final_group_cooperation_rates": {
      "A": 0.25410872313527183
    },
    "in_group_interaction_rate": 1.0,
    "out_group_interaction_rate": 0.0,
    "avg_in_group_trust": 0.6363580643917012,
    "avg_out_group_trust": 0.6363580643917012,
    "trust_asymmetry": 0.0,
    "group_segregation_index": 1.0,
    "total_mixing_events": 0,
    "mixing_event_success_rate": 0,
    "reputational_spillover_events": 0,
    "out_group_constraint_amplifications": 0,
    "group_extinction_events": 0
  },
  "interaction_metrics": {
    "total_interactions": 330202,
    "avg_interaction_processing_time": 0.0
  }
}