{
  "run_id": 489,
  "parameters": {
    "shock_interval_years": 2,
    "homophily_bias": 0.0,
    "num_groups": 1,
    "out_group_trust_bias": 1.1951765001973897,
    "out_group_penalty": 1.257796961695433,
    "intervention_interval": 0,
    "intervention_scale": 0.2526298212192681,
    "event_bonus": 1.5140657071347072,
    "base_trust_delta": 0.18485989251330665,
    "group_trust_bias": 1.6052621102841753,
    "resilience_profile": {
      "threshold": 0.10128595770529653,
      "noise": 0.04336176597963227
    },
    "turnover_rate": 0.042323980667783076,
    "social_diffusion": 0.0968772171923939,
    "max_rounds": 300,
    "initial_population": 200,
    "max_population": 800,
    "maslow_variation": 0.5,
    "constraint_threshold_range": [
      0.2,
      0.8
    ],
    "recovery_threshold": 0.15,
    "cooperation_bonus": 0.2,
    "trust_threshold": 0.6,
    "max_relationships_per_person": 150
  },
  "outcomes": {
    "final_cooperation_rate": 0.17743979721166034,
    "behavioral_cooperation_rate": 0.13873522622099765,
    "final_constrained_rate": 0.8225602027883396,
    "final_population": 789,
    "extinction_occurred": false,
    "rounds_completed": 300,
    "first_cascade_round": null,
    "total_cascade_events": 0,
    "total_shock_events": 44,
    "total_defections": 482937,
    "total_redemptions": 6129,
    "net_strategy_change": 476808,
    "total_births": 927,
    "total_deaths": 333,
    "max_population_reached": 800,
    "population_stability": 0.0033557287796938066,
    "population_growth": 4.0,
    "avg_system_stress": 8.589787891972835,
    "max_system_stress": 16.727766528810246,
    "avg_maslow_pressure": 0.14906178311987298,
    "avg_basic_needs_crisis_rate": 0.2889733840304182,
    "avg_trust_level": 0.6241795051318405,
    "cooperation_benefit_total": 0,
    "cooperation_resilience": 0.17743979721166034
  },
  "maslow_hierarchy": {
    "initial_needs_avg": {
      "physiological": 5.328251206593443,
      "safety": 4.962387384321944,
      "love": 5.07610495346564,
      "esteem": 4.949721846614075,
      "self_actualization": 5.22051503595826
    },
    "final_needs_avg": {
      "physiological": 5.684232692793911,
      "safety": 4.956900466097153,
      "love": 4.081742329453375,
      "esteem": 0.17599583734938018,
      "self_actualization": 5.494025227268345
    },
    "needs_improvement": {
      "physiological": 0.3559814862004682,
      "safety": -0.005486918224790749,
      "love": -0.9943626240122647,
      "esteem": -4.773726009264695,
      "self_actualization": 0.273510191310085
    }
  },
  "inter_group_metrics": {
    "final_group_populations": {
      "A": 789
    },
    "final_group_cooperation_rates": {
      "A": 0.17743979721166034
    },
    "in_group_interaction_rate": 1.0,
    "out_group_interaction_rate": 0.0,
    "avg_in_group_trust": 0.6241795051318405,
    "avg_out_group_trust": 0.6241795051318405,
    "trust_asymmetry": 0.0,
    "group_segregation_index": 1.0,
    "total_mixing_events": 0,
    "mixing_event_success_rate": 0,
    "reputational_spillover_events": 0,
    "out_group_constraint_amplifications": 0,
    "group_extinction_events": 0
  },
  "interaction_metrics": {
    "total_interactions": 376004,
    "avg_interaction_processing_time": 0.0
  }
}