{
  "run_id": 59,
  "parameters": {
    "shock_interval_years": 10,
    "homophily_bias": 0.7686929608279951,
    "num_groups": 3,
    "out_group_trust_bias": 1.0581073869484827,
    "out_group_penalty": 1.2476949524891463,
    "intervention_interval": 15,
    "intervention_scale": 0.2883747125255348,
    "event_bonus": 2.189388978752837,
    "base_trust_delta": 0.05814418524541289,
    "group_trust_bias": 1.4792262414906332,
    "resilience_profile": {
      "threshold": 0.17095211822920936,
      "noise": 0.14628697300662513
    },
    "turnover_rate": 0.04241741757079952,
    "social_diffusion": 0.09910317407473083,
    "max_rounds": 300,
    "initial_population": 200,
    "max_population": 800,
    "maslow_variation": 0.5,
    "constraint_threshold_range": [
      0.2,
      0.8
    ],
    "recovery_threshold": 0.15,
    "cooperation_bonus": 0.2,
    "trust_threshold": 0.6,
    "max_relationships_per_person": 150
  },
  "outcomes": {
    "final_cooperation_rate": 0.2361111111111111,
    "behavioral_cooperation_rate": 0.3878705774179683,
    "final_constrained_rate": 0.7638888888888888,
    "final_population": 792,
    "extinction_occurred": false,
    "rounds_completed": 300,
    "first_cascade_round": null,
    "total_cascade_events": 0,
    "total_shock_events": 6,
    "total_defections": 323747,
    "total_redemptions": 3452,
    "net_strategy_change": 320295,
    "total_births": 917,
    "total_deaths": 321,
    "max_population_reached": 800,
    "population_stability": 0.004341492461607064,
    "population_growth": 4.0,
    "avg_system_stress": 0.27778689744938967,
    "max_system_stress": 0.9266557778219237,
    "avg_maslow_pressure": 0.08069681793045352,
    "avg_basic_needs_crisis_rate": 0.24116161616161616,
    "avg_trust_level": 0.6199659509341522,
    "cooperation_benefit_total": 0,
    "cooperation_resilience": 0.2361111111111111
  },
  "maslow_hierarchy": {
    "initial_needs_avg": {
      "physiological": 4.849448932972728,
      "safety": 5.216036438819814,
      "love": 4.7130310619301055,
      "esteem": 4.591101727910237,
      "self_actualization": 5.075071050698652
    },
    "final_needs_avg": {
      "physiological": 5.503770258794213,
      "safety": 5.763850702322895,
      "love": 7.969804281968001,
      "esteem": 1.624951690979847,
      "self_actualization": 5.706872091513521
    },
    "needs_improvement": {
      "physiological": 0.6543213258214848,
      "safety": 0.5478142635030805,
      "love": 3.2567732200378954,
      "esteem": -2.96615003693039,
      "self_actualization": 0.6318010408148691
    }
  },
  "inter_group_metrics": {
    "final_group_populations": {
      "B": 213,
      "C": 268,
      "A": 311
    },
    "final_group_cooperation_rates": {
      "B": 0.19248826291079812,
      "C": 0.27611940298507465,
      "A": 0.2315112540192926
    },
    "in_group_interaction_rate": 0.8442282686166016,
    "out_group_interaction_rate": 0.15577173138339834,
    "avg_in_group_trust": 0.5917958576038825,
    "avg_out_group_trust": 0.648136044264422,
    "trust_asymmetry": -0.056340186660539415,
    "group_segregation_index": 0.8442282686166016,
    "total_mixing_events": 20,
    "mixing_event_success_rate": 1.0,
    "reputational_spillover_events": 0,
    "out_group_constraint_amplifications": 0,
    "group_extinction_events": 0
  },
  "interaction_metrics": {
    "total_interactions": 367602,
    "avg_interaction_processing_time": 0.0
  }
}