{
  "run_id": 156,
  "parameters": {
    "shock_interval_years": 20,
    "homophily_bias": 0.6404858256902596,
    "num_groups": 2,
    "out_group_trust_bias": 0.9713540773897883,
    "out_group_penalty": 1.200558890359997,
    "intervention_interval": 10,
    "intervention_scale": 0.2877269528353255,
    "event_bonus": 1.7766819156252098,
    "base_trust_delta": 0.16577252550914934,
    "group_trust_bias": 1.9916727503753928,
    "resilience_profile": {
      "threshold": 0.3441204114750023,
      "noise": 0.051553596324785206
    },
    "turnover_rate": 0.035041253432307434,
    "social_diffusion": 0.03705210826019493,
    "max_rounds": 300,
    "initial_population": 200,
    "max_population": 800,
    "maslow_variation": 0.5,
    "constraint_threshold_range": [
      0.2,
      0.8
    ],
    "recovery_threshold": 0.15,
    "cooperation_bonus": 0.2,
    "trust_threshold": 0.6,
    "max_relationships_per_person": 150
  },
  "outcomes": {
    "final_cooperation_rate": 0.991128010139417,
    "behavioral_cooperation_rate": 0.6327308012198503,
    "final_constrained_rate": 0.008871989860583017,
    "final_population": 789,
    "extinction_occurred": false,
    "rounds_completed": 300,
    "first_cascade_round": null,
    "total_cascade_events": 0,
    "total_shock_events": 1,
    "total_defections": 162990,
    "total_redemptions": 573,
    "net_strategy_change": 162417,
    "total_births": 917,
    "total_deaths": 323,
    "max_population_reached": 800,
    "population_stability": 0.006557592810989233,
    "population_growth": 4.0,
    "avg_system_stress": 0.023681540751271046,
    "max_system_stress": 0.3719595322468768,
    "avg_maslow_pressure": 0.028397598235469505,
    "avg_basic_needs_crisis_rate": 0.22306717363751585,
    "avg_trust_level": 0.8414782561692382,
    "cooperation_benefit_total": 0,
    "cooperation_resilience": 0.991128010139417
  },
  "maslow_hierarchy": {
    "initial_needs_avg": {
      "physiological": 4.978875337240466,
      "safety": 4.990456115580065,
      "love": 5.198519156226471,
      "esteem": 4.956832388621924,
      "self_actualization": 4.676415135016834
    },
    "final_needs_avg": {
      "physiological": 5.6885317697321405,
      "safety": 5.662600645045059,
      "love": 9.941397406485024,
      "esteem": 6.744476546450611,
      "self_actualization": 5.520723088678092
    },
    "needs_improvement": {
      "physiological": 0.7096564324916743,
      "safety": 0.6721445294649939,
      "love": 4.742878250258553,
      "esteem": 1.7876441578286864,
      "self_actualization": 0.8443079536612581
    }
  },
  "inter_group_metrics": {
    "final_group_populations": {
      "B": 409,
      "A": 380
    },
    "final_group_cooperation_rates": {
      "B": 0.9877750611246944,
      "A": 0.9947368421052631
    },
    "in_group_interaction_rate": 0.8198336567784863,
    "out_group_interaction_rate": 0.18016634322151373,
    "avg_in_group_trust": 0.8950952827543988,
    "avg_out_group_trust": 0.7878612295840778,
    "trust_asymmetry": 0.10723405317032098,
    "group_segregation_index": 0.8198336567784863,
    "total_mixing_events": 30,
    "mixing_event_success_rate": 1.0,
    "reputational_spillover_events": 0,
    "out_group_constraint_amplifications": 0,
    "group_extinction_events": 0
  },
  "interaction_metrics": {
    "total_interactions": 360700,
    "avg_interaction_processing_time": 0.0
  }
}