{
  "run_id": 350,
  "parameters": {
    "shock_interval_years": 2,
    "homophily_bias": 0.0,
    "num_groups": 1,
    "out_group_trust_bias": 1.054049256573579,
    "out_group_penalty": 1.3211210396516289,
    "intervention_interval": 0,
    "intervention_scale": 0.15756113342267508,
    "event_bonus": 1.7227677569737416,
    "base_trust_delta": 0.09844182129329217,
    "group_trust_bias": 1.9316746739835249,
    "resilience_profile": {
      "threshold": 0.3788180892805787,
      "noise": 0.09337401072105535
    },
    "turnover_rate": 0.03764922611397735,
    "social_diffusion": 0.04584835756195828,
    "max_rounds": 300,
    "initial_population": 200,
    "max_population": 800,
    "maslow_variation": 0.5,
    "constraint_threshold_range": [
      0.2,
      0.8
    ],
    "recovery_threshold": 0.15,
    "cooperation_bonus": 0.2,
    "trust_threshold": 0.6,
    "max_relationships_per_person": 150
  },
  "outcomes": {
    "final_cooperation_rate": 0.7222222222222222,
    "behavioral_cooperation_rate": 0.1484852665268734,
    "final_constrained_rate": 0.2777777777777778,
    "final_population": 792,
    "extinction_occurred": false,
    "rounds_completed": 300,
    "first_cascade_round": null,
    "total_cascade_events": 0,
    "total_shock_events": 33,
    "total_defections": 448157,
    "total_redemptions": 5503,
    "net_strategy_change": 442654,
    "total_births": 916,
    "total_deaths": 322,
    "max_population_reached": 800,
    "population_stability": 0.0031268600464478655,
    "population_growth": 4.0,
    "avg_system_stress": 6.0955804871864805,
    "max_system_stress": 13.710913142646223,
    "avg_maslow_pressure": 0.16121019650288043,
    "avg_basic_needs_crisis_rate": 0.32702020202020204,
    "avg_trust_level": 0.6092989115106129,
    "cooperation_benefit_total": 0,
    "cooperation_resilience": 0.7222222222222222
  },
  "maslow_hierarchy": {
    "initial_needs_avg": {
      "physiological": 4.755422476559589,
      "safety": 5.096494688998411,
      "love": 4.867847509958848,
      "esteem": 4.823029806901474,
      "self_actualization": 5.024644116399572
    },
    "final_needs_avg": {
      "physiological": 5.047399157714129,
      "safety": 5.203360081019456,
      "love": 5.138931657596261,
      "esteem": 0.25012149418921514,
      "self_actualization": 5.217608941959432
    },
    "needs_improvement": {
      "physiological": 0.2919766811545399,
      "safety": 0.10686539202104495,
      "love": 0.2710841476374135,
      "esteem": -4.572908312712259,
      "self_actualization": 0.1929648255598595
    }
  },
  "inter_group_metrics": {
    "final_group_populations": {
      "A": 792
    },
    "final_group_cooperation_rates": {
      "A": 0.7222222222222222
    },
    "in_group_interaction_rate": 1.0,
    "out_group_interaction_rate": 0.0,
    "avg_in_group_trust": 0.6092989115106129,
    "avg_out_group_trust": 0.6092989115106129,
    "trust_asymmetry": 0.0,
    "group_segregation_index": 1.0,
    "total_mixing_events": 0,
    "mixing_event_success_rate": 0,
    "reputational_spillover_events": 0,
    "out_group_constraint_amplifications": 0,
    "group_extinction_events": 0
  },
  "interaction_metrics": {
    "total_interactions": 362440,
    "avg_interaction_processing_time": 0.0
  }
}