{
  "run_id": 496,
  "parameters": {
    "shock_interval_years": 20,
    "homophily_bias": 0.15871048238793348,
    "num_groups": 3,
    "out_group_trust_bias": 1.1596931130867822,
    "out_group_penalty": 1.1619386411702715,
    "intervention_interval": 15,
    "intervention_scale": 0.2637658830163966,
    "event_bonus": 2.172373229008562,
    "base_trust_delta": 0.14157363149117713,
    "group_trust_bias": 1.453775730619573,
    "resilience_profile": {
      "threshold": 0.3869185312073654,
      "noise": 0.015779232227415667
    },
    "turnover_rate": 0.02835174124022479,
    "social_diffusion": 0.060184012520100555,
    "max_rounds": 300,
    "initial_population": 200,
    "max_population": 800,
    "maslow_variation": 0.5,
    "constraint_threshold_range": [
      0.2,
      0.8
    ],
    "recovery_threshold": 0.15,
    "cooperation_bonus": 0.2,
    "trust_threshold": 0.6,
    "max_relationships_per_person": 150
  },
  "outcomes": {
    "final_cooperation_rate": 0.9435173299101413,
    "behavioral_cooperation_rate": 0.30724305809456,
    "final_constrained_rate": 0.05648267008985879,
    "final_population": 779,
    "extinction_occurred": false,
    "rounds_completed": 300,
    "first_cascade_round": null,
    "total_cascade_events": 0,
    "total_shock_events": 0,
    "total_defections": 310426,
    "total_redemptions": 475,
    "net_strategy_change": 309951,
    "total_births": 865,
    "total_deaths": 285,
    "max_population_reached": 800,
    "population_stability": 0.013641393707828476,
    "population_growth": 4.0,
    "avg_system_stress": 0.0,
    "max_system_stress": 0.0,
    "avg_maslow_pressure": 0.05271056191685038,
    "avg_basic_needs_crisis_rate": 0.25673940949935814,
    "avg_trust_level": 0.5661865761224704,
    "cooperation_benefit_total": 0,
    "cooperation_resilience": 0.9435173299101413
  },
  "maslow_hierarchy": {
    "initial_needs_avg": {
      "physiological": 4.757743063277688,
      "safety": 4.816942511226776,
      "love": 4.797154998436739,
      "esteem": 5.088225373429304,
      "self_actualization": 5.172775259529052
    },
    "final_needs_avg": {
      "physiological": 5.287745692459616,
      "safety": 5.371292122772142,
      "love": 9.625732003449924,
      "esteem": 5.696167526331289,
      "self_actualization": 5.456807721474396
    },
    "needs_improvement": {
      "physiological": 0.5300026291819284,
      "safety": 0.5543496115453665,
      "love": 4.828577005013185,
      "esteem": 0.6079421529019848,
      "self_actualization": 0.28403246194534404
    }
  },
  "inter_group_metrics": {
    "final_group_populations": {
      "B": 332,
      "A": 250,
      "C": 197
    },
    "final_group_cooperation_rates": {
      "B": 0.9578313253012049,
      "A": 0.94,
      "C": 0.9238578680203046
    },
    "in_group_interaction_rate": 0.45192141166509514,
    "out_group_interaction_rate": 0.5480785883349049,
    "avg_in_group_trust": 0.6724618363615227,
    "avg_out_group_trust": 0.459911315883418,
    "trust_asymmetry": 0.2125505204781047,
    "group_segregation_index": 0.45192141166509514,
    "total_mixing_events": 20,
    "mixing_event_success_rate": 1.0,
    "reputational_spillover_events": 0,
    "out_group_constraint_amplifications": 0,
    "group_extinction_events": 0
  },
  "interaction_metrics": {
    "total_interactions": 311802,
    "avg_interaction_processing_time": 0.0
  }
}