{
  "run_id": 214,
  "parameters": {
    "shock_interval_years": 5,
    "homophily_bias": 0.0,
    "num_groups": 1,
    "out_group_trust_bias": 0.9045755244425846,
    "out_group_penalty": 1.4400491068193735,
    "intervention_interval": 0,
    "intervention_scale": 0.12753277453877576,
    "event_bonus": 1.721629599678956,
    "base_trust_delta": 0.05111608835470529,
    "group_trust_bias": 1.4968607552425943,
    "resilience_profile": {
      "threshold": 0.15262223044942702,
      "noise": 0.02502941893178856
    },
    "turnover_rate": 0.04425285993265752,
    "social_diffusion": 0.028733260610914427,
    "max_rounds": 300,
    "initial_population": 200,
    "max_population": 800,
    "maslow_variation": 0.5,
    "constraint_threshold_range": [
      0.2,
      0.8
    ],
    "recovery_threshold": 0.15,
    "cooperation_bonus": 0.2,
    "trust_threshold": 0.6,
    "max_relationships_per_person": 150
  },
  "outcomes": {
    "final_cooperation_rate": 0.5987341772151898,
    "behavioral_cooperation_rate": 0.41434740370655054,
    "final_constrained_rate": 0.4012658227848101,
    "final_population": 790,
    "extinction_occurred": false,
    "rounds_completed": 300,
    "first_cascade_round": null,
    "total_cascade_events": 0,
    "total_shock_events": 16,
    "total_defections": 291106,
    "total_redemptions": 3462,
    "net_strategy_change": 287644,
    "total_births": 920,
    "total_deaths": 322,
    "max_population_reached": 800,
    "population_stability": 0.003741712550097337,
    "population_growth": 4.0,
    "avg_system_stress": 3.110890707205153,
    "max_system_stress": 4.733399586795329,
    "avg_maslow_pressure": 0.13652668567453322,
    "avg_basic_needs_crisis_rate": 0.32151898734177214,
    "avg_trust_level": 0.593584925579669,
    "cooperation_benefit_total": 0,
    "cooperation_resilience": 0.5987341772151898
  },
  "maslow_hierarchy": {
    "initial_needs_avg": {
      "physiological": 4.793569720508419,
      "safety": 4.617615866441291,
      "love": 5.064795785569938,
      "esteem": 4.94371175653774,
      "self_actualization": 4.962458435733157
    },
    "final_needs_avg": {
      "physiological": 5.268428005005593,
      "safety": 4.818989071048212,
      "love": 8.260535117942617,
      "esteem": 0.44922559451870003,
      "self_actualization": 4.891660633567983
    },
    "needs_improvement": {
      "physiological": 0.4748582844971745,
      "safety": 0.20137320460692099,
      "love": 3.1957393323726784,
      "esteem": -4.49448616201904,
      "self_actualization": -0.07079780216517406
    }
  },
  "inter_group_metrics": {
    "final_group_populations": {
      "A": 790
    },
    "final_group_cooperation_rates": {
      "A": 0.5987341772151898
    },
    "in_group_interaction_rate": 1.0,
    "out_group_interaction_rate": 0.0,
    "avg_in_group_trust": 0.593584925579669,
    "avg_out_group_trust": 0.593584925579669,
    "trust_asymmetry": 0.0,
    "group_segregation_index": 1.0,
    "total_mixing_events": 0,
    "mixing_event_success_rate": 0,
    "reputational_spillover_events": 0,
    "out_group_constraint_amplifications": 0,
    "group_extinction_events": 0
  },
  "interaction_metrics": {
    "total_interactions": 374688,
    "avg_interaction_processing_time": 0.0
  }
}