{
  "run_id": 497,
  "parameters": {
    "shock_interval_years": 10,
    "homophily_bias": 0.17529624664391488,
    "num_groups": 2,
    "out_group_trust_bias": 1.12541854943486,
    "out_group_penalty": 1.4820812701638992,
    "intervention_interval": 15,
    "intervention_scale": 0.054448496130247145,
    "event_bonus": 1.5265892210848901,
    "base_trust_delta": 0.08631758228745035,
    "group_trust_bias": 1.733460754635395,
    "resilience_profile": {
      "threshold": 0.17855765148983985,
      "noise": 0.12994058449470217
    },
    "turnover_rate": 0.0424164380090393,
    "social_diffusion": 0.019015446858706056,
    "max_rounds": 300,
    "initial_population": 200,
    "max_population": 800,
    "maslow_variation": 0.5,
    "constraint_threshold_range": [
      0.2,
      0.8
    ],
    "recovery_threshold": 0.15,
    "cooperation_bonus": 0.2,
    "trust_threshold": 0.6,
    "max_relationships_per_person": 150
  },
  "outcomes": {
    "final_cooperation_rate": 0.2509505703422053,
    "behavioral_cooperation_rate": 0.011698067708824793,
    "final_constrained_rate": 0.7490494296577946,
    "final_population": 789,
    "extinction_occurred": false,
    "rounds_completed": 300,
    "first_cascade_round": null,
    "total_cascade_events": 0,
    "total_shock_events": 8,
    "total_defections": 694327,
    "total_redemptions": 6117,
    "net_strategy_change": 688210,
    "total_births": 931,
    "total_deaths": 339,
    "max_population_reached": 800,
    "population_stability": 0.0028804616855461398,
    "population_growth": 4.0,
    "avg_system_stress": 0.6798609289047269,
    "max_system_stress": 1.5118693853752891,
    "avg_maslow_pressure": 0.2433560813979478,
    "avg_basic_needs_crisis_rate": 0.34980988593155893,
    "avg_trust_level": 0.2505160319895997,
    "cooperation_benefit_total": 0,
    "cooperation_resilience": 0.2509505703422053
  },
  "maslow_hierarchy": {
    "initial_needs_avg": {
      "physiological": 4.864488064367848,
      "safety": 4.916981157532347,
      "love": 5.22757295192458,
      "esteem": 5.081677970255052,
      "self_actualization": 4.947071755673819
    },
    "final_needs_avg": {
      "physiological": 4.881434414578115,
      "safety": 5.049317613315166,
      "love": 0.5559267409814747,
      "esteem": 0.22444132555679278,
      "self_actualization": 4.935849822842163
    },
    "needs_improvement": {
      "physiological": 0.016946350210267802,
      "safety": 0.13233645578281905,
      "love": -4.671646210943106,
      "esteem": -4.8572366446982596,
      "self_actualization": -0.01122193283165629
    }
  },
  "inter_group_metrics": {
    "final_group_populations": {
      "B": 391,
      "A": 398
    },
    "final_group_cooperation_rates": {
      "B": 0.2608695652173913,
      "A": 0.24120603015075376
    },
    "in_group_interaction_rate": 0.5863240335923002,
    "out_group_interaction_rate": 0.4136759664076998,
    "avg_in_group_trust": 0.19971258123204236,
    "avg_out_group_trust": 0.3013194827471571,
    "trust_asymmetry": -0.10160690151511473,
    "group_segregation_index": 0.5863240335923002,
    "total_mixing_events": 20,
    "mixing_event_success_rate": 1.0,
    "reputational_spillover_events": 0,
    "out_group_constraint_amplifications": 0,
    "group_extinction_events": 0
  },
  "interaction_metrics": {
    "total_interactions": 381516,
    "avg_interaction_processing_time": 0.0
  }
}