{
  "run_id": 325,
  "parameters": {
    "shock_interval_years": 5,
    "homophily_bias": 0.0,
    "num_groups": 1,
    "out_group_trust_bias": 0.8491767905989731,
    "out_group_penalty": 1.2185726647228883,
    "intervention_interval": 0,
    "intervention_scale": 0.24650191340493538,
    "event_bonus": 2.1462238162444742,
    "base_trust_delta": 0.17377424562571542,
    "group_trust_bias": 1.2559514262083673,
    "resilience_profile": {
      "threshold": 0.1762401519081742,
      "noise": 0.10610501320669374
    },
    "turnover_rate": 0.04504264260722285,
    "social_diffusion": 0.0976445139935513,
    "max_rounds": 300,
    "initial_population": 200,
    "max_population": 800,
    "maslow_variation": 0.5,
    "constraint_threshold_range": [
      0.2,
      0.8
    ],
    "recovery_threshold": 0.15,
    "cooperation_bonus": 0.2,
    "trust_threshold": 0.6,
    "max_relationships_per_person": 150
  },
  "outcomes": {
    "final_cooperation_rate": 0.9886363636363636,
    "behavioral_cooperation_rate": 0.5198996786582021,
    "final_constrained_rate": 0.011363636363636364,
    "final_population": 792,
    "extinction_occurred": false,
    "rounds_completed": 300,
    "first_cascade_round": null,
    "total_cascade_events": 0,
    "total_shock_events": 6,
    "total_defections": 235661,
    "total_redemptions": 2396,
    "net_strategy_change": 233265,
    "total_births": 945,
    "total_deaths": 349,
    "max_population_reached": 800,
    "population_stability": 0.003167050432668065,
    "population_growth": 4.0,
    "avg_system_stress": 0.5277760241935183,
    "max_system_stress": 1.3670433468605707,
    "avg_maslow_pressure": 0.09202786852703343,
    "avg_basic_needs_crisis_rate": 0.25126262626262624,
    "avg_trust_level": 0.7641593594465674,
    "cooperation_benefit_total": 0,
    "cooperation_resilience": 0.9886363636363636
  },
  "maslow_hierarchy": {
    "initial_needs_avg": {
      "physiological": 4.922424679145178,
      "safety": 4.694014211309408,
      "love": 5.2993659291068855,
      "esteem": 4.8140851284639,
      "self_actualization": 4.969211693386008
    },
    "final_needs_avg": {
      "physiological": 5.270198231293742,
      "safety": 5.316243293105254,
      "love": 9.8787747924926,
      "esteem": 1.3139332238914232,
      "self_actualization": 5.251426026295658
    },
    "needs_improvement": {
      "physiological": 0.3477735521485643,
      "safety": 0.6222290817958456,
      "love": 4.579408863385714,
      "esteem": -3.500151904572477,
      "self_actualization": 0.2822143329096498
    }
  },
  "inter_group_metrics": {
    "final_group_populations": {
      "A": 792
    },
    "final_group_cooperation_rates": {
      "A": 0.9886363636363636
    },
    "in_group_interaction_rate": 1.0,
    "out_group_interaction_rate": 0.0,
    "avg_in_group_trust": 0.7641593594465674,
    "avg_out_group_trust": 0.7641593594465674,
    "trust_asymmetry": 0.0,
    "group_segregation_index": 1.0,
    "total_mixing_events": 0,
    "mixing_event_success_rate": 0,
    "reputational_spillover_events": 0,
    "out_group_constraint_amplifications": 0,
    "group_extinction_events": 0
  },
  "interaction_metrics": {
    "total_interactions": 382770,
    "avg_interaction_processing_time": 0.0
  }
}