{
  "run_id": 63,
  "parameters": {
    "shock_interval_years": 2,
    "homophily_bias": 0.0,
    "num_groups": 1,
    "out_group_trust_bias": 0.9552388740139742,
    "out_group_penalty": 1.2809523339497393,
    "intervention_interval": 0,
    "intervention_scale": 0.13070649355145375,
    "event_bonus": 1.93519582083229,
    "base_trust_delta": 0.10934086449930223,
    "group_trust_bias": 1.8789208469979897,
    "resilience_profile": {
      "threshold": 0.3731892595049867,
      "noise": 0.03490471037034271
    },
    "turnover_rate": 0.04591404524896894,
    "social_diffusion": 0.010864874910660205,
    "max_rounds": 300,
    "initial_population": 200,
    "max_population": 800,
    "maslow_variation": 0.5,
    "constraint_threshold_range": [
      0.2,
      0.8
    ],
    "recovery_threshold": 0.15,
    "cooperation_bonus": 0.2,
    "trust_threshold": 0.6,
    "max_relationships_per_person": 150
  },
  "outcomes": {
    "final_cooperation_rate": 0.005025125628140704,
    "behavioral_cooperation_rate": 0.09402823657905868,
    "final_constrained_rate": 0.9949748743718593,
    "final_population": 796,
    "extinction_occurred": false,
    "rounds_completed": 300,
    "first_cascade_round": null,
    "total_cascade_events": 0,
    "total_shock_events": 46,
    "total_defections": 518524,
    "total_redemptions": 6885,
    "net_strategy_change": 511639,
    "total_births": 920,
    "total_deaths": 323,
    "max_population_reached": 800,
    "population_stability": 0.0025696059338489994,
    "population_growth": 4.0,
    "avg_system_stress": 10.667710195663135,
    "max_system_stress": 22.948151282606673,
    "avg_maslow_pressure": 0.16994811174917593,
    "avg_basic_needs_crisis_rate": 0.30778894472361806,
    "avg_trust_level": 0.5623843747382784,
    "cooperation_benefit_total": 0,
    "cooperation_resilience": 0.005025125628140704
  },
  "maslow_hierarchy": {
    "initial_needs_avg": {
      "physiological": 4.95806041987796,
      "safety": 5.243924750960234,
      "love": 4.490564100685713,
      "esteem": 4.9879975135170085,
      "self_actualization": 5.163503358315296
    },
    "final_needs_avg": {
      "physiological": 5.396327973468607,
      "safety": 5.033127743564423,
      "love": 2.9869247714925913,
      "esteem": 0.1798091977681567,
      "self_actualization": 5.566152208407047
    },
    "needs_improvement": {
      "physiological": 0.43826755359064773,
      "safety": -0.21079700739581142,
      "love": -1.5036393291931218,
      "esteem": -4.808188315748851,
      "self_actualization": 0.4026488500917509
    }
  },
  "inter_group_metrics": {
    "final_group_populations": {
      "A": 796
    },
    "final_group_cooperation_rates": {
      "A": 0.005025125628140704
    },
    "in_group_interaction_rate": 1.0,
    "out_group_interaction_rate": 0.0,
    "avg_in_group_trust": 0.5623843747382784,
    "avg_out_group_trust": 0.5623843747382784,
    "trust_asymmetry": 0.0,
    "group_segregation_index": 1.0,
    "total_mixing_events": 0,
    "mixing_event_success_rate": 0,
    "reputational_spillover_events": 0,
    "out_group_constraint_amplifications": 0,
    "group_extinction_events": 0
  },
  "interaction_metrics": {
    "total_interactions": 373558,
    "avg_interaction_processing_time": 0.0
  }
}