{
  "run_id": 417,
  "parameters": {
    "shock_interval_years": 10,
    "homophily_bias": 0.22372778269674073,
    "num_groups": 2,
    "out_group_trust_bias": 1.0073513508366032,
    "out_group_penalty": 1.455072540911169,
    "intervention_interval": 10,
    "intervention_scale": 0.23697033237298398,
    "event_bonus": 1.950865537174078,
    "base_trust_delta": 0.07344791623942498,
    "group_trust_bias": 1.5023381700241365,
    "resilience_profile": {
      "threshold": 0.21838403904302026,
      "noise": 0.0021971583132773917
    },
    "turnover_rate": 0.02251172280173395,
    "social_diffusion": 0.00036758547881238224,
    "max_rounds": 300,
    "initial_population": 200,
    "max_population": 800,
    "maslow_variation": 0.5,
    "constraint_threshold_range": [
      0.2,
      0.8
    ],
    "recovery_threshold": 0.15,
    "cooperation_bonus": 0.2,
    "trust_threshold": 0.6,
    "max_relationships_per_person": 150
  },
  "outcomes": {
    "final_cooperation_rate": 0.5218002812939522,
    "behavioral_cooperation_rate": 0.07573996855560872,
    "final_constrained_rate": 0.4781997187060478,
    "final_population": 711,
    "extinction_occurred": false,
    "rounds_completed": 300,
    "first_cascade_round": null,
    "total_cascade_events": 0,
    "total_shock_events": 11,
    "total_defections": 460013,
    "total_redemptions": 4130,
    "net_strategy_change": 455883,
    "total_births": 784,
    "total_deaths": 270,
    "max_population_reached": 800,
    "population_stability": 0.010684134872273175,
    "population_growth": 4.0,
    "avg_system_stress": 2.6053590167022875,
    "max_system_stress": 4.62569361423073,
    "avg_maslow_pressure": 0.1522775796836647,
    "avg_basic_needs_crisis_rate": 0.22784810126582278,
    "avg_trust_level": 0.3545324555079409,
    "cooperation_benefit_total": 0,
    "cooperation_resilience": 0.5218002812939522
  },
  "maslow_hierarchy": {
    "initial_needs_avg": {
      "physiological": 5.2203633776493055,
      "safety": 5.673223688150209,
      "love": 4.966143590469211,
      "esteem": 4.952444037041705,
      "self_actualization": 5.014678896165301
    },
    "final_needs_avg": {
      "physiological": 5.628905413032278,
      "safety": 5.574956457338452,
      "love": 3.436344864008572,
      "esteem": 1.022240400569463,
      "self_actualization": 5.180250889338108
    },
    "needs_improvement": {
      "physiological": 0.40854203538297273,
      "safety": -0.09826723081175714,
      "love": -1.5297987264606392,
      "esteem": -3.9302036364722417,
      "self_actualization": 0.16557199317280702
    }
  },
  "inter_group_metrics": {
    "final_group_populations": {
      "A": 403,
      "B": 308
    },
    "final_group_cooperation_rates": {
      "A": 0.5905707196029777,
      "B": 0.4318181818181818
    },
    "in_group_interaction_rate": 0.6172978330712967,
    "out_group_interaction_rate": 0.38270216692870324,
    "avg_in_group_trust": 0.3289493291770418,
    "avg_out_group_trust": 0.38011558183884003,
    "trust_asymmetry": -0.05116625266179825,
    "group_segregation_index": 0.6172978330712967,
    "total_mixing_events": 30,
    "mixing_event_success_rate": 1.0,
    "reputational_spillover_events": 0,
    "out_group_constraint_amplifications": 0,
    "group_extinction_events": 0
  },
  "interaction_metrics": {
    "total_interactions": 292580,
    "avg_interaction_processing_time": 0.0
  }
}