{
  "run_id": 49,
  "parameters": {
    "shock_interval_years": 20,
    "homophily_bias": 0.5944529336509249,
    "num_groups": 2,
    "out_group_trust_bias": 0.8488560684043934,
    "out_group_penalty": 1.351350382113347,
    "intervention_interval": 15,
    "intervention_scale": 0.1661593936775385,
    "event_bonus": 1.5385754294942355,
    "base_trust_delta": 0.1789962508736636,
    "group_trust_bias": 1.2354163495716264,
    "resilience_profile": {
      "threshold": 0.11835846466951004,
      "noise": 0.018389019725457183
    },
    "turnover_rate": 0.026410193688491766,
    "social_diffusion": 0.028018020095498298,
    "max_rounds": 300,
    "initial_population": 200,
    "max_population": 800,
    "maslow_variation": 0.5,
    "constraint_threshold_range": [
      0.2,
      0.8
    ],
    "recovery_threshold": 0.15,
    "cooperation_bonus": 0.2,
    "trust_threshold": 0.6,
    "max_relationships_per_person": 150
  },
  "outcomes": {
    "final_cooperation_rate": 0.9164556962025316,
    "behavioral_cooperation_rate": 0.299351322950908,
    "final_constrained_rate": 0.08354430379746836,
    "final_population": 790,
    "extinction_occurred": false,
    "rounds_completed": 300,
    "first_cascade_round": null,
    "total_cascade_events": 0,
    "total_shock_events": 1,
    "total_defections": 313510,
    "total_redemptions": 511,
    "net_strategy_change": 312999,
    "total_births": 864,
    "total_deaths": 272,
    "max_population_reached": 800,
    "population_stability": 0.01256309383987174,
    "population_growth": 4.0,
    "avg_system_stress": 0.02744618783817547,
    "max_system_stress": 0.40082576466957676,
    "avg_maslow_pressure": 0.0644767050979849,
    "avg_basic_needs_crisis_rate": 0.27974683544303797,
    "avg_trust_level": 0.4754532483046631,
    "cooperation_benefit_total": 0,
    "cooperation_resilience": 0.9164556962025316
  },
  "maslow_hierarchy": {
    "initial_needs_avg": {
      "physiological": 4.918875488354358,
      "safety": 5.025669528539546,
      "love": 4.991479151250046,
      "esteem": 4.976263001787647,
      "self_actualization": 5.058687936590247
    },
    "final_needs_avg": {
      "physiological": 5.292601114161375,
      "safety": 5.3630205067212735,
      "love": 9.52617788127422,
      "esteem": 4.088923464054108,
      "self_actualization": 5.729998518109963
    },
    "needs_improvement": {
      "physiological": 0.3737256258070172,
      "safety": 0.33735097818172743,
      "love": 4.534698730024174,
      "esteem": -0.8873395377335385,
      "self_actualization": 0.671310581519716
    }
  },
  "inter_group_metrics": {
    "final_group_populations": {
      "A": 340,
      "B": 450
    },
    "final_group_cooperation_rates": {
      "A": 0.888235294117647,
      "B": 0.9377777777777778
    },
    "in_group_interaction_rate": 0.7977212103249448,
    "out_group_interaction_rate": 0.20227878967505525,
    "avg_in_group_trust": 0.5789366617495973,
    "avg_out_group_trust": 0.3719698348597289,
    "trust_asymmetry": 0.20696682688986845,
    "group_segregation_index": 0.7977212103249448,
    "total_mixing_events": 20,
    "mixing_event_success_rate": 1.0,
    "reputational_spillover_events": 0,
    "out_group_constraint_amplifications": 0,
    "group_extinction_events": 0
  },
  "interaction_metrics": {
    "total_interactions": 296912,
    "avg_interaction_processing_time": 0.0
  }
}