{
  "run_id": 92,
  "parameters": {
    "shock_interval_years": 20,
    "homophily_bias": 0.0,
    "num_groups": 1,
    "out_group_trust_bias": 0.9510754777130327,
    "out_group_penalty": 1.3653137727709528,
    "intervention_interval": 0,
    "intervention_scale": 0.15162333543805573,
    "event_bonus": 2.227650292893302,
    "base_trust_delta": 0.08506506930319166,
    "group_trust_bias": 1.9502703776626882,
    "resilience_profile": {
      "threshold": 0.12848468791896966,
      "noise": 0.021604741179588067
    },
    "turnover_rate": 0.049051166859765606,
    "social_diffusion": 0.0632616945682694,
    "max_rounds": 300,
    "initial_population": 200,
    "max_population": 800,
    "maslow_variation": 0.5,
    "constraint_threshold_range": [
      0.2,
      0.8
    ],
    "recovery_threshold": 0.15,
    "cooperation_bonus": 0.2,
    "trust_threshold": 0.6,
    "max_relationships_per_person": 150
  },
  "outcomes": {
    "final_cooperation_rate": 0.35094339622641507,
    "behavioral_cooperation_rate": 0.5098639936736372,
    "final_constrained_rate": 0.6490566037735849,
    "final_population": 795,
    "extinction_occurred": false,
    "rounds_completed": 300,
    "first_cascade_round": null,
    "total_cascade_events": 0,
    "total_shock_events": 6,
    "total_defections": 239729,
    "total_redemptions": 2203,
    "net_strategy_change": 237526,
    "total_births": 937,
    "total_deaths": 339,
    "max_population_reached": 800,
    "population_stability": 0.0038124007209105887,
    "population_growth": 4.0,
    "avg_system_stress": 0.3916925970342399,
    "max_system_stress": 1.076266491002916,
    "avg_maslow_pressure": 0.10934393042571423,
    "avg_basic_needs_crisis_rate": 0.2779874213836478,
    "avg_trust_level": 0.7122113057464148,
    "cooperation_benefit_total": 0,
    "cooperation_resilience": 0.35094339622641507
  },
  "maslow_hierarchy": {
    "initial_needs_avg": {
      "physiological": 4.706722641811503,
      "safety": 4.899139033538784,
      "love": 5.164607054469944,
      "esteem": 5.095754691708268,
      "self_actualization": 4.700668680020518
    },
    "final_needs_avg": {
      "physiological": 5.160316561943046,
      "safety": 5.304959999305375,
      "love": 8.305579659249709,
      "esteem": 1.3676906424882347,
      "self_actualization": 5.121257867957318
    },
    "needs_improvement": {
      "physiological": 0.4535939201315431,
      "safety": 0.40582096576659055,
      "love": 3.1409726047797646,
      "esteem": -3.728064049220033,
      "self_actualization": 0.4205891879368
    }
  },
  "inter_group_metrics": {
    "final_group_populations": {
      "A": 795
    },
    "final_group_cooperation_rates": {
      "A": 0.35094339622641507
    },
    "in_group_interaction_rate": 1.0,
    "out_group_interaction_rate": 0.0,
    "avg_in_group_trust": 0.7122113057464148,
    "avg_out_group_trust": 0.7122113057464148,
    "trust_asymmetry": 0.0,
    "group_segregation_index": 1.0,
    "total_mixing_events": 0,
    "mixing_event_success_rate": 0,
    "reputational_spillover_events": 0,
    "out_group_constraint_amplifications": 0,
    "group_extinction_events": 0
  },
  "interaction_metrics": {
    "total_interactions": 381894,
    "avg_interaction_processing_time": 0.0
  }
}