{
  "run_id": 177,
  "parameters": {
    "shock_interval_years": 20,
    "homophily_bias": 0.3036042070276647,
    "num_groups": 3,
    "out_group_trust_bias": 0.9693868473843295,
    "out_group_penalty": 1.152054810676499,
    "intervention_interval": 10,
    "intervention_scale": 0.09906365102512336,
    "event_bonus": 2.127176022506911,
    "base_trust_delta": 0.19132723585677414,
    "group_trust_bias": 1.5157082510359623,
    "resilience_profile": {
      "threshold": 0.17856209814840934,
      "noise": 0.12108136639203256
    },
    "turnover_rate": 0.027708665860627427,
    "social_diffusion": 0.055536114446314656,
    "max_rounds": 300,
    "initial_population": 200,
    "max_population": 800,
    "maslow_variation": 0.5,
    "constraint_threshold_range": [
      0.2,
      0.8
    ],
    "recovery_threshold": 0.15,
    "cooperation_bonus": 0.2,
    "trust_threshold": 0.6,
    "max_relationships_per_person": 150
  },
  "outcomes": {
    "final_cooperation_rate": 0.6482412060301508,
    "behavioral_cooperation_rate": 0.0903062384308122,
    "final_constrained_rate": 0.35175879396984927,
    "final_population": 796,
    "extinction_occurred": false,
    "rounds_completed": 300,
    "first_cascade_round": null,
    "total_cascade_events": 0,
    "total_shock_events": 0,
    "total_defections": 459944,
    "total_redemptions": 2352,
    "net_strategy_change": 457592,
    "total_births": 872,
    "total_deaths": 275,
    "max_population_reached": 800,
    "population_stability": 0.01125351118885145,
    "population_growth": 4.0,
    "avg_system_stress": 0.0,
    "max_system_stress": 0.0,
    "avg_maslow_pressure": 0.12822390034064435,
    "avg_basic_needs_crisis_rate": 0.2964824120603015,
    "avg_trust_level": 0.3050778527588334,
    "cooperation_benefit_total": 0,
    "cooperation_resilience": 0.6482412060301508
  },
  "maslow_hierarchy": {
    "initial_needs_avg": {
      "physiological": 4.8936771761460225,
      "safety": 5.10676046235248,
      "love": 4.980164151626162,
      "esteem": 5.08233024604976,
      "self_actualization": 4.799859297011076
    },
    "final_needs_avg": {
      "physiological": 5.008737025685427,
      "safety": 5.4564795595938715,
      "love": 6.3352548412321905,
      "esteem": 2.5375000561356367,
      "self_actualization": 5.03893722468902
    },
    "needs_improvement": {
      "physiological": 0.11505984953940462,
      "safety": 0.3497190972413913,
      "love": 1.3550906896060289,
      "esteem": -2.5448301899141232,
      "self_actualization": 0.23907792767794422
    }
  },
  "inter_group_metrics": {
    "final_group_populations": {
      "A": 312,
      "C": 184,
      "B": 300
    },
    "final_group_cooperation_rates": {
      "A": 0.6955128205128205,
      "C": 0.5108695652173914,
      "B": 0.6833333333333333
    },
    "in_group_interaction_rate": 0.5408014808560387,
    "out_group_interaction_rate": 0.4591985191439613,
    "avg_in_group_trust": 0.3569767156356815,
    "avg_out_group_trust": 0.25317898988198534,
    "trust_asymmetry": 0.10379772575369617,
    "group_segregation_index": 0.5408014808560387,
    "total_mixing_events": 30,
    "mixing_event_success_rate": 1.0,
    "reputational_spillover_events": 0,
    "out_group_constraint_amplifications": 0,
    "group_extinction_events": 0
  },
  "interaction_metrics": {
    "total_interactions": 307930,
    "avg_interaction_processing_time": 0.0
  }
}