{
  "run_id": 309,
  "parameters": {
    "shock_interval_years": 5,
    "homophily_bias": 0.5801471237926293,
    "num_groups": 2,
    "out_group_trust_bias": 0.8122128987965413,
    "out_group_penalty": 1.4923840095092473,
    "intervention_interval": 25,
    "intervention_scale": 0.13646977796812404,
    "event_bonus": 2.3986879943085926,
    "base_trust_delta": 0.05161377394287303,
    "group_trust_bias": 1.4924608570207885,
    "resilience_profile": {
      "threshold": 0.35240670325726275,
      "noise": 0.09454313685846898
    },
    "turnover_rate": 0.023120520909518324,
    "social_diffusion": 0.08400670792921186,
    "max_rounds": 300,
    "initial_population": 200,
    "max_population": 800,
    "maslow_variation": 0.5,
    "constraint_threshold_range": [
      0.2,
      0.8
    ],
    "recovery_threshold": 0.15,
    "cooperation_bonus": 0.2,
    "trust_threshold": 0.6,
    "max_relationships_per_person": 150
  },
  "outcomes": {
    "final_cooperation_rate": 0.5684357541899442,
    "behavioral_cooperation_rate": 0.3136621981676139,
    "final_constrained_rate": 0.43156424581005587,
    "final_population": 716,
    "extinction_occurred": false,
    "rounds_completed": 300,
    "first_cascade_round": null,
    "total_cascade_events": 0,
    "total_shock_events": 11,
    "total_defections": 284937,
    "total_redemptions": 3419,
    "net_strategy_change": 281518,
    "total_births": 789,
    "total_deaths": 269,
    "max_population_reached": 776,
    "population_stability": 0.007481368980199728,
    "population_growth": 3.88,
    "avg_system_stress": 3.287482633290738,
    "max_system_stress": 5.140779245179425,
    "avg_maslow_pressure": 0.1037201972724002,
    "avg_basic_needs_crisis_rate": 0.24860335195530725,
    "avg_trust_level": 0.5118927594185316,
    "cooperation_benefit_total": 0,
    "cooperation_resilience": 0.5684357541899442
  },
  "maslow_hierarchy": {
    "initial_needs_avg": {
      "physiological": 5.063198161459782,
      "safety": 4.81044474084001,
      "love": 5.140592477802685,
      "esteem": 4.81901183875857,
      "self_actualization": 5.032882932476768
    },
    "final_needs_avg": {
      "physiological": 5.605928924334928,
      "safety": 5.089948204064498,
      "love": 8.267792039240367,
      "esteem": 0.780831719425763,
      "self_actualization": 5.414731511602333
    },
    "needs_improvement": {
      "physiological": 0.5427307628751459,
      "safety": 0.27950346322448816,
      "love": 3.127199561437682,
      "esteem": -4.038180119332807,
      "self_actualization": 0.381848579125565
    }
  },
  "inter_group_metrics": {
    "final_group_populations": {
      "A": 381,
      "B": 335
    },
    "final_group_cooperation_rates": {
      "A": 0.5380577427821522,
      "B": 0.6029850746268657
    },
    "in_group_interaction_rate": 0.7869172921869674,
    "out_group_interaction_rate": 0.21308270781303262,
    "avg_in_group_trust": 0.5477783049308117,
    "avg_out_group_trust": 0.47600721390625167,
    "trust_asymmetry": 0.07177109102456003,
    "group_segregation_index": 0.7869172921869674,
    "total_mixing_events": 12,
    "mixing_event_success_rate": 1.0,
    "reputational_spillover_events": 0,
    "out_group_constraint_amplifications": 0,
    "group_extinction_events": 0
  },
  "interaction_metrics": {
    "total_interactions": 287494,
    "avg_interaction_processing_time": 0.0
  }
}