{
  "run_id": 99,
  "parameters": {
    "shock_interval_years": 5,
    "homophily_bias": 0.0,
    "num_groups": 1,
    "out_group_trust_bias": 1.0309561251354828,
    "out_group_penalty": 1.151140057504452,
    "intervention_interval": 0,
    "intervention_scale": 0.15997278400164783,
    "event_bonus": 2.1291981949747925,
    "base_trust_delta": 0.05180368668760915,
    "group_trust_bias": 1.728081273505016,
    "resilience_profile": {
      "threshold": 0.1200070640406237,
      "noise": 0.0010087097212884643
    },
    "turnover_rate": 0.02379209223507718,
    "social_diffusion": 0.01900547507109849,
    "max_rounds": 300,
    "initial_population": 200,
    "max_population": 800,
    "maslow_variation": 0.5,
    "constraint_threshold_range": [
      0.2,
      0.8
    ],
    "recovery_threshold": 0.15,
    "cooperation_bonus": 0.2,
    "trust_threshold": 0.6,
    "max_relationships_per_person": 150
  },
  "outcomes": {
    "final_cooperation_rate": 0.9839142091152815,
    "behavioral_cooperation_rate": 0.42706412121296483,
    "final_constrained_rate": 0.0160857908847185,
    "final_population": 746,
    "extinction_occurred": false,
    "rounds_completed": 300,
    "first_cascade_round": null,
    "total_cascade_events": 0,
    "total_shock_events": 12,
    "total_defections": 216485,
    "total_redemptions": 2787,
    "net_strategy_change": 213698,
    "total_births": 810,
    "total_deaths": 262,
    "max_population_reached": 782,
    "population_stability": 0.010866331683752124,
    "population_growth": 3.91,
    "avg_system_stress": 1.3500992588547407,
    "max_system_stress": 2.9089303838803207,
    "avg_maslow_pressure": 0.1109870964908856,
    "avg_basic_needs_crisis_rate": 0.27882037533512066,
    "avg_trust_level": 0.5845455021722288,
    "cooperation_benefit_total": 0,
    "cooperation_resilience": 0.9839142091152815
  },
  "maslow_hierarchy": {
    "initial_needs_avg": {
      "physiological": 4.741869435027511,
      "safety": 5.217096533404983,
      "love": 5.386310775547416,
      "esteem": 5.169940417424951,
      "self_actualization": 4.550971217164294
    },
    "final_needs_avg": {
      "physiological": 5.154139616649551,
      "safety": 5.289588217834164,
      "love": 9.876713688796698,
      "esteem": 0.8751002934634942,
      "self_actualization": 5.0269318924032484
    },
    "needs_improvement": {
      "physiological": 0.41227018162203954,
      "safety": 0.07249168442918119,
      "love": 4.490402913249282,
      "esteem": -4.294840123961457,
      "self_actualization": 0.47596067523895425
    }
  },
  "inter_group_metrics": {
    "final_group_populations": {
      "A": 746
    },
    "final_group_cooperation_rates": {
      "A": 0.9839142091152815
    },
    "in_group_interaction_rate": 1.0,
    "out_group_interaction_rate": 0.0,
    "avg_in_group_trust": 0.5845455021722288,
    "avg_out_group_trust": 0.5845455021722288,
    "trust_asymmetry": 0.0,
    "group_segregation_index": 1.0,
    "total_mixing_events": 0,
    "mixing_event_success_rate": 0,
    "reputational_spillover_events": 0,
    "out_group_constraint_amplifications": 0,
    "group_extinction_events": 0
  },
  "interaction_metrics": {
    "total_interactions": 287362,
    "avg_interaction_processing_time": 0.0
  }
}