{
  "run_id": 258,
  "parameters": {
    "shock_interval_years": 5,
    "homophily_bias": 0.0,
    "num_groups": 1,
    "out_group_trust_bias": 1.1038349759187078,
    "out_group_penalty": 1.1643132309269766,
    "intervention_interval": 0,
    "intervention_scale": 0.1434158974935592,
    "event_bonus": 2.049898916516804,
    "base_trust_delta": 0.1180520037996335,
    "group_trust_bias": 1.952944461764453,
    "resilience_profile": {
      "threshold": 0.1830169174489158,
      "noise": 0.0055609592337510505
    },
    "turnover_rate": 0.041853665398103035,
    "social_diffusion": 0.04159481602999343,
    "max_rounds": 300,
    "initial_population": 200,
    "max_population": 800,
    "maslow_variation": 0.5,
    "constraint_threshold_range": [
      0.2,
      0.8
    ],
    "recovery_threshold": 0.15,
    "cooperation_bonus": 0.2,
    "trust_threshold": 0.6,
    "max_relationships_per_person": 150
  },
  "outcomes": {
    "final_cooperation_rate": 0.9987405541561712,
    "behavioral_cooperation_rate": 0.5640155710644887,
    "final_constrained_rate": 0.0012594458438287153,
    "final_population": 794,
    "extinction_occurred": false,
    "rounds_completed": 300,
    "first_cascade_round": null,
    "total_cascade_events": 0,
    "total_shock_events": 6,
    "total_defections": 207072,
    "total_redemptions": 1556,
    "net_strategy_change": 205516,
    "total_births": 929,
    "total_deaths": 332,
    "max_population_reached": 800,
    "population_stability": 0.002160588228059018,
    "population_growth": 4.0,
    "avg_system_stress": 0.376188491933221,
    "max_system_stress": 1.091365028880878,
    "avg_maslow_pressure": 0.06909672892708275,
    "avg_basic_needs_crisis_rate": 0.24307304785894207,
    "avg_trust_level": 0.8045619714744655,
    "cooperation_benefit_total": 0,
    "cooperation_resilience": 0.9987405541561712
  },
  "maslow_hierarchy": {
    "initial_needs_avg": {
      "physiological": 4.785872506174368,
      "safety": 5.089975916064399,
      "love": 4.947522305411977,
      "esteem": 5.041540707732948,
      "self_actualization": 5.201042498412951
    },
    "final_needs_avg": {
      "physiological": 5.278895592951573,
      "safety": 5.681532632875794,
      "love": 9.979770309314429,
      "esteem": 1.9838079090644205,
      "self_actualization": 5.772206783790289
    },
    "needs_improvement": {
      "physiological": 0.49302308677720497,
      "safety": 0.5915567168113949,
      "love": 5.032248003902452,
      "esteem": -3.0577327986685274,
      "self_actualization": 0.5711642853773382
    }
  },
  "inter_group_metrics": {
    "final_group_populations": {
      "A": 794
    },
    "final_group_cooperation_rates": {
      "A": 0.9987405541561712
    },
    "in_group_interaction_rate": 1.0,
    "out_group_interaction_rate": 0.0,
    "avg_in_group_trust": 0.8045619714744655,
    "avg_out_group_trust": 0.8045619714744655,
    "trust_asymmetry": 0.0,
    "group_segregation_index": 1.0,
    "total_mixing_events": 0,
    "mixing_event_success_rate": 0,
    "reputational_spillover_events": 0,
    "out_group_constraint_amplifications": 0,
    "group_extinction_events": 0
  },
  "interaction_metrics": {
    "total_interactions": 371972,
    "avg_interaction_processing_time": 0.0
  }
}