{
  "run_id": 394,
  "parameters": {
    "shock_interval_years": 20,
    "homophily_bias": 0.0,
    "num_groups": 1,
    "out_group_trust_bias": 0.8267331660498618,
    "out_group_penalty": 1.4702216451877614,
    "intervention_interval": 0,
    "intervention_scale": 0.28390418413954116,
    "event_bonus": 2.307039031308068,
    "base_trust_delta": 0.06062336550643389,
    "group_trust_bias": 1.4347308278694346,
    "resilience_profile": {
      "threshold": 0.30176486338250497,
      "noise": 0.14148904336842155
    },
    "turnover_rate": 0.04451748685241958,
    "social_diffusion": 0.08878220519534602,
    "max_rounds": 300,
    "initial_population": 200,
    "max_population": 800,
    "maslow_variation": 0.5,
    "constraint_threshold_range": [
      0.2,
      0.8
    ],
    "recovery_threshold": 0.15,
    "cooperation_bonus": 0.2,
    "trust_threshold": 0.6,
    "max_relationships_per_person": 150
  },
  "outcomes": {
    "final_cooperation_rate": 1.0,
    "behavioral_cooperation_rate": 0.5791328041826097,
    "final_constrained_rate": 0.0,
    "final_population": 790,
    "extinction_occurred": false,
    "rounds_completed": 300,
    "first_cascade_round": null,
    "total_cascade_events": 0,
    "total_shock_events": 4,
    "total_defections": 195399,
    "total_redemptions": 2165,
    "net_strategy_change": 193234,
    "total_births": 945,
    "total_deaths": 353,
    "max_population_reached": 800,
    "population_stability": 0.00384227713192838,
    "population_growth": 4.0,
    "avg_system_stress": 0.36996115114796385,
    "max_system_stress": 1.415128682176096,
    "avg_maslow_pressure": 0.06968762786582827,
    "avg_basic_needs_crisis_rate": 0.21139240506329113,
    "avg_trust_level": 0.6303241228677885,
    "cooperation_benefit_total": 0,
    "cooperation_resilience": 1.0
  },
  "maslow_hierarchy": {
    "initial_needs_avg": {
      "physiological": 5.069986382549771,
      "safety": 4.934630608075912,
      "love": 4.7343322973779,
      "esteem": 5.008786789246066,
      "self_actualization": 4.7633493187709925
    },
    "final_needs_avg": {
      "physiological": 5.771145900232654,
      "safety": 5.426953308561648,
      "love": 9.983250108272882,
      "esteem": 1.8176318241380518,
      "self_actualization": 5.419805856386632
    },
    "needs_improvement": {
      "physiological": 0.7011595176828838,
      "safety": 0.4923227004857367,
      "love": 5.248917810894982,
      "esteem": -3.191154965108014,
      "self_actualization": 0.6564565376156395
    }
  },
  "inter_group_metrics": {
    "final_group_populations": {
      "A": 790
    },
    "final_group_cooperation_rates": {
      "A": 1.0
    },
    "in_group_interaction_rate": 1.0,
    "out_group_interaction_rate": 0.0,
    "avg_in_group_trust": 0.6303241228677885,
    "avg_out_group_trust": 0.6303241228677885,
    "trust_asymmetry": 0.0,
    "group_segregation_index": 1.0,
    "total_mixing_events": 0,
    "mixing_event_success_rate": 0,
    "reputational_spillover_events": 0,
    "out_group_constraint_amplifications": 0,
    "group_extinction_events": 0
  },
  "interaction_metrics": {
    "total_interactions": 379476,
    "avg_interaction_processing_time": 0.0
  }
}