{
  "run_id": 442,
  "parameters": {
    "shock_interval_years": 10,
    "homophily_bias": 0.0,
    "num_groups": 1,
    "out_group_trust_bias": 1.014243585733171,
    "out_group_penalty": 1.3533994545597587,
    "intervention_interval": 0,
    "intervention_scale": 0.137586140299235,
    "event_bonus": 1.6617571514928149,
    "base_trust_delta": 0.09162222770579934,
    "group_trust_bias": 1.4723206307101577,
    "resilience_profile": {
      "threshold": 0.16656510759821064,
      "noise": 0.12240247976826034
    },
    "turnover_rate": 0.02314166480934625,
    "social_diffusion": 0.09392335871643992,
    "max_rounds": 300,
    "initial_population": 200,
    "max_population": 800,
    "maslow_variation": 0.5,
    "constraint_threshold_range": [
      0.2,
      0.8
    ],
    "recovery_threshold": 0.15,
    "cooperation_bonus": 0.2,
    "trust_threshold": 0.6,
    "max_relationships_per_person": 150
  },
  "outcomes": {
    "final_cooperation_rate": 0.9801136363636364,
    "behavioral_cooperation_rate": 0.551507773667784,
    "final_constrained_rate": 0.019886363636363636,
    "final_population": 704,
    "extinction_occurred": false,
    "rounds_completed": 300,
    "first_cascade_round": null,
    "total_cascade_events": 0,
    "total_shock_events": 4,
    "total_defections": 158081,
    "total_redemptions": 1290,
    "net_strategy_change": 156791,
    "total_births": 766,
    "total_deaths": 261,
    "max_population_reached": 747,
    "population_stability": 0.013320717142800663,
    "population_growth": 3.735,
    "avg_system_stress": 0.26607814805438446,
    "max_system_stress": 0.8342367594129007,
    "avg_maslow_pressure": 0.06165471436967389,
    "avg_basic_needs_crisis_rate": 0.21732954545454544,
    "avg_trust_level": 0.6394167874850798,
    "cooperation_benefit_total": 0,
    "cooperation_resilience": 0.9801136363636364
  },
  "maslow_hierarchy": {
    "initial_needs_avg": {
      "physiological": 4.919354897264748,
      "safety": 5.05024739611286,
      "love": 4.82558575808294,
      "esteem": 5.1033686364953175,
      "self_actualization": 4.998031678296565
    },
    "final_needs_avg": {
      "physiological": 5.441702906237821,
      "safety": 5.839338166753399,
      "love": 9.8931657274556,
      "esteem": 2.29409271524379,
      "self_actualization": 5.632393340858827
    },
    "needs_improvement": {
      "physiological": 0.522348008973073,
      "safety": 0.7890907706405388,
      "love": 5.06757996937266,
      "esteem": -2.8092759212515275,
      "self_actualization": 0.6343616625622621
    }
  },
  "inter_group_metrics": {
    "final_group_populations": {
      "A": 704
    },
    "final_group_cooperation_rates": {
      "A": 0.9801136363636364
    },
    "in_group_interaction_rate": 1.0,
    "out_group_interaction_rate": 0.0,
    "avg_in_group_trust": 0.6394167874850798,
    "avg_out_group_trust": 0.6394167874850798,
    "trust_asymmetry": 0.0,
    "group_segregation_index": 1.0,
    "total_mixing_events": 0,
    "mixing_event_success_rate": 0,
    "reputational_spillover_events": 0,
    "out_group_constraint_amplifications": 0,
    "group_extinction_events": 0
  },
  "interaction_metrics": {
    "total_interactions": 276832,
    "avg_interaction_processing_time": 0.0
  }
}