{
  "run_id": 215,
  "parameters": {
    "shock_interval_years": 10,
    "homophily_bias": 0.10356847503813685,
    "num_groups": 2,
    "out_group_trust_bias": 0.9362239599445266,
    "out_group_penalty": 1.1333534865199697,
    "intervention_interval": 10,
    "intervention_scale": 0.19441610314593755,
    "event_bonus": 1.5355743012455143,
    "base_trust_delta": 0.16841088287403772,
    "group_trust_bias": 1.4511135496675618,
    "resilience_profile": {
      "threshold": 0.36839299070240894,
      "noise": 0.062241235248096764
    },
    "turnover_rate": 0.030681483483053232,
    "social_diffusion": 0.0704206184413476,
    "max_rounds": 300,
    "initial_population": 200,
    "max_population": 800,
    "maslow_variation": 0.5,
    "constraint_threshold_range": [
      0.2,
      0.8
    ],
    "recovery_threshold": 0.15,
    "cooperation_bonus": 0.2,
    "trust_threshold": 0.6,
    "max_relationships_per_person": 150
  },
  "outcomes": {
    "final_cooperation_rate": 0.3240506329113924,
    "behavioral_cooperation_rate": 0.1490403571842746,
    "final_constrained_rate": 0.6759493670886076,
    "final_population": 790,
    "extinction_occurred": false,
    "rounds_completed": 300,
    "first_cascade_round": null,
    "total_cascade_events": 0,
    "total_shock_events": 9,
    "total_defections": 469066,
    "total_redemptions": 3338,
    "net_strategy_change": 465728,
    "total_births": 904,
    "total_deaths": 312,
    "max_population_reached": 800,
    "population_stability": 0.023251185200872337,
    "population_growth": 4.0,
    "avg_system_stress": 1.6634118994351033,
    "max_system_stress": 3.4120784725724222,
    "avg_maslow_pressure": 0.08950889470658024,
    "avg_basic_needs_crisis_rate": 0.25316455696202533,
    "avg_trust_level": 0.512400188152596,
    "cooperation_benefit_total": 0,
    "cooperation_resilience": 0.3240506329113924
  },
  "maslow_hierarchy": {
    "initial_needs_avg": {
      "physiological": 5.215218362693678,
      "safety": 4.666482189813139,
      "love": 4.78569877531126,
      "esteem": 5.28093869812179,
      "self_actualization": 5.1829757630956435
    },
    "final_needs_avg": {
      "physiological": 5.8189846201587825,
      "safety": 4.957813386378201,
      "love": 7.68073734212581,
      "esteem": 1.3245913196294914,
      "self_actualization": 5.702757564998358
    },
    "needs_improvement": {
      "physiological": 0.6037662574651046,
      "safety": 0.29133119656506246,
      "love": 2.8950385668145504,
      "esteem": -3.956347378492298,
      "self_actualization": 0.519781801902715
    }
  },
  "inter_group_metrics": {
    "final_group_populations": {
      "B": 393,
      "A": 397
    },
    "final_group_cooperation_rates": {
      "B": 0.3155216284987277,
      "A": 0.33249370277078083
    },
    "in_group_interaction_rate": 0.5498898295256871,
    "out_group_interaction_rate": 0.4501101704743129,
    "avg_in_group_trust": 0.6053550894428968,
    "avg_out_group_trust": 0.4194452868622952,
    "trust_asymmetry": 0.18590980258060164,
    "group_segregation_index": 0.5498898295256871,
    "total_mixing_events": 30,
    "mixing_event_success_rate": 1.0,
    "reputational_spillover_events": 0,
    "out_group_constraint_amplifications": 0,
    "group_extinction_events": 0
  },
  "interaction_metrics": {
    "total_interactions": 344920,
    "avg_interaction_processing_time": 0.0
  }
}