{
  "run_id": 352,
  "parameters": {
    "shock_interval_years": 10,
    "homophily_bias": 0.6313617163323246,
    "num_groups": 2,
    "out_group_trust_bias": 1.1837657444619754,
    "out_group_penalty": 1.2878400315843008,
    "intervention_interval": 25,
    "intervention_scale": 0.1959383211096205,
    "event_bonus": 2.200770393045243,
    "base_trust_delta": 0.055437392424496384,
    "group_trust_bias": 1.979138871190979,
    "resilience_profile": {
      "threshold": 0.19438400671252942,
      "noise": 0.03062423553283973
    },
    "turnover_rate": 0.049043485250099966,
    "social_diffusion": 0.05872540991216806,
    "max_rounds": 300,
    "initial_population": 200,
    "max_population": 800,
    "maslow_variation": 0.5,
    "constraint_threshold_range": [
      0.2,
      0.8
    ],
    "recovery_threshold": 0.15,
    "cooperation_bonus": 0.2,
    "trust_threshold": 0.6,
    "max_relationships_per_person": 150
  },
  "outcomes": {
    "final_cooperation_rate": 0.41213653603034134,
    "behavioral_cooperation_rate": 0.3138658510488379,
    "final_constrained_rate": 0.5878634639696586,
    "final_population": 791,
    "extinction_occurred": false,
    "rounds_completed": 300,
    "first_cascade_round": null,
    "total_cascade_events": 0,
    "total_shock_events": 7,
    "total_defections": 382480,
    "total_redemptions": 3234,
    "net_strategy_change": 379246,
    "total_births": 944,
    "total_deaths": 348,
    "max_population_reached": 800,
    "population_stability": 0.0033882481141265766,
    "population_growth": 4.0,
    "avg_system_stress": 0.7011374689500602,
    "max_system_stress": 1.4185818281393914,
    "avg_maslow_pressure": 0.09019971942515222,
    "avg_basic_needs_crisis_rate": 0.26169405815423513,
    "avg_trust_level": 0.5908508505813831,
    "cooperation_benefit_total": 0,
    "cooperation_resilience": 0.41213653603034134
  },
  "maslow_hierarchy": {
    "initial_needs_avg": {
      "physiological": 5.254137302156089,
      "safety": 4.706651557224373,
      "love": 4.980527504933641,
      "esteem": 4.91255181668201,
      "self_actualization": 5.098103745115758
    },
    "final_needs_avg": {
      "physiological": 5.59537179798919,
      "safety": 5.184763030362099,
      "love": 8.230044255338134,
      "esteem": 1.1011235948163514,
      "self_actualization": 5.8626333445123215
    },
    "needs_improvement": {
      "physiological": 0.3412344958331017,
      "safety": 0.4781114731377256,
      "love": 3.249516750404493,
      "esteem": -3.8114282218656585,
      "self_actualization": 0.764529599396564
    }
  },
  "inter_group_metrics": {
    "final_group_populations": {
      "A": 393,
      "B": 398
    },
    "final_group_cooperation_rates": {
      "A": 0.3893129770992366,
      "B": 0.43467336683417085
    },
    "in_group_interaction_rate": 0.814223379768572,
    "out_group_interaction_rate": 0.18577662023142807,
    "avg_in_group_trust": 0.6201615907335402,
    "avg_out_group_trust": 0.561540110429226,
    "trust_asymmetry": 0.05862148030431413,
    "group_segregation_index": 0.814223379768572,
    "total_mixing_events": 12,
    "mixing_event_success_rate": 1.0,
    "reputational_spillover_events": 0,
    "out_group_constraint_amplifications": 0,
    "group_extinction_events": 0
  },
  "interaction_metrics": {
    "total_interactions": 383186,
    "avg_interaction_processing_time": 0.0
  }
}