{
  "run_id": 48,
  "parameters": {
    "shock_interval_years": 10,
    "homophily_bias": 0.5564467897852822,
    "num_groups": 2,
    "out_group_trust_bias": 1.1584203377994355,
    "out_group_penalty": 1.3156490312865277,
    "intervention_interval": 10,
    "intervention_scale": 0.15338666933089468,
    "event_bonus": 1.7209241131287443,
    "base_trust_delta": 0.17444358740256477,
    "group_trust_bias": 1.990062279030444,
    "resilience_profile": {
      "threshold": 0.32109953207652886,
      "noise": 0.10112254866587025
    },
    "turnover_rate": 0.02408164446715081,
    "social_diffusion": 0.06186731893895632,
    "max_rounds": 300,
    "initial_population": 200,
    "max_population": 800,
    "maslow_variation": 0.5,
    "constraint_threshold_range": [
      0.2,
      0.8
    ],
    "recovery_threshold": 0.15,
    "cooperation_bonus": 0.2,
    "trust_threshold": 0.6,
    "max_relationships_per_person": 150
  },
  "outcomes": {
    "final_cooperation_rate": 0.9520725388601037,
    "behavioral_cooperation_rate": 0.38614726892764945,
    "final_constrained_rate": 0.04792746113989637,
    "final_population": 772,
    "extinction_occurred": false,
    "rounds_completed": 300,
    "first_cascade_round": null,
    "total_cascade_events": 0,
    "total_shock_events": 4,
    "total_defections": 257513,
    "total_redemptions": 1999,
    "net_strategy_change": 255514,
    "total_births": 844,
    "total_deaths": 271,
    "max_population_reached": 784,
    "population_stability": 0.02418054796932991,
    "population_growth": 3.92,
    "avg_system_stress": 0.32295535737853354,
    "max_system_stress": 0.8003372530190467,
    "avg_maslow_pressure": 0.0878568383363203,
    "avg_basic_needs_crisis_rate": 0.3005181347150259,
    "avg_trust_level": 0.5496867387178908,
    "cooperation_benefit_total": 0,
    "cooperation_resilience": 0.9520725388601037
  },
  "maslow_hierarchy": {
    "initial_needs_avg": {
      "physiological": 4.605326048174452,
      "safety": 4.9857852998904715,
      "love": 4.849403153105433,
      "esteem": 5.126717679371537,
      "self_actualization": 4.782802778013872
    },
    "final_needs_avg": {
      "physiological": 4.904787652366117,
      "safety": 5.551573582583089,
      "love": 9.705127651991145,
      "esteem": 2.478974137045475,
      "self_actualization": 5.3253118551025995
    },
    "needs_improvement": {
      "physiological": 0.29946160419166556,
      "safety": 0.5657882826926173,
      "love": 4.855724498885712,
      "esteem": -2.647743542326062,
      "self_actualization": 0.5425090770887273
    }
  },
  "inter_group_metrics": {
    "final_group_populations": {
      "B": 415,
      "A": 357
    },
    "final_group_cooperation_rates": {
      "B": 0.9542168674698795,
      "A": 0.9495798319327731
    },
    "in_group_interaction_rate": 0.7759346017783727,
    "out_group_interaction_rate": 0.2240653982216273,
    "avg_in_group_trust": 0.722648467681844,
    "avg_out_group_trust": 0.37672500975393763,
    "trust_asymmetry": 0.34592345792790635,
    "group_segregation_index": 0.7759346017783727,
    "total_mixing_events": 30,
    "mixing_event_success_rate": 1.0,
    "reputational_spillover_events": 0,
    "out_group_constraint_amplifications": 0,
    "group_extinction_events": 0
  },
  "interaction_metrics": {
    "total_interactions": 292852,
    "avg_interaction_processing_time": 0.0
  }
}