{
  "run_id": 194,
  "parameters": {
    "shock_interval_years": 2,
    "homophily_bias": 0.1991801157504729,
    "num_groups": 3,
    "out_group_trust_bias": 0.9350292825830464,
    "out_group_penalty": 1.3315745962870895,
    "intervention_interval": 25,
    "intervention_scale": 0.17658693741947307,
    "event_bonus": 2.399873653876309,
    "base_trust_delta": 0.16209635720191623,
    "group_trust_bias": 1.6338093688517428,
    "resilience_profile": {
      "threshold": 0.36046837377785845,
      "noise": 0.09917583154690224
    },
    "turnover_rate": 0.023270031565306062,
    "social_diffusion": 0.09097760842399308,
    "max_rounds": 300,
    "initial_population": 200,
    "max_population": 800,
    "maslow_variation": 0.5,
    "constraint_threshold_range": [
      0.2,
      0.8
    ],
    "recovery_threshold": 0.15,
    "cooperation_bonus": 0.2,
    "trust_threshold": 0.6,
    "max_relationships_per_person": 150
  },
  "outcomes": {
    "final_cooperation_rate": 0.009615384615384616,
    "behavioral_cooperation_rate": 0.00240342405618964,
    "final_constrained_rate": 0.9903846153846154,
    "final_population": 728,
    "extinction_occurred": false,
    "rounds_completed": 300,
    "first_cascade_round": null,
    "total_cascade_events": 0,
    "total_shock_events": 38,
    "total_defections": 516682,
    "total_redemptions": 3636,
    "net_strategy_change": 513046,
    "total_births": 783,
    "total_deaths": 255,
    "max_population_reached": 728,
    "population_stability": 0.021611722815183965,
    "population_growth": 3.64,
    "avg_system_stress": 11.352635763161446,
    "max_system_stress": 19.169572231562075,
    "avg_maslow_pressure": 0.23449994464698842,
    "avg_basic_needs_crisis_rate": 0.3173076923076923,
    "avg_trust_level": 0.1351310777689461,
    "cooperation_benefit_total": 0,
    "cooperation_resilience": 0.009615384615384616
  },
  "maslow_hierarchy": {
    "initial_needs_avg": {
      "physiological": 4.777389988026106,
      "safety": 4.9590415996563975,
      "love": 5.1969478852411735,
      "esteem": 5.1314804284516455,
      "self_actualization": 4.881152865869868
    },
    "final_needs_avg": {
      "physiological": 4.969325781482124,
      "safety": 5.220181219645224,
      "love": 0.46452802280597855,
      "esteem": 0.30225330611846646,
      "self_actualization": 5.0603508738784875
    },
    "needs_improvement": {
      "physiological": 0.1919357934560182,
      "safety": 0.2611396199888265,
      "love": -4.7324198624351945,
      "esteem": -4.8292271223331795,
      "self_actualization": 0.17919800800861907
    }
  },
  "inter_group_metrics": {
    "final_group_populations": {
      "B": 263,
      "A": 241,
      "C": 224
    },
    "final_group_cooperation_rates": {
      "B": 0.011406844106463879,
      "A": 0.012448132780082987,
      "C": 0.004464285714285714
    },
    "in_group_interaction_rate": 0.46420105355575064,
    "out_group_interaction_rate": 0.5357989464442493,
    "avg_in_group_trust": 0.08849252166067582,
    "avg_out_group_trust": 0.18176963387721637,
    "trust_asymmetry": -0.09327711221654054,
    "group_segregation_index": 0.46420105355575064,
    "total_mixing_events": 12,
    "mixing_event_success_rate": 1.0,
    "reputational_spillover_events": 0,
    "out_group_constraint_amplifications": 0,
    "group_extinction_events": 0
  },
  "interaction_metrics": {
    "total_interactions": 273360,
    "avg_interaction_processing_time": 0.0
  }
}