{
  "run_id": 362,
  "parameters": {
    "shock_interval_years": 10,
    "homophily_bias": 0.0,
    "num_groups": 1,
    "out_group_trust_bias": 0.845488698255635,
    "out_group_penalty": 1.3878755678125765,
    "intervention_interval": 0,
    "intervention_scale": 0.15320077831727175,
    "event_bonus": 1.990594322280916,
    "base_trust_delta": 0.10614879440157136,
    "group_trust_bias": 1.4219610921121828,
    "resilience_profile": {
      "threshold": 0.10734484661667719,
      "noise": 0.0922511501589213
    },
    "turnover_rate": 0.03496464882508162,
    "social_diffusion": 0.030835354068789046,
    "max_rounds": 300,
    "initial_population": 200,
    "max_population": 800,
    "maslow_variation": 0.5,
    "constraint_threshold_range": [
      0.2,
      0.8
    ],
    "recovery_threshold": 0.15,
    "cooperation_bonus": 0.2,
    "trust_threshold": 0.6,
    "max_relationships_per_person": 150
  },
  "outcomes": {
    "final_cooperation_rate": 0.3592964824120603,
    "behavioral_cooperation_rate": 0.4953204780311673,
    "final_constrained_rate": 0.6407035175879398,
    "final_population": 796,
    "extinction_occurred": false,
    "rounds_completed": 300,
    "first_cascade_round": null,
    "total_cascade_events": 0,
    "total_shock_events": 5,
    "total_defections": 230624,
    "total_redemptions": 2476,
    "net_strategy_change": 228148,
    "total_births": 920,
    "total_deaths": 323,
    "max_population_reached": 800,
    "population_stability": 0.014956718628250112,
    "population_growth": 4.0,
    "avg_system_stress": 1.1170586316761408,
    "max_system_stress": 3.0193529704489332,
    "avg_maslow_pressure": 0.09328286293537341,
    "avg_basic_needs_crisis_rate": 0.23366834170854273,
    "avg_trust_level": 0.6942041559389602,
    "cooperation_benefit_total": 0,
    "cooperation_resilience": 0.3592964824120603
  },
  "maslow_hierarchy": {
    "initial_needs_avg": {
      "physiological": 4.931323447995373,
      "safety": 4.525225884102676,
      "love": 4.785446134279532,
      "esteem": 5.447664931246309,
      "self_actualization": 4.968397534361676
    },
    "final_needs_avg": {
      "physiological": 5.464317282665888,
      "safety": 5.328323471012206,
      "love": 8.299600572592517,
      "esteem": 1.6540449585150074,
      "self_actualization": 5.365320137771544
    },
    "needs_improvement": {
      "physiological": 0.5329938346705152,
      "safety": 0.80309758690953,
      "love": 3.5141544383129855,
      "esteem": -3.7936199727313014,
      "self_actualization": 0.39692260340986785
    }
  },
  "inter_group_metrics": {
    "final_group_populations": {
      "A": 796
    },
    "final_group_cooperation_rates": {
      "A": 0.3592964824120603
    },
    "in_group_interaction_rate": 1.0,
    "out_group_interaction_rate": 0.0,
    "avg_in_group_trust": 0.6942041559389602,
    "avg_out_group_trust": 0.6942041559389602,
    "trust_asymmetry": 0.0,
    "group_segregation_index": 1.0,
    "total_mixing_events": 0,
    "mixing_event_success_rate": 0,
    "reputational_spillover_events": 0,
    "out_group_constraint_amplifications": 0,
    "group_extinction_events": 0
  },
  "interaction_metrics": {
    "total_interactions": 361148,
    "avg_interaction_processing_time": 0.0
  }
}