{
  "run_id": 351,
  "parameters": {
    "shock_interval_years": 5,
    "homophily_bias": 0.41190056193427965,
    "num_groups": 3,
    "out_group_trust_bias": 0.9224310154525153,
    "out_group_penalty": 1.1125801320047695,
    "intervention_interval": 25,
    "intervention_scale": 0.077461934051243,
    "event_bonus": 2.4339957235521554,
    "base_trust_delta": 0.10350474315845716,
    "group_trust_bias": 1.4212039864985297,
    "resilience_profile": {
      "threshold": 0.2910301432762752,
      "noise": 0.11471236513455046
    },
    "turnover_rate": 0.02754462109260805,
    "social_diffusion": 0.010131701758100976,
    "max_rounds": 300,
    "initial_population": 200,
    "max_population": 800,
    "maslow_variation": 0.5,
    "constraint_threshold_range": [
      0.2,
      0.8
    ],
    "recovery_threshold": 0.15,
    "cooperation_bonus": 0.2,
    "trust_threshold": 0.6,
    "max_relationships_per_person": 150
  },
  "outcomes": {
    "final_cooperation_rate": 0.05911949685534591,
    "behavioral_cooperation_rate": 0.060406101060749715,
    "final_constrained_rate": 0.9408805031446541,
    "final_population": 795,
    "extinction_occurred": false,
    "rounds_completed": 300,
    "first_cascade_round": null,
    "total_cascade_events": 0,
    "total_shock_events": 19,
    "total_defections": 513359,
    "total_redemptions": 4988,
    "net_strategy_change": 508371,
    "total_births": 874,
    "total_deaths": 278,
    "max_population_reached": 800,
    "population_stability": 0.014868327538223819,
    "population_growth": 4.0,
    "avg_system_stress": 2.3656666401793283,
    "max_system_stress": 5.995612477796246,
    "avg_maslow_pressure": 0.19256884100717966,
    "avg_basic_needs_crisis_rate": 0.3081761006289308,
    "avg_trust_level": 0.3010340886246592,
    "cooperation_benefit_total": 0,
    "cooperation_resilience": 0.05911949685534591
  },
  "maslow_hierarchy": {
    "initial_needs_avg": {
      "physiological": 4.970550924498484,
      "safety": 5.154757079759755,
      "love": 5.595220747080604,
      "esteem": 4.9332656347400246,
      "self_actualization": 5.165934659590089
    },
    "final_needs_avg": {
      "physiological": 5.015081262353737,
      "safety": 5.129030066300726,
      "love": 2.0878609922795914,
      "esteem": 0.18541056673873635,
      "self_actualization": 5.476200966161762
    },
    "needs_improvement": {
      "physiological": 0.044530337855253066,
      "safety": -0.02572701345902928,
      "love": -3.5073597548010125,
      "esteem": -4.7478550680012885,
      "self_actualization": 0.3102663065716724
    }
  },
  "inter_group_metrics": {
    "final_group_populations": {
      "C": 322,
      "B": 267,
      "A": 206
    },
    "final_group_cooperation_rates": {
      "C": 0.06832298136645963,
      "B": 0.0599250936329588,
      "A": 0.043689320388349516
    },
    "in_group_interaction_rate": 0.6084548179162982,
    "out_group_interaction_rate": 0.39154518208370187,
    "avg_in_group_trust": 0.2818717698186762,
    "avg_out_group_trust": 0.3201964074306422,
    "trust_asymmetry": -0.03832463761196603,
    "group_segregation_index": 0.6084548179162982,
    "total_mixing_events": 12,
    "mixing_event_success_rate": 1.0,
    "reputational_spillover_events": 0,
    "out_group_constraint_amplifications": 0,
    "group_extinction_events": 0
  },
  "interaction_metrics": {
    "total_interactions": 314306,
    "avg_interaction_processing_time": 0.0
  }
}