{
  "run_id": 135,
  "parameters": {
    "shock_interval_years": 20,
    "homophily_bias": 0.0,
    "num_groups": 1,
    "out_group_trust_bias": 0.8410732905461349,
    "out_group_penalty": 1.1212153744162656,
    "intervention_interval": 0,
    "intervention_scale": 0.22647758882839375,
    "event_bonus": 2.050338954319162,
    "base_trust_delta": 0.12470628296900743,
    "group_trust_bias": 1.9821312054062035,
    "resilience_profile": {
      "threshold": 0.37233997339853353,
      "noise": 0.03290294413931453
    },
    "turnover_rate": 0.03002902364752848,
    "social_diffusion": 0.026884721353259023,
    "max_rounds": 300,
    "initial_population": 200,
    "max_population": 800,
    "maslow_variation": 0.5,
    "constraint_threshold_range": [
      0.2,
      0.8
    ],
    "recovery_threshold": 0.15,
    "cooperation_bonus": 0.2,
    "trust_threshold": 0.6,
    "max_relationships_per_person": 150
  },
  "outcomes": {
    "final_cooperation_rate": 0.5942211055276382,
    "behavioral_cooperation_rate": 0.5035869700360562,
    "final_constrained_rate": 0.4057788944723618,
    "final_population": 796,
    "extinction_occurred": false,
    "rounds_completed": 300,
    "first_cascade_round": null,
    "total_cascade_events": 0,
    "total_shock_events": 5,
    "total_defections": 201932,
    "total_redemptions": 2101,
    "net_strategy_change": 199831,
    "total_births": 881,
    "total_deaths": 282,
    "max_population_reached": 800,
    "population_stability": 0.010924311588118601,
    "population_growth": 4.0,
    "avg_system_stress": 0.2418242429561943,
    "max_system_stress": 0.9372820884739268,
    "avg_maslow_pressure": 0.07398309549839643,
    "avg_basic_needs_crisis_rate": 0.25,
    "avg_trust_level": 0.7663475736505487,
    "cooperation_benefit_total": 0,
    "cooperation_resilience": 0.5942211055276382
  },
  "maslow_hierarchy": {
    "initial_needs_avg": {
      "physiological": 4.956682130487163,
      "safety": 5.096454056112832,
      "love": 5.292844933979508,
      "esteem": 4.931190688011813,
      "self_actualization": 5.0921587125232275
    },
    "final_needs_avg": {
      "physiological": 5.3691744904977865,
      "safety": 5.345846796205454,
      "love": 8.670266110728749,
      "esteem": 1.462883364566782,
      "self_actualization": 6.063229409113358
    },
    "needs_improvement": {
      "physiological": 0.4124923600106234,
      "safety": 0.24939274009262213,
      "love": 3.377421176749241,
      "esteem": -3.468307323445031,
      "self_actualization": 0.9710706965901306
    }
  },
  "inter_group_metrics": {
    "final_group_populations": {
      "A": 796
    },
    "final_group_cooperation_rates": {
      "A": 0.5942211055276382
    },
    "in_group_interaction_rate": 1.0,
    "out_group_interaction_rate": 0.0,
    "avg_in_group_trust": 0.7663475736505487,
    "avg_out_group_trust": 0.7663475736505487,
    "trust_asymmetry": 0.0,
    "group_segregation_index": 1.0,
    "total_mixing_events": 0,
    "mixing_event_success_rate": 0,
    "reputational_spillover_events": 0,
    "out_group_constraint_amplifications": 0,
    "group_extinction_events": 0
  },
  "interaction_metrics": {
    "total_interactions": 321720,
    "avg_interaction_processing_time": 0.0
  }
}