{
  "run_id": 465,
  "parameters": {
    "shock_interval_years": 2,
    "homophily_bias": 0.22962477502406964,
    "num_groups": 3,
    "out_group_trust_bias": 0.958409534838851,
    "out_group_penalty": 1.2985249677224695,
    "intervention_interval": 20,
    "intervention_scale": 0.11008438289992219,
    "event_bonus": 1.8702709544811331,
    "base_trust_delta": 0.18125690358704843,
    "group_trust_bias": 1.8544537046012004,
    "resilience_profile": {
      "threshold": 0.30800005436089295,
      "noise": 0.1084558650638244
    },
    "turnover_rate": 0.025077417555904015,
    "social_diffusion": 0.08914746138762675,
    "max_rounds": 300,
    "initial_population": 200,
    "max_population": 800,
    "maslow_variation": 0.5,
    "constraint_threshold_range": [
      0.2,
      0.8
    ],
    "recovery_threshold": 0.15,
    "cooperation_bonus": 0.2,
    "trust_threshold": 0.6,
    "max_relationships_per_person": 150
  },
  "outcomes": {
    "final_cooperation_rate": 0.01297016861219196,
    "behavioral_cooperation_rate": 0.0011436745240731951,
    "final_constrained_rate": 0.9870298313878081,
    "final_population": 771,
    "extinction_occurred": false,
    "rounds_completed": 300,
    "first_cascade_round": null,
    "total_cascade_events": 0,
    "total_shock_events": 59,
    "total_defections": 583434,
    "total_redemptions": 3085,
    "net_strategy_change": 580349,
    "total_births": 847,
    "total_deaths": 274,
    "max_population_reached": 800,
    "population_stability": 0.01697852220925929,
    "population_growth": 4.0,
    "avg_system_stress": 13.84896367656871,
    "max_system_stress": 28.096067386773875,
    "avg_maslow_pressure": 0.23140850028461463,
    "avg_basic_needs_crisis_rate": 0.3022049286640726,
    "avg_trust_level": 0.07701166195705418,
    "cooperation_benefit_total": 0,
    "cooperation_resilience": 0.01297016861219196
  },
  "maslow_hierarchy": {
    "initial_needs_avg": {
      "physiological": 5.225135308976969,
      "safety": 5.161299341766383,
      "love": 5.562401461113796,
      "esteem": 5.0309743882159985,
      "self_actualization": 5.0363479505768085
    },
    "final_needs_avg": {
      "physiological": 5.11594240041716,
      "safety": 5.081283655581936,
      "love": 0.30648734421740137,
      "esteem": 0.25514649417245827,
      "self_actualization": 5.19190571446797
    },
    "needs_improvement": {
      "physiological": -0.1091929085598089,
      "safety": -0.08001568618444654,
      "love": -5.255914116896395,
      "esteem": -4.77582789404354,
      "self_actualization": 0.15555776389116183
    }
  },
  "inter_group_metrics": {
    "final_group_populations": {
      "A": 253,
      "B": 234,
      "C": 284
    },
    "final_group_cooperation_rates": {
      "A": 0.015810276679841896,
      "B": 0.0,
      "C": 0.02112676056338028
    },
    "in_group_interaction_rate": 0.4842851869429943,
    "out_group_interaction_rate": 0.5157148130570057,
    "avg_in_group_trust": 0.03162360759938261,
    "avg_out_group_trust": 0.12239971631472575,
    "trust_asymmetry": -0.09077610871534314,
    "group_segregation_index": 0.4842851869429943,
    "total_mixing_events": 15,
    "mixing_event_success_rate": 1.0,
    "reputational_spillover_events": 0,
    "out_group_constraint_amplifications": 0,
    "group_extinction_events": 0
  },
  "interaction_metrics": {
    "total_interactions": 303408,
    "avg_interaction_processing_time": 0.0
  }
}