{
  "run_id": 88,
  "parameters": {
    "shock_interval_years": 2,
    "homophily_bias": 0.529437056248975,
    "num_groups": 2,
    "out_group_trust_bias": 0.8914184837320103,
    "out_group_penalty": 1.2911713649345442,
    "intervention_interval": 25,
    "intervention_scale": 0.1926474153709966,
    "event_bonus": 2.2067829858147388,
    "base_trust_delta": 0.16638320488445035,
    "group_trust_bias": 1.5983968460009683,
    "resilience_profile": {
      "threshold": 0.3007969828421472,
      "noise": 0.0021333616823847935
    },
    "turnover_rate": 0.04485106157824939,
    "social_diffusion": 0.04672119772112814,
    "max_rounds": 300,
    "initial_population": 200,
    "max_population": 800,
    "maslow_variation": 0.5,
    "constraint_threshold_range": [
      0.2,
      0.8
    ],
    "recovery_threshold": 0.15,
    "cooperation_bonus": 0.2,
    "trust_threshold": 0.6,
    "max_relationships_per_person": 150
  },
  "outcomes": {
    "final_cooperation_rate": 0.44627054361567636,
    "behavioral_cooperation_rate": 0.0485056280860323,
    "final_constrained_rate": 0.5537294563843237,
    "final_population": 791,
    "extinction_occurred": false,
    "rounds_completed": 300,
    "first_cascade_round": null,
    "total_cascade_events": 0,
    "total_shock_events": 34,
    "total_defections": 644010,
    "total_redemptions": 7908,
    "net_strategy_change": 636102,
    "total_births": 956,
    "total_deaths": 361,
    "max_population_reached": 800,
    "population_stability": 0.0036687029690749178,
    "population_growth": 4.0,
    "avg_system_stress": 8.184746524640437,
    "max_system_stress": 17.670607938365194,
    "avg_maslow_pressure": 0.2076417918332957,
    "avg_basic_needs_crisis_rate": 0.3463969658659924,
    "avg_trust_level": 0.31747494048861935,
    "cooperation_benefit_total": 0,
    "cooperation_resilience": 0.44627054361567636
  },
  "maslow_hierarchy": {
    "initial_needs_avg": {
      "physiological": 5.250169585693051,
      "safety": 4.918905645970726,
      "love": 5.292056861278687,
      "esteem": 5.379408196247361,
      "self_actualization": 5.1022496535917385
    },
    "final_needs_avg": {
      "physiological": 5.256078347287959,
      "safety": 4.734050589199942,
      "love": 1.8193543772853449,
      "esteem": 0.2902806914089654,
      "self_actualization": 5.26221314065269
    },
    "needs_improvement": {
      "physiological": 0.00590876159490783,
      "safety": -0.1848550567707843,
      "love": -3.4727024839933422,
      "esteem": -5.0891275048383955,
      "self_actualization": 0.15996348706095187
    }
  },
  "inter_group_metrics": {
    "final_group_populations": {
      "B": 470,
      "A": 321
    },
    "final_group_cooperation_rates": {
      "B": 0.4085106382978723,
      "A": 0.5015576323987538
    },
    "in_group_interaction_rate": 0.7666750355678299,
    "out_group_interaction_rate": 0.23332496443217005,
    "avg_in_group_trust": 0.3290511031475369,
    "avg_out_group_trust": 0.30589877782970176,
    "trust_asymmetry": 0.02315232531783512,
    "group_segregation_index": 0.7666750355678299,
    "total_mixing_events": 12,
    "mixing_event_success_rate": 1.0,
    "reputational_spillover_events": 0,
    "out_group_constraint_amplifications": 0,
    "group_extinction_events": 0
  },
  "interaction_metrics": {
    "total_interactions": 382368,
    "avg_interaction_processing_time": 0.0
  }
}