{
  "run_id": 183,
  "parameters": {
    "shock_interval_years": 10,
    "homophily_bias": 0.7274218387644161,
    "num_groups": 2,
    "out_group_trust_bias": 0.8427613536754719,
    "out_group_penalty": 1.308804432818749,
    "intervention_interval": 15,
    "intervention_scale": 0.1545215529591803,
    "event_bonus": 2.237560468067709,
    "base_trust_delta": 0.1866907129678339,
    "group_trust_bias": 1.2457142209362992,
    "resilience_profile": {
      "threshold": 0.3861089513957887,
      "noise": 0.05544020596948975
    },
    "turnover_rate": 0.021953553777288616,
    "social_diffusion": 0.027027233079249126,
    "max_rounds": 300,
    "initial_population": 200,
    "max_population": 800,
    "maslow_variation": 0.5,
    "constraint_threshold_range": [
      0.2,
      0.8
    ],
    "recovery_threshold": 0.15,
    "cooperation_bonus": 0.2,
    "trust_threshold": 0.6,
    "max_relationships_per_person": 150
  },
  "outcomes": {
    "final_cooperation_rate": 0.9656862745098039,
    "behavioral_cooperation_rate": 0.39049269109851525,
    "final_constrained_rate": 0.03431372549019608,
    "final_population": 612,
    "extinction_occurred": false,
    "rounds_completed": 300,
    "first_cascade_round": null,
    "total_cascade_events": 0,
    "total_shock_events": 8,
    "total_defections": 227573,
    "total_redemptions": 2544,
    "net_strategy_change": 225029,
    "total_births": 673,
    "total_deaths": 261,
    "max_population_reached": 685,
    "population_stability": 0.00638064103372419,
    "population_growth": 3.425,
    "avg_system_stress": 1.851908764174366,
    "max_system_stress": 2.9315561994984582,
    "avg_maslow_pressure": 0.08653593938244424,
    "avg_basic_needs_crisis_rate": 0.21895424836601307,
    "avg_trust_level": 0.5496567842025858,
    "cooperation_benefit_total": 0,
    "cooperation_resilience": 0.9656862745098039
  },
  "maslow_hierarchy": {
    "initial_needs_avg": {
      "physiological": 5.1239722739209705,
      "safety": 5.061041285980397,
      "love": 5.272971454478384,
      "esteem": 5.125723751325922,
      "self_actualization": 5.047501532958119
    },
    "final_needs_avg": {
      "physiological": 5.644667985332596,
      "safety": 5.609957807320794,
      "love": 9.614740446404637,
      "esteem": 1.3543596510442826,
      "self_actualization": 5.312347572012922
    },
    "needs_improvement": {
      "physiological": 0.5206957114116255,
      "safety": 0.5489165213403968,
      "love": 4.341768991926253,
      "esteem": -3.7713641002816396,
      "self_actualization": 0.2648460390548033
    }
  },
  "inter_group_metrics": {
    "final_group_populations": {
      "A": 339,
      "B": 273
    },
    "final_group_cooperation_rates": {
      "A": 0.9616519174041298,
      "B": 0.9706959706959707
    },
    "in_group_interaction_rate": 0.8627754702404173,
    "out_group_interaction_rate": 0.13722452975958266,
    "avg_in_group_trust": 0.6658922705857466,
    "avg_out_group_trust": 0.4334212978194249,
    "trust_asymmetry": 0.23247097276632173,
    "group_segregation_index": 0.8627754702404173,
    "total_mixing_events": 20,
    "mixing_event_success_rate": 1.0,
    "reputational_spillover_events": 0,
    "out_group_constraint_amplifications": 0,
    "group_extinction_events": 0
  },
  "interaction_metrics": {
    "total_interactions": 261462,
    "avg_interaction_processing_time": 0.0
  }
}