{
  "run_id": 196,
  "parameters": {
    "shock_interval_years": 5,
    "homophily_bias": 0.0,
    "num_groups": 1,
    "out_group_trust_bias": 1.039516501699382,
    "out_group_penalty": 1.4404851992559993,
    "intervention_interval": 0,
    "intervention_scale": 0.29835224885190564,
    "event_bonus": 2.3596356912039433,
    "base_trust_delta": 0.05117220574760952,
    "group_trust_bias": 1.499545014151463,
    "resilience_profile": {
      "threshold": 0.3781140239741949,
      "noise": 0.14264519242188048
    },
    "turnover_rate": 0.03647476300509314,
    "social_diffusion": 0.05453807320699048,
    "max_rounds": 300,
    "initial_population": 200,
    "max_population": 800,
    "maslow_variation": 0.5,
    "constraint_threshold_range": [
      0.2,
      0.8
    ],
    "recovery_threshold": 0.15,
    "cooperation_bonus": 0.2,
    "trust_threshold": 0.6,
    "max_relationships_per_person": 150
  },
  "outcomes": {
    "final_cooperation_rate": 0.4166666666666667,
    "behavioral_cooperation_rate": 0.35265799680584076,
    "final_constrained_rate": 0.5833333333333334,
    "final_population": 792,
    "extinction_occurred": false,
    "rounds_completed": 300,
    "first_cascade_round": null,
    "total_cascade_events": 0,
    "total_shock_events": 13,
    "total_defections": 306217,
    "total_redemptions": 3893,
    "net_strategy_change": 302324,
    "total_births": 898,
    "total_deaths": 302,
    "max_population_reached": 800,
    "population_stability": 0.0028434273065043366,
    "population_growth": 4.0,
    "avg_system_stress": 1.3515906866451266,
    "max_system_stress": 4.842361332653219,
    "avg_maslow_pressure": 0.11460628876919034,
    "avg_basic_needs_crisis_rate": 0.22601010101010102,
    "avg_trust_level": 0.5728062577523678,
    "cooperation_benefit_total": 0,
    "cooperation_resilience": 0.4166666666666667
  },
  "maslow_hierarchy": {
    "initial_needs_avg": {
      "physiological": 5.04550715909012,
      "safety": 4.931050375089971,
      "love": 5.1545361394295135,
      "esteem": 5.425471249641401,
      "self_actualization": 4.820133030467702
    },
    "final_needs_avg": {
      "physiological": 5.386265854160668,
      "safety": 5.508375077977088,
      "love": 6.873188375426837,
      "esteem": 0.8179532813139051,
      "self_actualization": 5.311328131692711
    },
    "needs_improvement": {
      "physiological": 0.3407586950705479,
      "safety": 0.5773247028871173,
      "love": 1.7186522359973235,
      "esteem": -4.607517968327496,
      "self_actualization": 0.4911951012250082
    }
  },
  "inter_group_metrics": {
    "final_group_populations": {
      "A": 792
    },
    "final_group_cooperation_rates": {
      "A": 0.4166666666666667
    },
    "in_group_interaction_rate": 1.0,
    "out_group_interaction_rate": 0.0,
    "avg_in_group_trust": 0.5728062577523678,
    "avg_out_group_trust": 0.5728062577523678,
    "trust_asymmetry": 0.0,
    "group_segregation_index": 1.0,
    "total_mixing_events": 0,
    "mixing_event_success_rate": 0,
    "reputational_spillover_events": 0,
    "out_group_constraint_amplifications": 0,
    "group_extinction_events": 0
  },
  "interaction_metrics": {
    "total_interactions": 350640,
    "avg_interaction_processing_time": 0.0
  }
}