{
  "run_id": 285,
  "parameters": {
    "shock_interval_years": 2,
    "homophily_bias": 0.1466896819145526,
    "num_groups": 2,
    "out_group_trust_bias": 0.9939430398899468,
    "out_group_penalty": 1.1736220144541207,
    "intervention_interval": 15,
    "intervention_scale": 0.2960115758060824,
    "event_bonus": 1.6863636603280079,
    "base_trust_delta": 0.15116228295911172,
    "group_trust_bias": 1.7516598349450139,
    "resilience_profile": {
      "threshold": 0.2638412609963671,
      "noise": 0.12730404428507924
    },
    "turnover_rate": 0.04305972707063806,
    "social_diffusion": 0.038125184096126946,
    "max_rounds": 300,
    "initial_population": 200,
    "max_population": 800,
    "maslow_variation": 0.5,
    "constraint_threshold_range": [
      0.2,
      0.8
    ],
    "recovery_threshold": 0.15,
    "cooperation_bonus": 0.2,
    "trust_threshold": 0.6,
    "max_relationships_per_person": 150
  },
  "outcomes": {
    "final_cooperation_rate": 0.024081115335868188,
    "behavioral_cooperation_rate": 0.00713509829396605,
    "final_constrained_rate": 0.9759188846641318,
    "final_population": 789,
    "extinction_occurred": false,
    "rounds_completed": 300,
    "first_cascade_round": null,
    "total_cascade_events": 0,
    "total_shock_events": 42,
    "total_defections": 704482,
    "total_redemptions": 6070,
    "net_strategy_change": 698412,
    "total_births": 934,
    "total_deaths": 339,
    "max_population_reached": 800,
    "population_stability": 0.0027052036581688486,
    "population_growth": 4.0,
    "avg_system_stress": 10.4386108892187,
    "max_system_stress": 18.341813028905957,
    "avg_maslow_pressure": 0.20923416849435408,
    "avg_basic_needs_crisis_rate": 0.31432192648922685,
    "avg_trust_level": 0.20648111987130066,
    "cooperation_benefit_total": 0,
    "cooperation_resilience": 0.024081115335868188
  },
  "maslow_hierarchy": {
    "initial_needs_avg": {
      "physiological": 5.000281343642992,
      "safety": 4.684483329033622,
      "love": 5.107623376154272,
      "esteem": 4.993241626525243,
      "self_actualization": 5.191568231215758
    },
    "final_needs_avg": {
      "physiological": 5.165905502750207,
      "safety": 4.901355735776641,
      "love": 0.8249618030388938,
      "esteem": 0.39601685516826446,
      "self_actualization": 5.5722092548873325
    },
    "needs_improvement": {
      "physiological": 0.16562415910721562,
      "safety": 0.21687240674301922,
      "love": -4.282661573115378,
      "esteem": -4.597224771356978,
      "self_actualization": 0.3806410236715747
    }
  },
  "inter_group_metrics": {
    "final_group_populations": {
      "A": 383,
      "B": 406
    },
    "final_group_cooperation_rates": {
      "A": 0.031331592689295036,
      "B": 0.017241379310344827
    },
    "in_group_interaction_rate": 0.5716252050009585,
    "out_group_interaction_rate": 0.4283747949990416,
    "avg_in_group_trust": 0.11996143578767761,
    "avg_out_group_trust": 0.2930008039549237,
    "trust_asymmetry": -0.17303936816724613,
    "group_segregation_index": 0.5716252050009585,
    "total_mixing_events": 20,
    "mixing_event_success_rate": 1.0,
    "reputational_spillover_events": 0,
    "out_group_constraint_amplifications": 0,
    "group_extinction_events": 0
  },
  "interaction_metrics": {
    "total_interactions": 375608,
    "avg_interaction_processing_time": 0.0
  }
}