{
  "run_id": 169,
  "parameters": {
    "shock_interval_years": 5,
    "homophily_bias": 0.0,
    "num_groups": 1,
    "out_group_trust_bias": 0.8645930172035121,
    "out_group_penalty": 1.2362991789418776,
    "intervention_interval": 0,
    "intervention_scale": 0.1962224744740147,
    "event_bonus": 1.6817162205665437,
    "base_trust_delta": 0.1953914932334243,
    "group_trust_bias": 1.5700562678319068,
    "resilience_profile": {
      "threshold": 0.38210206221224696,
      "noise": 0.06306384791468309
    },
    "turnover_rate": 0.025215296972704214,
    "social_diffusion": 0.028926174524428173,
    "max_rounds": 300,
    "initial_population": 200,
    "max_population": 800,
    "maslow_variation": 0.5,
    "constraint_threshold_range": [
      0.2,
      0.8
    ],
    "recovery_threshold": 0.15,
    "cooperation_bonus": 0.2,
    "trust_threshold": 0.6,
    "max_relationships_per_person": 150
  },
  "outcomes": {
    "final_cooperation_rate": 0.8267008985879333,
    "behavioral_cooperation_rate": 0.19830334775677522,
    "final_constrained_rate": 0.17329910141206675,
    "final_population": 779,
    "extinction_occurred": false,
    "rounds_completed": 300,
    "first_cascade_round": null,
    "total_cascade_events": 0,
    "total_shock_events": 19,
    "total_defections": 318758,
    "total_redemptions": 4803,
    "net_strategy_change": 313955,
    "total_births": 832,
    "total_deaths": 253,
    "max_population_reached": 787,
    "population_stability": 0.01891513916440718,
    "population_growth": 3.935,
    "avg_system_stress": 6.2786892151248175,
    "max_system_stress": 11.106734961429387,
    "avg_maslow_pressure": 0.12465059903058692,
    "avg_basic_needs_crisis_rate": 0.2490372272143774,
    "avg_trust_level": 0.6661523892992539,
    "cooperation_benefit_total": 0,
    "cooperation_resilience": 0.8267008985879333
  },
  "maslow_hierarchy": {
    "initial_needs_avg": {
      "physiological": 5.197004366507241,
      "safety": 4.866243716141315,
      "love": 5.215102879700745,
      "esteem": 5.513315137597552,
      "self_actualization": 4.575095389807057
    },
    "final_needs_avg": {
      "physiological": 5.862020319416312,
      "safety": 5.170450336883014,
      "love": 7.402992105085327,
      "esteem": 0.29567005130727114,
      "self_actualization": 4.90805548668123
    },
    "needs_improvement": {
      "physiological": 0.6650159529090711,
      "safety": 0.3042066207416987,
      "love": 2.1878892253845823,
      "esteem": -5.217645086290282,
      "self_actualization": 0.3329600968741726
    }
  },
  "inter_group_metrics": {
    "final_group_populations": {
      "A": 779
    },
    "final_group_cooperation_rates": {
      "A": 0.8267008985879333
    },
    "in_group_interaction_rate": 1.0,
    "out_group_interaction_rate": 0.0,
    "avg_in_group_trust": 0.6661523892992539,
    "avg_out_group_trust": 0.6661523892992539,
    "trust_asymmetry": 0.0,
    "group_segregation_index": 1.0,
    "total_mixing_events": 0,
    "mixing_event_success_rate": 0,
    "reputational_spillover_events": 0,
    "out_group_constraint_amplifications": 0,
    "group_extinction_events": 0
  },
  "interaction_metrics": {
    "total_interactions": 281024,
    "avg_interaction_processing_time": 0.0
  }
}