{
  "run_id": 151,
  "parameters": {
    "shock_interval_years": 10,
    "homophily_bias": 0.0,
    "num_groups": 1,
    "out_group_trust_bias": 0.9072352555562246,
    "out_group_penalty": 1.2647138132157754,
    "intervention_interval": 0,
    "intervention_scale": 0.07640413384142651,
    "event_bonus": 2.483108209775919,
    "base_trust_delta": 0.0628973561427764,
    "group_trust_bias": 1.7020870503843317,
    "resilience_profile": {
      "threshold": 0.3108175563605646,
      "noise": 0.09307655079863676
    },
    "turnover_rate": 0.03515557218612351,
    "social_diffusion": 0.03631232559107802,
    "max_rounds": 300,
    "initial_population": 200,
    "max_population": 800,
    "maslow_variation": 0.5,
    "constraint_threshold_range": [
      0.2,
      0.8
    ],
    "recovery_threshold": 0.15,
    "cooperation_bonus": 0.2,
    "trust_threshold": 0.6,
    "max_relationships_per_person": 150
  },
  "outcomes": {
    "final_cooperation_rate": 0.9747793190416141,
    "behavioral_cooperation_rate": 0.3600392320105835,
    "final_constrained_rate": 0.025220680958385876,
    "final_population": 793,
    "extinction_occurred": false,
    "rounds_completed": 300,
    "first_cascade_round": null,
    "total_cascade_events": 0,
    "total_shock_events": 10,
    "total_defections": 297095,
    "total_redemptions": 4033,
    "net_strategy_change": 293062,
    "total_births": 896,
    "total_deaths": 300,
    "max_population_reached": 800,
    "population_stability": 0.0031264299231032826,
    "population_growth": 4.0,
    "avg_system_stress": 1.3110370820452195,
    "max_system_stress": 4.056536402141599,
    "avg_maslow_pressure": 0.07432105716560587,
    "avg_basic_needs_crisis_rate": 0.2244640605296343,
    "avg_trust_level": 0.6235873766768514,
    "cooperation_benefit_total": 0,
    "cooperation_resilience": 0.9747793190416141
  },
  "maslow_hierarchy": {
    "initial_needs_avg": {
      "physiological": 5.186894191625149,
      "safety": 5.07115772478314,
      "love": 4.969925444795439,
      "esteem": 5.19755996965234,
      "self_actualization": 5.316701626636023
    },
    "final_needs_avg": {
      "physiological": 5.8922930867240115,
      "safety": 5.373326828363668,
      "love": 9.378905892818569,
      "esteem": 0.7785324411137885,
      "self_actualization": 5.8838169236940425
    },
    "needs_improvement": {
      "physiological": 0.7053988950988623,
      "safety": 0.3021691035805283,
      "love": 4.40898044802313,
      "esteem": -4.419027528538551,
      "self_actualization": 0.5671152970580193
    }
  },
  "inter_group_metrics": {
    "final_group_populations": {
      "A": 793
    },
    "final_group_cooperation_rates": {
      "A": 0.9747793190416141
    },
    "in_group_interaction_rate": 1.0,
    "out_group_interaction_rate": 0.0,
    "avg_in_group_trust": 0.6235873766768514,
    "avg_out_group_trust": 0.6235873766768514,
    "trust_asymmetry": 0.0,
    "group_segregation_index": 1.0,
    "total_mixing_events": 0,
    "mixing_event_success_rate": 0,
    "reputational_spillover_events": 0,
    "out_group_constraint_amplifications": 0,
    "group_extinction_events": 0
  },
  "interaction_metrics": {
    "total_interactions": 350734,
    "avg_interaction_processing_time": 0.0
  }
}