{
  "run_id": 224,
  "parameters": {
    "shock_interval_years": 10,
    "homophily_bias": 0.0,
    "num_groups": 1,
    "out_group_trust_bias": 0.9807886231399829,
    "out_group_penalty": 1.3800205501376919,
    "intervention_interval": 0,
    "intervention_scale": 0.20096716790831592,
    "event_bonus": 1.740815900514165,
    "base_trust_delta": 0.09904217943198662,
    "group_trust_bias": 1.7351400018291487,
    "resilience_profile": {
      "threshold": 0.3334663738562763,
      "noise": 0.051680725543733465
    },
    "turnover_rate": 0.049115532622276074,
    "social_diffusion": 0.06544695262745033,
    "max_rounds": 300,
    "initial_population": 200,
    "max_population": 800,
    "maslow_variation": 0.5,
    "constraint_threshold_range": [
      0.2,
      0.8
    ],
    "recovery_threshold": 0.15,
    "cooperation_bonus": 0.2,
    "trust_threshold": 0.6,
    "max_relationships_per_person": 150
  },
  "outcomes": {
    "final_cooperation_rate": 0.8663303909205549,
    "behavioral_cooperation_rate": 0.6001156933409779,
    "final_constrained_rate": 0.13366960907944514,
    "final_population": 793,
    "extinction_occurred": false,
    "rounds_completed": 300,
    "first_cascade_round": null,
    "total_cascade_events": 0,
    "total_shock_events": 5,
    "total_defections": 193850,
    "total_redemptions": 1923,
    "net_strategy_change": 191927,
    "total_births": 974,
    "total_deaths": 377,
    "max_population_reached": 800,
    "population_stability": 0.005764321582123104,
    "population_growth": 4.0,
    "avg_system_stress": 0.4363787666761768,
    "max_system_stress": 2.2781378397017114,
    "avg_maslow_pressure": 0.05442155661543144,
    "avg_basic_needs_crisis_rate": 0.21815889029003782,
    "avg_trust_level": 0.7067561337143334,
    "cooperation_benefit_total": 0,
    "cooperation_resilience": 0.8663303909205549
  },
  "maslow_hierarchy": {
    "initial_needs_avg": {
      "physiological": 5.0421943695615274,
      "safety": 4.755832508667978,
      "love": 4.861228726769189,
      "esteem": 5.00240657680968,
      "self_actualization": 5.113890908527725
    },
    "final_needs_avg": {
      "physiological": 5.671930064052126,
      "safety": 5.495391311316753,
      "love": 9.056648134230217,
      "esteem": 2.6739177280680226,
      "self_actualization": 6.030194899788217
    },
    "needs_improvement": {
      "physiological": 0.6297356944905985,
      "safety": 0.7395588026487756,
      "love": 4.195419407461028,
      "esteem": -2.328488848741657,
      "self_actualization": 0.9163039912604924
    }
  },
  "inter_group_metrics": {
    "final_group_populations": {
      "A": 793
    },
    "final_group_cooperation_rates": {
      "A": 0.8663303909205549
    },
    "in_group_interaction_rate": 1.0,
    "out_group_interaction_rate": 0.0,
    "avg_in_group_trust": 0.7067561337143334,
    "avg_out_group_trust": 0.7067561337143334,
    "trust_asymmetry": 0.0,
    "group_segregation_index": 1.0,
    "total_mixing_events": 0,
    "mixing_event_success_rate": 0,
    "reputational_spillover_events": 0,
    "out_group_constraint_amplifications": 0,
    "group_extinction_events": 0
  },
  "interaction_metrics": {
    "total_interactions": 390688,
    "avg_interaction_processing_time": 0.0
  }
}