{
  "run_id": 52,
  "parameters": {
    "shock_interval_years": 2,
    "homophily_bias": 0.23300401592322928,
    "num_groups": 3,
    "out_group_trust_bias": 0.985492554990782,
    "out_group_penalty": 1.4081019200614815,
    "intervention_interval": 25,
    "intervention_scale": 0.1693885138532868,
    "event_bonus": 2.1281388182381336,
    "base_trust_delta": 0.12402529870012562,
    "group_trust_bias": 1.2015387518432854,
    "resilience_profile": {
      "threshold": 0.1623386928419568,
      "noise": 0.012455169825996842
    },
    "turnover_rate": 0.03094901490098432,
    "social_diffusion": 0.020829142167857674,
    "max_rounds": 300,
    "initial_population": 200,
    "max_population": 800,
    "maslow_variation": 0.5,
    "constraint_threshold_range": [
      0.2,
      0.8
    ],
    "recovery_threshold": 0.15,
    "cooperation_bonus": 0.2,
    "trust_threshold": 0.6,
    "max_relationships_per_person": 150
  },
  "outcomes": {
    "final_cooperation_rate": 0.042821158690176324,
    "behavioral_cooperation_rate": 0.010407483133562179,
    "final_constrained_rate": 0.9571788413098237,
    "final_population": 794,
    "extinction_occurred": false,
    "rounds_completed": 300,
    "first_cascade_round": null,
    "total_cascade_events": 0,
    "total_shock_events": 40,
    "total_defections": 608090,
    "total_redemptions": 3026,
    "net_strategy_change": 605064,
    "total_births": 861,
    "total_deaths": 265,
    "max_population_reached": 800,
    "population_stability": 0.0022683392621633464,
    "population_growth": 4.0,
    "avg_system_stress": 9.249198108763709,
    "max_system_stress": 18.821646316053723,
    "avg_maslow_pressure": 0.23825010702500568,
    "avg_basic_needs_crisis_rate": 0.40302267002518893,
    "avg_trust_level": 0.19778037729500234,
    "cooperation_benefit_total": 0,
    "cooperation_resilience": 0.042821158690176324
  },
  "maslow_hierarchy": {
    "initial_needs_avg": {
      "physiological": 4.991670175217947,
      "safety": 4.998863484920437,
      "love": 5.015882854303127,
      "esteem": 5.040630393702428,
      "self_actualization": 5.4075620148933
    },
    "final_needs_avg": {
      "physiological": 4.666347052782558,
      "safety": 4.9190878728339555,
      "love": 0.5091835410257751,
      "esteem": 0.2874166275150833,
      "self_actualization": 5.386951121425377
    },
    "needs_improvement": {
      "physiological": -0.32532312243538897,
      "safety": -0.07977561208648165,
      "love": -4.506699313277352,
      "esteem": -4.753213766187345,
      "self_actualization": -0.02061089346792322
    }
  },
  "inter_group_metrics": {
    "final_group_populations": {
      "A": 281,
      "B": 279,
      "C": 234
    },
    "final_group_cooperation_rates": {
      "A": 0.042704626334519574,
      "B": 0.05017921146953405,
      "C": 0.03418803418803419
    },
    "in_group_interaction_rate": 0.48723527977340514,
    "out_group_interaction_rate": 0.5127647202265949,
    "avg_in_group_trust": 0.15687803377537132,
    "avg_out_group_trust": 0.23868272081463335,
    "trust_asymmetry": -0.08180468703926203,
    "group_segregation_index": 0.48723527977340514,
    "total_mixing_events": 12,
    "mixing_event_success_rate": 1.0,
    "reputational_spillover_events": 0,
    "out_group_constraint_amplifications": 0,
    "group_extinction_events": 0
  },
  "interaction_metrics": {
    "total_interactions": 319866,
    "avg_interaction_processing_time": 0.0
  }
}