{
  "run_id": 463,
  "parameters": {
    "shock_interval_years": 20,
    "homophily_bias": 0.0,
    "num_groups": 1,
    "out_group_trust_bias": 1.0675536790445355,
    "out_group_penalty": 1.412935092857472,
    "intervention_interval": 0,
    "intervention_scale": 0.06545636930442529,
    "event_bonus": 2.179471368142285,
    "base_trust_delta": 0.12864548939652215,
    "group_trust_bias": 1.5769912141544196,
    "resilience_profile": {
      "threshold": 0.24559510810772503,
      "noise": 0.10592186424142215
    },
    "turnover_rate": 0.039793557205684234,
    "social_diffusion": 0.07283819125365402,
    "max_rounds": 300,
    "initial_population": 200,
    "max_population": 800,
    "maslow_variation": 0.5,
    "constraint_threshold_range": [
      0.2,
      0.8
    ],
    "recovery_threshold": 0.15,
    "cooperation_bonus": 0.2,
    "trust_threshold": 0.6,
    "max_relationships_per_person": 150
  },
  "outcomes": {
    "final_cooperation_rate": 1.0,
    "behavioral_cooperation_rate": 0.6932459704544843,
    "final_constrained_rate": 0.0,
    "final_population": 791,
    "extinction_occurred": false,
    "rounds_completed": 300,
    "first_cascade_round": null,
    "total_cascade_events": 0,
    "total_shock_events": 1,
    "total_defections": 130597,
    "total_redemptions": 393,
    "net_strategy_change": 130204,
    "total_births": 938,
    "total_deaths": 342,
    "max_population_reached": 800,
    "population_stability": 0.0033560584732206696,
    "population_growth": 4.0,
    "avg_system_stress": 0.11512384892960249,
    "max_system_stress": 0.8261102973359129,
    "avg_maslow_pressure": 0.029380144734511466,
    "avg_basic_needs_crisis_rate": 0.1529709228824273,
    "avg_trust_level": 0.7861574747129212,
    "cooperation_benefit_total": 0,
    "cooperation_resilience": 1.0
  },
  "maslow_hierarchy": {
    "initial_needs_avg": {
      "physiological": 5.409439486494067,
      "safety": 4.986747697256399,
      "love": 4.694229937732202,
      "esteem": 5.113002336669469,
      "self_actualization": 5.140312237225073
    },
    "final_needs_avg": {
      "physiological": 6.411525164962568,
      "safety": 5.780628740097062,
      "love": 9.981460038546103,
      "esteem": 4.443539735553006,
      "self_actualization": 5.809234518603332
    },
    "needs_improvement": {
      "physiological": 1.002085678468501,
      "safety": 0.7938810428406633,
      "love": 5.287230100813901,
      "esteem": -0.6694626011164626,
      "self_actualization": 0.6689222813782587
    }
  },
  "inter_group_metrics": {
    "final_group_populations": {
      "A": 791
    },
    "final_group_cooperation_rates": {
      "A": 1.0
    },
    "in_group_interaction_rate": 1.0,
    "out_group_interaction_rate": 0.0,
    "avg_in_group_trust": 0.7861574747129212,
    "avg_out_group_trust": 0.7861574747129212,
    "trust_asymmetry": 0.0,
    "group_segregation_index": 1.0,
    "total_mixing_events": 0,
    "mixing_event_success_rate": 0,
    "reputational_spillover_events": 0,
    "out_group_constraint_amplifications": 0,
    "group_extinction_events": 0
  },
  "interaction_metrics": {
    "total_interactions": 371630,
    "avg_interaction_processing_time": 0.0
  }
}