{
  "run_id": 322,
  "parameters": {
    "shock_interval_years": 2,
    "homophily_bias": 0.26224234179352285,
    "num_groups": 3,
    "out_group_trust_bias": 0.8815268029987559,
    "out_group_penalty": 1.279851630687633,
    "intervention_interval": 10,
    "intervention_scale": 0.10518240997626833,
    "event_bonus": 2.013608323399275,
    "base_trust_delta": 0.17568735052750617,
    "group_trust_bias": 1.4396506390025492,
    "resilience_profile": {
      "threshold": 0.2310027171907843,
      "noise": 0.018437861730712383
    },
    "turnover_rate": 0.03418950316056575,
    "social_diffusion": 0.09323938129766407,
    "max_rounds": 300,
    "initial_population": 200,
    "max_population": 800,
    "maslow_variation": 0.5,
    "constraint_threshold_range": [
      0.2,
      0.8
    ],
    "recovery_threshold": 0.15,
    "cooperation_bonus": 0.2,
    "trust_threshold": 0.6,
    "max_relationships_per_person": 150
  },
  "outcomes": {
    "final_cooperation_rate": 0.013836477987421384,
    "behavioral_cooperation_rate": 0.0041713588311941,
    "final_constrained_rate": 0.9861635220125786,
    "final_population": 795,
    "extinction_occurred": false,
    "rounds_completed": 300,
    "first_cascade_round": null,
    "total_cascade_events": 0,
    "total_shock_events": 39,
    "total_defections": 642034,
    "total_redemptions": 4105,
    "net_strategy_change": 637929,
    "total_births": 877,
    "total_deaths": 280,
    "max_population_reached": 800,
    "population_stability": 0.0019085314581077366,
    "population_growth": 4.0,
    "avg_system_stress": 9.246545452125048,
    "max_system_stress": 16.287960800222987,
    "avg_maslow_pressure": 0.2190266477332848,
    "avg_basic_needs_crisis_rate": 0.2729559748427673,
    "avg_trust_level": 0.14220105586467324,
    "cooperation_benefit_total": 0,
    "cooperation_resilience": 0.013836477987421384
  },
  "maslow_hierarchy": {
    "initial_needs_avg": {
      "physiological": 5.333630429564622,
      "safety": 5.149176961308126,
      "love": 5.229796449671139,
      "esteem": 4.73958287147867,
      "self_actualization": 5.088407837927837
    },
    "final_needs_avg": {
      "physiological": 5.2233436562365885,
      "safety": 5.308885286005637,
      "love": 0.5467535941697759,
      "esteem": 0.3038418229112178,
      "self_actualization": 5.13448618768414
    },
    "needs_improvement": {
      "physiological": -0.11028677332803394,
      "safety": 0.15970832469751084,
      "love": -4.683042855501363,
      "esteem": -4.435741048567452,
      "self_actualization": 0.04607834975630354
    }
  },
  "inter_group_metrics": {
    "final_group_populations": {
      "C": 306,
      "A": 282,
      "B": 207
    },
    "final_group_cooperation_rates": {
      "C": 0.02287581699346405,
      "A": 0.0070921985815602835,
      "B": 0.00966183574879227
    },
    "in_group_interaction_rate": 0.5114763957101333,
    "out_group_interaction_rate": 0.4885236042898667,
    "avg_in_group_trust": 0.071153221471561,
    "avg_out_group_trust": 0.2132488902577855,
    "trust_asymmetry": -0.1420956687862245,
    "group_segregation_index": 0.5114763957101333,
    "total_mixing_events": 30,
    "mixing_event_success_rate": 1.0,
    "reputational_spillover_events": 0,
    "out_group_constraint_amplifications": 0,
    "group_extinction_events": 0
  },
  "interaction_metrics": {
    "total_interactions": 339218,
    "avg_interaction_processing_time": 0.0
  }
}