{
  "run_id": 461,
  "parameters": {
    "shock_interval_years": 5,
    "homophily_bias": 0.0,
    "num_groups": 1,
    "out_group_trust_bias": 0.8381290552686343,
    "out_group_penalty": 1.384416068493206,
    "intervention_interval": 0,
    "intervention_scale": 0.16827269878485945,
    "event_bonus": 1.7141952714820643,
    "base_trust_delta": 0.13505563548636568,
    "group_trust_bias": 1.5463470509384538,
    "resilience_profile": {
      "threshold": 0.3499474764329774,
      "noise": 0.13501515526571178
    },
    "turnover_rate": 0.03662546722009817,
    "social_diffusion": 0.019902911046821847,
    "max_rounds": 300,
    "initial_population": 200,
    "max_population": 800,
    "maslow_variation": 0.5,
    "constraint_threshold_range": [
      0.05,
      0.25
    ],
    "recovery_threshold": 0.3,
    "cooperation_bonus": 0.2,
    "trust_threshold": 0.6,
    "max_relationships_per_person": 150
  },
  "outcomes": {
    "final_cooperation_rate": 0.0,
    "final_constrained_rate": 1.0,
    "final_population": 1,
    "extinction_occurred": false,
    "rounds_completed": 300,
    "first_cascade_round": null,
    "total_cascade_events": 0,
    "total_shock_events": 12,
    "total_defections": 904397,
    "total_redemptions": 126,
    "net_strategy_change": 904271,
    "total_births": 112,
    "total_deaths": 311,
    "max_population_reached": 312,
    "population_stability": 0.5568128547931592,
    "population_growth": 1.56,
    "avg_system_stress": 1.238336676662389,
    "max_system_stress": 2.535299631318533,
    "avg_maslow_pressure": 0.4028500121031828,
    "avg_basic_needs_crisis_rate": 1.0,
    "avg_trust_level": 0.09425856477832058,
    "cooperation_benefit_total": 0,
    "cooperation_resilience": 0.0
  },
  "maslow_hierarchy": {
    "initial_needs_avg": {
      "physiological": 7.3542552629076345,
      "safety": 0.1264324892111363,
      "love": 0.0,
      "esteem": 0.029018924852392304,
      "self_actualization": 2.5846869957904666
    },
    "final_needs_avg": {
      "physiological": 7.3542552629076345,
      "safety": 0.1264324892111363,
      "love": 0.0,
      "esteem": 0.029018924852392304,
      "self_actualization": 2.5846869957904666
    },
    "needs_improvement": {
      "physiological": 0.0,
      "safety": 0.0,
      "love": 0.0,
      "esteem": 0.0,
      "self_actualization": 0.0
    }
  },
  "inter_group_metrics": {
    "final_group_populations": {
      "A": 1
    },
    "final_group_cooperation_rates": {
      "A": 0.0
    },
    "in_group_interaction_rate": 1.0,
    "out_group_interaction_rate": 0.0,
    "avg_in_group_trust": 0.09425856477832058,
    "avg_out_group_trust": 0.09425856477832058,
    "trust_asymmetry": 0.0,
    "group_segregation_index": 1.0,
    "total_mixing_events": 0,
    "mixing_event_success_rate": 0,
    "reputational_spillover_events": 0,
    "out_group_constraint_amplifications": 0,
    "group_extinction_events": 0
  },
  "interaction_metrics": {
    "total_interactions": 907637,
    "avg_interaction_processing_time": 0.0
  }
}