{
  "run_id": 166,
  "parameters": {
    "shock_interval_years": 20,
    "homophily_bias": 0.7834394882623904,
    "num_groups": 3,
    "out_group_trust_bias": 0.8924526246046327,
    "out_group_penalty": 1.3860274049661228,
    "intervention_interval": 15,
    "intervention_scale": 0.2387185407606161,
    "event_bonus": 2.329313104593417,
    "base_trust_delta": 0.15809493102700017,
    "group_trust_bias": 1.3330891663096445,
    "resilience_profile": {
      "threshold": 0.22207102276033225,
      "noise": 0.006939329891059281
    },
    "turnover_rate": 0.04332474325006646,
    "social_diffusion": 0.07956497313685282,
    "max_rounds": 300,
    "initial_population": 200,
    "max_population": 800,
    "maslow_variation": 0.5,
    "constraint_threshold_range": [
      0.05,
      0.25
    ],
    "recovery_threshold": 0.3,
    "cooperation_bonus": 0.2,
    "trust_threshold": 0.6,
    "max_relationships_per_person": 150
  },
  "outcomes": {
    "final_cooperation_rate": 0.0,
    "final_constrained_rate": 1.0,
    "final_population": 1,
    "extinction_occurred": false,
    "rounds_completed": 300,
    "first_cascade_round": null,
    "total_cascade_events": 0,
    "total_shock_events": 3,
    "total_defections": 1816283,
    "total_redemptions": 271,
    "net_strategy_change": 1816012,
    "total_births": 424,
    "total_deaths": 622,
    "max_population_reached": 624,
    "population_stability": 0.5642602552761938,
    "population_growth": 3.12,
    "avg_system_stress": 0.4012198374338914,
    "max_system_stress": 1.1252776129477768,
    "avg_maslow_pressure": 0.25361238109984324,
    "avg_basic_needs_crisis_rate": 0.0,
    "avg_trust_level": 0.11122834051191943,
    "cooperation_benefit_total": 0,
    "cooperation_resilience": 0.0
  },
  "maslow_hierarchy": {
    "initial_needs_avg": {
      "physiological": 3.0040980870806093,
      "safety": 7.814582113342269,
      "love": 2.2953657652059953,
      "esteem": 0.170362308536118,
      "self_actualization": 4.251254160412739
    },
    "final_needs_avg": {
      "physiological": 3.0040980870806093,
      "safety": 7.814582113342269,
      "love": 2.2953657652059953,
      "esteem": 0.170362308536118,
      "self_actualization": 4.251254160412739
    },
    "needs_improvement": {
      "physiological": 0.0,
      "safety": 0.0,
      "love": 0.0,
      "esteem": 0.0,
      "self_actualization": 0.0
    }
  },
  "inter_group_metrics": {
    "final_group_populations": {
      "B": 1
    },
    "final_group_cooperation_rates": {
      "B": 0.0
    },
    "in_group_interaction_rate": 0.8556952433513245,
    "out_group_interaction_rate": 0.1443047566486755,
    "avg_in_group_trust": 0.10380433147701976,
    "avg_out_group_trust": 0.1186523495468191,
    "trust_asymmetry": -0.014848018069799337,
    "group_segregation_index": 0.8556952433513245,
    "total_mixing_events": 20,
    "mixing_event_success_rate": 0.95,
    "reputational_spillover_events": 0,
    "out_group_constraint_amplifications": 0,
    "group_extinction_events": 0
  },
  "interaction_metrics": {
    "total_interactions": 1826454,
    "avg_interaction_processing_time": 0.0
  }
}