{
  "run_id": 13,
  "parameters": {
    "shock_interval_years": 5,
    "homophily_bias": 0.0,
    "num_groups": 1,
    "out_group_trust_bias": 1.046774794786401,
    "out_group_penalty": 1.1590208689197252,
    "intervention_interval": 0,
    "intervention_scale": 0.11099291925359704,
    "event_bonus": 1.839923288518956,
    "base_trust_delta": 0.17089504682621381,
    "group_trust_bias": 1.22024764496,
    "resilience_profile": {
      "threshold": 0.14430979490269552,
      "noise": 0.02304600478414626
    },
    "turnover_rate": 0.03477982436158109,
    "social_diffusion": 0.08301112547553566,
    "max_rounds": 300,
    "initial_population": 200,
    "max_population": 800,
    "maslow_variation": 0.5,
    "constraint_threshold_range": [
      0.05,
      0.25
    ],
    "recovery_threshold": 0.3,
    "cooperation_bonus": 0.2,
    "trust_threshold": 0.6,
    "max_relationships_per_person": 150
  },
  "outcomes": {
    "final_cooperation_rate": 0.0,
    "final_constrained_rate": 1.0,
    "final_population": 3,
    "extinction_occurred": false,
    "rounds_completed": 300,
    "first_cascade_round": null,
    "total_cascade_events": 0,
    "total_shock_events": 14,
    "total_defections": 2333384,
    "total_redemptions": 476,
    "net_strategy_change": 2332908,
    "total_births": 600,
    "total_deaths": 794,
    "max_population_reached": 800,
    "population_stability": 0.581233880632163,
    "population_growth": 4.0,
    "avg_system_stress": 2.3890010502509313,
    "max_system_stress": 5.916933469723253,
    "avg_maslow_pressure": 0.13540010105181213,
    "avg_basic_needs_crisis_rate": 0.0,
    "avg_trust_level": 0.048872178191553865,
    "cooperation_benefit_total": 0,
    "cooperation_resilience": 0.0
  },
  "maslow_hierarchy": {
    "initial_needs_avg": {
      "physiological": 5.256201232586876,
      "safety": 7.827220884614246,
      "love": 2.23820310516556,
      "esteem": 1.797784470661829,
      "self_actualization": 4.425101387151062
    },
    "final_needs_avg": {
      "physiological": 5.256201232586876,
      "safety": 7.827220884614246,
      "love": 2.23820310516556,
      "esteem": 1.797784470661829,
      "self_actualization": 4.425101387151062
    },
    "needs_improvement": {
      "physiological": 0.0,
      "safety": 0.0,
      "love": 0.0,
      "esteem": 0.0,
      "self_actualization": 0.0
    }
  },
  "inter_group_metrics": {
    "final_group_populations": {
      "A": 3
    },
    "final_group_cooperation_rates": {
      "A": 0.0
    },
    "in_group_interaction_rate": 1.0,
    "out_group_interaction_rate": 0.0,
    "avg_in_group_trust": 0.048872178191553865,
    "avg_out_group_trust": 0.048872178191553865,
    "trust_asymmetry": 0.0,
    "group_segregation_index": 1.0,
    "total_mixing_events": 0,
    "mixing_event_success_rate": 0,
    "reputational_spillover_events": 0,
    "out_group_constraint_amplifications": 0,
    "group_extinction_events": 0
  },
  "interaction_metrics": {
    "total_interactions": 2362902,
    "avg_interaction_processing_time": 0.0
  }
}