{
  "run_id": 65,
  "parameters": {
    "shock_interval_years": 20,
    "homophily_bias": 0.5872434166864211,
    "num_groups": 2,
    "out_group_trust_bias": 0.9270435306086969,
    "out_group_penalty": 1.2085685159835609,
    "intervention_interval": 15,
    "intervention_scale": 0.2721387702941784,
    "event_bonus": 2.092207025289695,
    "base_trust_delta": 0.18158441639381206,
    "group_trust_bias": 1.6589989440552229,
    "resilience_profile": {
      "threshold": 0.16761198427087676,
      "noise": 0.056113279241219165
    },
    "turnover_rate": 0.03181217888271145,
    "social_diffusion": 0.0579767371416812,
    "max_rounds": 300,
    "initial_population": 200,
    "max_population": 800,
    "maslow_variation": 0.5,
    "constraint_threshold_range": [
      0.05,
      0.25
    ],
    "recovery_threshold": 0.3,
    "cooperation_bonus": 0.2,
    "trust_threshold": 0.6,
    "max_relationships_per_person": 150
  },
  "outcomes": {
    "final_cooperation_rate": 0.0,
    "final_constrained_rate": 1.0,
    "final_population": 1,
    "extinction_occurred": false,
    "rounds_completed": 300,
    "first_cascade_round": null,
    "total_cascade_events": 0,
    "total_shock_events": 3,
    "total_defections": 1483363,
    "total_redemptions": 213,
    "net_strategy_change": 1483150,
    "total_births": 309,
    "total_deaths": 506,
    "max_population_reached": 509,
    "population_stability": 0.6037927080198988,
    "population_growth": 2.545,
    "avg_system_stress": 0.13084601002825294,
    "max_system_stress": 0.703137467530894,
    "avg_maslow_pressure": 0.0,
    "avg_basic_needs_crisis_rate": 0.0,
    "avg_trust_level": 0.1020356556015892,
    "cooperation_benefit_total": 0,
    "cooperation_resilience": 0.0
  },
  "maslow_hierarchy": {
    "initial_needs_avg": {
      "physiological": 9.566401848866745,
      "safety": 6.349936104298319,
      "love": 2.231663944136443,
      "esteem": 3.6928455727022884,
      "self_actualization": 6.1674927288066925
    },
    "final_needs_avg": {
      "physiological": 9.566401848866745,
      "safety": 6.349936104298319,
      "love": 2.231663944136443,
      "esteem": 3.6928455727022884,
      "self_actualization": 6.1674927288066925
    },
    "needs_improvement": {
      "physiological": 0.0,
      "safety": 0.0,
      "love": 0.0,
      "esteem": 0.0,
      "self_actualization": 0.0
    }
  },
  "inter_group_metrics": {
    "final_group_populations": {
      "A": 1
    },
    "final_group_cooperation_rates": {
      "A": 0.0
    },
    "in_group_interaction_rate": 0.7949102548557104,
    "out_group_interaction_rate": 0.20508974514428963,
    "avg_in_group_trust": 0.0920882798191513,
    "avg_out_group_trust": 0.11198303138402708,
    "trust_asymmetry": -0.019894751564875787,
    "group_segregation_index": 0.7949102548557104,
    "total_mixing_events": 20,
    "mixing_event_success_rate": 0.95,
    "reputational_spillover_events": 0,
    "out_group_constraint_amplifications": 0,
    "group_extinction_events": 0
  },
  "interaction_metrics": {
    "total_interactions": 1492727,
    "avg_interaction_processing_time": 0.0
  }
}