{
  "run_id": 48,
  "parameters": {
    "shock_interval_years": 10,
    "homophily_bias": 0.08074732280088687,
    "num_groups": 2,
    "out_group_trust_bias": 0.9372752144727643,
    "out_group_penalty": 1.1008019764164874,
    "intervention_interval": 25,
    "intervention_scale": 0.2635689165277039,
    "event_bonus": 1.701858862290364,
    "base_trust_delta": 0.19321505462506322,
    "group_trust_bias": 1.2105942779182277,
    "resilience_profile": {
      "threshold": 0.25149005016737874,
      "noise": 0.038503683900014844
    },
    "turnover_rate": 0.029063499184840868,
    "social_diffusion": 0.007962796678396656,
    "max_rounds": 300,
    "initial_population": 200,
    "max_population": 800,
    "maslow_variation": 0.5,
    "constraint_threshold_range": [
      0.05,
      0.25
    ],
    "recovery_threshold": 0.3,
    "cooperation_bonus": 0.2,
    "trust_threshold": 0.6,
    "max_relationships_per_person": 150
  },
  "outcomes": {
    "final_cooperation_rate": 0.0,
    "final_constrained_rate": 1.0,
    "final_population": 1,
    "extinction_occurred": false,
    "rounds_completed": 300,
    "first_cascade_round": null,
    "total_cascade_events": 0,
    "total_shock_events": 5,
    "total_defections": 943057,
    "total_redemptions": 121,
    "net_strategy_change": 942936,
    "total_births": 126,
    "total_deaths": 324,
    "max_population_reached": 326,
    "population_stability": 0.5401145364402375,
    "population_growth": 1.63,
    "avg_system_stress": 0.27128638012704737,
    "max_system_stress": 0.7398898121179027,
    "avg_maslow_pressure": 0.2112708283259139,
    "avg_basic_needs_crisis_rate": 1.0,
    "avg_trust_level": 0.11900626476989655,
    "cooperation_benefit_total": 0,
    "cooperation_resilience": 0.0
  },
  "maslow_hierarchy": {
    "initial_needs_avg": {
      "physiological": 5.011189469918936,
      "safety": 1.4692393789861697,
      "love": 2.389173105173198,
      "esteem": 3.2148146655827348,
      "self_actualization": 5.838418492745403
    },
    "final_needs_avg": {
      "physiological": 5.011189469918936,
      "safety": 1.4692393789861697,
      "love": 2.389173105173198,
      "esteem": 3.2148146655827348,
      "self_actualization": 5.838418492745403
    },
    "needs_improvement": {
      "physiological": 0.0,
      "safety": 0.0,
      "love": 0.0,
      "esteem": 0.0,
      "self_actualization": 0.0
    }
  },
  "inter_group_metrics": {
    "final_group_populations": {
      "A": 1
    },
    "final_group_cooperation_rates": {
      "A": 0.0
    },
    "in_group_interaction_rate": 0.559967162990112,
    "out_group_interaction_rate": 0.4400328370098881,
    "avg_in_group_trust": 0.10617092951916973,
    "avg_out_group_trust": 0.13184160002062337,
    "trust_asymmetry": -0.025670670501453635,
    "group_segregation_index": 0.559967162990112,
    "total_mixing_events": 12,
    "mixing_event_success_rate": 0.9166666666666666,
    "reputational_spillover_events": 0,
    "out_group_constraint_amplifications": 0,
    "group_extinction_events": 0
  },
  "interaction_metrics": {
    "total_interactions": 946493,
    "avg_interaction_processing_time": 0.0
  }
}