{
  "run_id": 153,
  "parameters": {
    "shock_interval_years": 10,
    "homophily_bias": 0.6656175636386761,
    "num_groups": 2,
    "out_group_trust_bias": 0.8900571354343148,
    "out_group_penalty": 1.3025103201332258,
    "intervention_interval": 10,
    "intervention_scale": 0.17250466820764587,
    "event_bonus": 1.553636451680335,
    "base_trust_delta": 0.11546196825947133,
    "group_trust_bias": 1.4237561644818502,
    "resilience_profile": {
      "threshold": 0.11286185718757771,
      "noise": 0.0685659341734176
    },
    "turnover_rate": 0.04942724826475078,
    "social_diffusion": 0.09982277814270396,
    "max_rounds": 300,
    "initial_population": 200,
    "max_population": 800,
    "maslow_variation": 0.5,
    "constraint_threshold_range": [
      0.05,
      0.25
    ],
    "recovery_threshold": 0.3,
    "cooperation_bonus": 0.2,
    "trust_threshold": 0.6,
    "max_relationships_per_person": 150
  },
  "outcomes": {
    "final_cooperation_rate": 0.0,
    "final_constrained_rate": 1.0,
    "final_population": 3,
    "extinction_occurred": false,
    "rounds_completed": 300,
    "first_cascade_round": null,
    "total_cascade_events": 0,
    "total_shock_events": 8,
    "total_defections": 2353525,
    "total_redemptions": 336,
    "net_strategy_change": 2353189,
    "total_births": 600,
    "total_deaths": 793,
    "max_population_reached": 800,
    "population_stability": 0.535254504567044,
    "population_growth": 4.0,
    "avg_system_stress": 1.1722839854067058,
    "max_system_stress": 2.714322086633416,
    "avg_maslow_pressure": 0.04933815707491344,
    "avg_basic_needs_crisis_rate": 0.0,
    "avg_trust_level": 0.10721544109803506,
    "cooperation_benefit_total": 0,
    "cooperation_resilience": 0.0
  },
  "maslow_hierarchy": {
    "initial_needs_avg": {
      "physiological": 6.247115837630567,
      "safety": 6.648043256340922,
      "love": 1.9825092744328465,
      "esteem": 0.6548769011846399,
      "self_actualization": 7.669455950210003
    },
    "final_needs_avg": {
      "physiological": 6.247115837630567,
      "safety": 6.648043256340922,
      "love": 1.9825092744328465,
      "esteem": 0.6548769011846399,
      "self_actualization": 7.669455950210003
    },
    "needs_improvement": {
      "physiological": 0.0,
      "safety": 0.0,
      "love": 0.0,
      "esteem": 0.0,
      "self_actualization": 0.0
    }
  },
  "inter_group_metrics": {
    "final_group_populations": {
      "A": 3
    },
    "final_group_cooperation_rates": {
      "A": 0.0
    },
    "in_group_interaction_rate": 0.8326912544210614,
    "out_group_interaction_rate": 0.16730874557893857,
    "avg_in_group_trust": 0.09625942657882011,
    "avg_out_group_trust": 0.11817145561725001,
    "trust_asymmetry": -0.021912029038429898,
    "group_segregation_index": 0.8326912544210614,
    "total_mixing_events": 30,
    "mixing_event_success_rate": 0.9666666666666667,
    "reputational_spillover_events": 0,
    "out_group_constraint_amplifications": 0,
    "group_extinction_events": 0
  },
  "interaction_metrics": {
    "total_interactions": 2369906,
    "avg_interaction_processing_time": 0.0
  }
}