{
  "run_id": 186,
  "parameters": {
    "shock_interval_years": 10,
    "homophily_bias": 0.0,
    "num_groups": 1,
    "out_group_trust_bias": 0.8262782485594815,
    "out_group_penalty": 1.3105800641431828,
    "intervention_interval": 0,
    "intervention_scale": 0.15253263836152559,
    "event_bonus": 1.553618987533275,
    "base_trust_delta": 0.15580005992651752,
    "group_trust_bias": 1.456226607860457,
    "resilience_profile": {
      "threshold": 0.16210143269095467,
      "noise": 0.06641921795179291
    },
    "turnover_rate": 0.03715893186303879,
    "social_diffusion": 0.08549921630157237,
    "max_rounds": 300,
    "initial_population": 200,
    "max_population": 800,
    "maslow_variation": 0.5,
    "constraint_threshold_range": [
      0.05,
      0.25
    ],
    "recovery_threshold": 0.3,
    "cooperation_bonus": 0.2,
    "trust_threshold": 0.6,
    "max_relationships_per_person": 150
  },
  "outcomes": {
    "final_cooperation_rate": 0.0,
    "final_constrained_rate": 1.0,
    "final_population": 4,
    "extinction_occurred": false,
    "rounds_completed": 300,
    "first_cascade_round": null,
    "total_cascade_events": 0,
    "total_shock_events": 5,
    "total_defections": 2347026,
    "total_redemptions": 423,
    "net_strategy_change": 2346603,
    "total_births": 600,
    "total_deaths": 794,
    "max_population_reached": 800,
    "population_stability": 0.605714008660542,
    "population_growth": 4.0,
    "avg_system_stress": 0.1755910908957845,
    "max_system_stress": 0.5882356609736462,
    "avg_maslow_pressure": 0.19000262517424843,
    "avg_basic_needs_crisis_rate": 0.25,
    "avg_trust_level": 0.04300782883836866,
    "cooperation_benefit_total": 0,
    "cooperation_resilience": 0.0
  },
  "maslow_hierarchy": {
    "initial_needs_avg": {
      "physiological": 5.195109869353433,
      "safety": 5.94112055634387,
      "love": 1.082501237475273,
      "esteem": 1.1833683692275019,
      "self_actualization": 4.493551158921974
    },
    "final_needs_avg": {
      "physiological": 5.195109869353433,
      "safety": 5.94112055634387,
      "love": 1.082501237475273,
      "esteem": 1.1833683692275019,
      "self_actualization": 4.493551158921974
    },
    "needs_improvement": {
      "physiological": 0.0,
      "safety": 0.0,
      "love": 0.0,
      "esteem": 0.0,
      "self_actualization": 0.0
    }
  },
  "inter_group_metrics": {
    "final_group_populations": {
      "A": 4
    },
    "final_group_cooperation_rates": {
      "A": 0.0
    },
    "in_group_interaction_rate": 1.0,
    "out_group_interaction_rate": 0.0,
    "avg_in_group_trust": 0.04300782883836866,
    "avg_out_group_trust": 0.04300782883836866,
    "trust_asymmetry": 0.0,
    "group_segregation_index": 1.0,
    "total_mixing_events": 0,
    "mixing_event_success_rate": 0,
    "reputational_spillover_events": 0,
    "out_group_constraint_amplifications": 0,
    "group_extinction_events": 0
  },
  "interaction_metrics": {
    "total_interactions": 2368651,
    "avg_interaction_processing_time": 0.0
  }
}