{
  "run_id": 372,
  "parameters": {
    "shock_interval_years": 10,
    "homophily_bias": 0.0,
    "num_groups": 1,
    "out_group_trust_bias": 1.0449940952703263,
    "out_group_penalty": 1.4825191922807974,
    "intervention_interval": 0,
    "intervention_scale": 0.16551606186021084,
    "event_bonus": 1.5317034244408587,
    "base_trust_delta": 0.07061536479687405,
    "group_trust_bias": 1.4286495949436928,
    "resilience_profile": {
      "threshold": 0.1583368649891254,
      "noise": 0.05239300504333295
    },
    "turnover_rate": 0.024417251719913227,
    "social_diffusion": 0.0945162382194574,
    "max_rounds": 300,
    "initial_population": 200,
    "max_population": 800,
    "maslow_variation": 0.5,
    "constraint_threshold_range": [
      0.05,
      0.25
    ],
    "recovery_threshold": 0.3,
    "cooperation_bonus": 0.2,
    "trust_threshold": 0.6,
    "max_relationships_per_person": 150
  },
  "outcomes": {
    "final_cooperation_rate": 0.0,
    "final_constrained_rate": 1.0,
    "final_population": 6,
    "extinction_occurred": false,
    "rounds_completed": 300,
    "first_cascade_round": null,
    "total_cascade_events": 0,
    "total_shock_events": 7,
    "total_defections": 2119985,
    "total_redemptions": 355,
    "net_strategy_change": 2119630,
    "total_births": 524,
    "total_deaths": 715,
    "max_population_reached": 724,
    "population_stability": 0.5587175259606746,
    "population_growth": 3.62,
    "avg_system_stress": 1.208794357803,
    "max_system_stress": 1.827172230652371,
    "avg_maslow_pressure": 0.12392604911879183,
    "avg_basic_needs_crisis_rate": 0.5,
    "avg_trust_level": 0.15811312821402787,
    "cooperation_benefit_total": 0,
    "cooperation_resilience": 0.0
  },
  "maslow_hierarchy": {
    "initial_needs_avg": {
      "physiological": 4.338351824013762,
      "safety": 6.400798517656057,
      "love": 1.9448217939480517,
      "esteem": 1.8154009998809364,
      "self_actualization": 6.652526232828978
    },
    "final_needs_avg": {
      "physiological": 4.338351824013762,
      "safety": 6.400798517656057,
      "love": 1.9448217939480517,
      "esteem": 1.8154009998809364,
      "self_actualization": 6.652526232828978
    },
    "needs_improvement": {
      "physiological": 0.0,
      "safety": 0.0,
      "love": 0.0,
      "esteem": 0.0,
      "self_actualization": 0.0
    }
  },
  "inter_group_metrics": {
    "final_group_populations": {
      "A": 6
    },
    "final_group_cooperation_rates": {
      "A": 0.0
    },
    "in_group_interaction_rate": 1.0,
    "out_group_interaction_rate": 0.0,
    "avg_in_group_trust": 0.15811312821402787,
    "avg_out_group_trust": 0.15811312821402787,
    "trust_asymmetry": 0.0,
    "group_segregation_index": 1.0,
    "total_mixing_events": 0,
    "mixing_event_success_rate": 0,
    "reputational_spillover_events": 0,
    "out_group_constraint_amplifications": 0,
    "group_extinction_events": 0
  },
  "interaction_metrics": {
    "total_interactions": 2143148,
    "avg_interaction_processing_time": 0.0
  }
}