{
  "run_id": 124,
  "parameters": {
    "shock_interval_years": 2,
    "homophily_bias": 0.7976119935837054,
    "num_groups": 2,
    "out_group_trust_bias": 1.145560231211419,
    "out_group_penalty": 1.2795722468179995,
    "intervention_interval": 15,
    "intervention_scale": 0.21533811832442257,
    "event_bonus": 1.54447319492572,
    "base_trust_delta": 0.19088706675878792,
    "group_trust_bias": 1.5054311186968985,
    "resilience_profile": {
      "threshold": 0.15788853815892898,
      "noise": 0.03508308727015319
    },
    "turnover_rate": 0.03597133651957346,
    "social_diffusion": 0.03351872723031481,
    "max_rounds": 300,
    "initial_population": 200,
    "max_population": 800,
    "maslow_variation": 0.5,
    "constraint_threshold_range": [
      0.05,
      0.25
    ],
    "recovery_threshold": 0.3,
    "cooperation_bonus": 0.2,
    "trust_threshold": 0.6,
    "max_relationships_per_person": 150
  },
  "outcomes": {
    "final_cooperation_rate": 0.0,
    "final_constrained_rate": 1.0,
    "final_population": 2,
    "extinction_occurred": false,
    "rounds_completed": 300,
    "first_cascade_round": null,
    "total_cascade_events": 0,
    "total_shock_events": 37,
    "total_defections": 1177635,
    "total_redemptions": 171,
    "net_strategy_change": 1177464,
    "total_births": 204,
    "total_deaths": 402,
    "max_population_reached": 404,
    "population_stability": 0.6222307399869249,
    "population_growth": 2.02,
    "avg_system_stress": 8.267768884011652,
    "max_system_stress": 17.408419621602803,
    "avg_maslow_pressure": 0.0,
    "avg_basic_needs_crisis_rate": 0.0,
    "avg_trust_level": 0.10330562984529956,
    "cooperation_benefit_total": 0,
    "cooperation_resilience": 0.0
  },
  "maslow_hierarchy": {
    "initial_needs_avg": {
      "physiological": 5.851153495167411,
      "safety": 6.3739919200399715,
      "love": 0.6536043304438046,
      "esteem": 1.1449933802703498,
      "self_actualization": 9.469319683777563
    },
    "final_needs_avg": {
      "physiological": 5.851153495167411,
      "safety": 6.3739919200399715,
      "love": 0.6536043304438046,
      "esteem": 1.1449933802703498,
      "self_actualization": 9.469319683777563
    },
    "needs_improvement": {
      "physiological": 0.0,
      "safety": 0.0,
      "love": 0.0,
      "esteem": 0.0,
      "self_actualization": 0.0
    }
  },
  "inter_group_metrics": {
    "final_group_populations": {
      "A": 2
    },
    "final_group_cooperation_rates": {
      "A": 0.0
    },
    "in_group_interaction_rate": 0.8996516415966991,
    "out_group_interaction_rate": 0.10034835840330095,
    "avg_in_group_trust": 0.07747999449505578,
    "avg_out_group_trust": 0.12913126519554335,
    "trust_asymmetry": -0.05165127070048757,
    "group_segregation_index": 0.8996516415966991,
    "total_mixing_events": 20,
    "mixing_event_success_rate": 0.95,
    "reputational_spillover_events": 0,
    "out_group_constraint_amplifications": 0,
    "group_extinction_events": 0
  },
  "interaction_metrics": {
    "total_interactions": 1182690,
    "avg_interaction_processing_time": 0.0
  }
}