{
  "run_id": 99,
  "parameters": {
    "shock_interval_years": 5,
    "homophily_bias": 0.0,
    "num_groups": 1,
    "out_group_trust_bias": 1.0153254342203712,
    "out_group_penalty": 1.1974326570860878,
    "intervention_interval": 0,
    "intervention_scale": 0.07162854249729277,
    "event_bonus": 1.5389179064722436,
    "base_trust_delta": 0.12495897931363324,
    "group_trust_bias": 1.5954213477173604,
    "resilience_profile": {
      "threshold": 0.28314473005626795,
      "noise": 0.009673416669745393
    },
    "turnover_rate": 0.03893551599069737,
    "social_diffusion": 0.023618277158752657,
    "max_rounds": 300,
    "initial_population": 200,
    "max_population": 800,
    "maslow_variation": 0.5,
    "constraint_threshold_range": [
      0.05,
      0.25
    ],
    "recovery_threshold": 0.3,
    "cooperation_bonus": 0.2,
    "trust_threshold": 0.6,
    "max_relationships_per_person": 150
  },
  "outcomes": {
    "final_cooperation_rate": 0.0,
    "final_constrained_rate": 1.0,
    "final_population": 4,
    "extinction_occurred": false,
    "rounds_completed": 300,
    "first_cascade_round": null,
    "total_cascade_events": 0,
    "total_shock_events": 13,
    "total_defections": 1626397,
    "total_redemptions": 231,
    "net_strategy_change": 1626166,
    "total_births": 356,
    "total_deaths": 551,
    "max_population_reached": 556,
    "population_stability": 0.6288755067261511,
    "population_growth": 2.78,
    "avg_system_stress": 1.1451870683675318,
    "max_system_stress": 3.5576696968660437,
    "avg_maslow_pressure": 0.08701115209675028,
    "avg_basic_needs_crisis_rate": 0.0,
    "avg_trust_level": 0.0695686134534749,
    "cooperation_benefit_total": 0,
    "cooperation_resilience": 0.0
  },
  "maslow_hierarchy": {
    "initial_needs_avg": {
      "physiological": 5.556801050820962,
      "safety": 5.898501122279823,
      "love": 1.3233832019938871,
      "esteem": 1.9471593569738679,
      "self_actualization": 6.544762394001411
    },
    "final_needs_avg": {
      "physiological": 5.556801050820962,
      "safety": 5.898501122279823,
      "love": 1.3233832019938871,
      "esteem": 1.9471593569738679,
      "self_actualization": 6.544762394001411
    },
    "needs_improvement": {
      "physiological": 0.0,
      "safety": 0.0,
      "love": 0.0,
      "esteem": 0.0,
      "self_actualization": 0.0
    }
  },
  "inter_group_metrics": {
    "final_group_populations": {
      "A": 4
    },
    "final_group_cooperation_rates": {
      "A": 0.0
    },
    "in_group_interaction_rate": 1.0,
    "out_group_interaction_rate": 0.0,
    "avg_in_group_trust": 0.0695686134534749,
    "avg_out_group_trust": 0.0695686134534749,
    "trust_asymmetry": 0.0,
    "group_segregation_index": 1.0,
    "total_mixing_events": 0,
    "mixing_event_success_rate": 0,
    "reputational_spillover_events": 0,
    "out_group_constraint_amplifications": 0,
    "group_extinction_events": 0
  },
  "interaction_metrics": {
    "total_interactions": 1634823,
    "avg_interaction_processing_time": 0.0
  }
}